cell_id,cycle,capacity,soh,voltage_mean,voltage_max,voltage_min,voltage_std,current_mean,current_max,current_min,current_std,temp_mean,temp_max,temp_min,temp_std,discharge_time,ambient_temperature,dataset,capacity_prev,capacity_delta,rolling_decay_rate,temp_rise,voltage_range
CS2_35,1,1.1162,1.0038,3.6534,4.2,2.7545,0.3801,-0.5475,0.0,-0.56,0.25,22.082,28.4579,20.9322,2.1303,7275.96,22.0,calce_cs2,1.1162,0.0,0.0,6.457899999999999,1.4455
CS2_35,2,1.1113,0.9993,3.6524,4.2,2.7471,0.3802,-0.5491,0.0,-0.56,0.25,21.9166,28.3717,21.0764,2.1095,7303.46,22.0,calce_cs2,1.1162,-0.0049000000000001265,0.0,6.371700000000001,1.4529
CS2_35,3,1.114,1.0018,3.6529,4.2,2.7515,0.3803,-0.5415,0.0,-0.56,0.25,21.8068,28.3437,20.9892,2.1195,7294.34,22.0,calce_cs2,1.1113,0.0027000000000001467,0.0,6.343699999999998,1.4485000000000001
CS2_35,4,1.1082,0.9966,3.6532,4.2,2.7504,0.3804,-0.5468,0.0,-0.56,0.25,22.0549,28.4488,20.9397,2.0528,7261.26,22.0,calce_cs2,1.114,-0.005800000000000027,0.0,6.4487999999999985,1.4496000000000002
CS2_35,5,1.1067,0.9953,3.6594,4.2,2.7512,0.3805,-0.54,0.0,-0.56,0.25,21.9,28.5588,20.9091,2.1,7259.44,22.0,calce_cs2,1.1082,-0.0015000000000000568,0.0,6.5588000000000015,1.4488000000000003
CS2_35,6,1.1058,0.9944,3.6474,4.2,2.7532,0.3806,-0.5392,0.0,-0.56,0.25,21.9498,28.4218,20.9723,2.1074,7230.45,22.0,calce_cs2,1.1067,-0.0009000000000001229,-0.0020800000000000375,6.421800000000001,1.4468
CS2_35,7,1.1063,0.9949,3.6533,4.2,2.7454,0.3807,-0.5407,0.0,-0.56,0.25,21.8909,28.6325,21.0309,2.2042,7235.58,22.0,calce_cs2,1.1058,0.000500000000000167,-0.0009999999999999788,6.6325,1.4546000000000001
CS2_35,8,1.1048,0.9935,3.6509,4.2,2.7552,0.3808,-0.5502,0.0,-0.56,0.25,22.2636,28.396,20.9407,2.1094,7220.24,22.0,calce_cs2,1.1063,-0.0015000000000000568,-0.0018400000000000194,6.396000000000001,1.4448000000000003
CS2_35,9,1.1007,0.9898,3.6553,4.2,2.7548,0.3809,-0.5607,0.0,-0.56,0.25,22.1537,28.7315,20.9163,2.1646,7182.47,22.0,calce_cs2,1.1048,-0.0040999999999999925,-0.0015000000000000124,6.7315000000000005,1.4452000000000003
CS2_35,10,1.1016,0.9907,3.645,4.2,2.7524,0.381,-0.548,0.0,-0.56,0.25,22.065,28.4302,21.1234,2.1333,7202.48,22.0,calce_cs2,1.1007,0.0008999999999999009,-0.0010200000000000209,6.430199999999999,1.4476
CS2_35,11,1.1006,0.9898,3.654,4.2,2.7532,0.3811,-0.5545,0.0,-0.56,0.25,21.9954,28.7186,20.8422,2.0567,7214.88,22.0,calce_cs2,1.1016,-0.0009999999999998899,-0.0010399999999999743,6.718599999999999,1.4468
CS2_35,12,1.0985,0.9878,3.6548,4.2,2.7444,0.3812,-0.5569,0.0,-0.56,0.25,21.8866,28.5764,20.9671,2.0614,7191.69,22.0,calce_cs2,1.1006,-0.0020999999999999908,-0.0015600000000000058,6.5764,1.4556
CS2_35,13,1.0985,0.9878,3.6463,4.2,2.7532,0.3813,-0.5482,0.0,-0.56,0.25,21.9203,28.7114,21.0129,2.1417,7204.73,22.0,calce_cs2,1.0985,0.0,-0.0012599999999999944,6.711400000000001,1.4468
CS2_35,14,1.0985,0.9879,3.6491,4.2,2.7465,0.3814,-0.5471,0.0,-0.56,0.25,21.8593,28.6835,21.0021,2.0161,7195.19,22.0,calce_cs2,1.0985,0.0,-0.00043999999999999595,6.683499999999999,1.4535
CS2_35,15,1.0974,0.9869,3.6567,4.2,2.751,0.3815,-0.5385,0.0,-0.56,0.25,22.1452,28.4582,21.0245,2.1122,7195.92,22.0,calce_cs2,1.0985,-0.001100000000000101,-0.0008399999999999963,6.4582000000000015,1.4490000000000003
CS2_35,16,1.0945,0.9843,3.6421,4.2,2.7471,0.3816,-0.5488,0.0,-0.56,0.25,22.0856,28.6427,21.054,2.0913,7175.89,22.0,calce_cs2,1.0974,-0.0028999999999999027,-0.0012199999999999989,6.642700000000001,1.4529
CS2_35,17,1.0961,0.9857,3.6407,4.2,2.7517,0.3817,-0.549,0.0,-0.56,0.25,21.9475,28.9341,20.9223,2.0239,7191.34,22.0,calce_cs2,1.0945,0.0016000000000000458,-0.00047999999999999156,6.934100000000001,1.4483000000000001
CS2_35,18,1.0971,0.9866,3.6452,4.2,2.7468,0.3818,-0.557,0.0,-0.56,0.25,22.0429,28.5984,21.001,2.1047,7199.65,22.0,calce_cs2,1.0961,0.0009999999999998899,-0.0002800000000000136,6.598400000000002,1.4532000000000003
CS2_35,19,1.0931,0.983,3.631,4.2,2.7481,0.3819,-0.5583,0.0,-0.56,0.25,21.7446,28.8395,21.0142,2.0687,7148.68,22.0,calce_cs2,1.0971,-0.0040000000000000036,-0.0010800000000000143,6.839500000000001,1.4519000000000002
CS2_35,20,1.0979,0.9874,3.6488,4.2,2.7545,0.382,-0.5483,0.0,-0.56,0.25,21.9494,28.5981,20.9244,2.2015,7170.86,22.0,calce_cs2,1.0931,0.0048000000000001375,0.0001000000000000334,6.598099999999999,1.4455
CS2_35,21,1.0911,0.9812,3.6318,4.2,2.7438,0.3821,-0.5482,0.0,-0.56,0.25,22.1239,28.5148,21.017,2.1412,7163.38,22.0,calce_cs2,1.0979,-0.006800000000000139,-0.0006800000000000139,6.514800000000001,1.4562000000000004
CS2_35,22,1.0928,0.9827,3.6338,4.2,2.746,0.3822,-0.5462,0.0,-0.56,0.25,21.992,28.6235,21.0551,2.1041,7146.66,22.0,calce_cs2,1.0911,0.0017000000000000348,-0.0006600000000000162,6.6235,1.4540000000000002
CS2_35,23,1.0922,0.9822,3.6281,4.2,2.7541,0.3823,-0.5522,0.0,-0.56,0.25,22.2681,28.3562,21.0627,2.1206,7156.46,22.0,calce_cs2,1.0928,-0.0005999999999999339,-0.0009799999999999809,6.356200000000001,1.4459
CS2_35,24,1.0926,0.9825,3.6458,4.2,2.7473,0.3824,-0.5577,0.0,-0.56,0.25,22.1445,28.8293,20.9642,2.1133,7157.5,22.0,calce_cs2,1.0922,0.00039999999999995595,-9.999999999998899e-05,6.8293,1.4527
CS2_35,25,1.0925,0.9825,3.6431,4.2,2.752,0.3825,-0.5532,0.0,-0.56,0.25,22.1333,28.4032,20.969,2.0557,7130.55,22.0,calce_cs2,1.0926,-9.999999999998899e-05,-0.0010800000000000143,6.403199999999998,1.4480000000000004
CS2_35,26,1.0905,0.9807,3.6448,4.2,2.7446,0.3826,-0.5529,0.0,-0.56,0.25,22.2451,28.8323,20.9344,2.0485,7115.0,22.0,calce_cs2,1.0925,-0.0020000000000000018,-0.00011999999999998679,6.8323,1.4554
CS2_35,27,1.0873,0.9778,3.6488,4.2,2.7436,0.3827,-0.5486,0.0,-0.56,0.25,22.19,28.6501,21.1645,2.0565,7128.56,22.0,calce_cs2,1.0905,-0.0032000000000000917,-0.001100000000000012,6.650099999999998,1.4564000000000004
CS2_35,28,1.0852,0.9759,3.6355,4.2,2.7547,0.3828,-0.5549,0.0,-0.56,0.25,21.9811,28.9885,20.8986,2.0599,7099.33,22.0,calce_cs2,1.0873,-0.0020999999999999908,-0.0014000000000000234,6.988499999999998,1.4453
CS2_35,29,1.0877,0.9781,3.6463,4.2,2.7571,0.3829,-0.5436,0.0,-0.56,0.25,22.121,28.8145,20.9781,2.089,7129.63,22.0,calce_cs2,1.0852,0.0024999999999999467,-0.0009800000000000253,6.814499999999999,1.4429000000000003
CS2_35,30,1.0844,0.9752,3.644,4.2,2.7552,0.383,-0.5554,0.0,-0.56,0.25,22.1153,28.6424,21.0234,2.1417,7095.95,22.0,calce_cs2,1.0877,-0.0032999999999998586,-0.0016199999999999993,6.6423999999999985,1.4448000000000003
CS2_35,31,1.0862,0.9768,3.6416,4.2,2.7489,0.3831,-0.5401,0.0,-0.56,0.25,21.9974,28.6585,20.842,2.0127,7081.2,22.0,calce_cs2,1.0844,0.0018000000000000238,-0.0008599999999999941,6.6585,1.4511000000000003
CS2_35,32,1.0847,0.9754,3.6316,4.2,2.7586,0.3832,-0.5523,0.0,-0.56,0.25,22.2263,28.7216,21.0495,1.9974,7097.23,22.0,calce_cs2,1.0862,-0.0015000000000000568,-0.0005199999999999872,6.721599999999999,1.4414000000000002
CS2_35,33,1.0836,0.9744,3.6409,4.2,2.7554,0.3833,-0.5495,0.0,-0.56,0.25,22.1425,28.7227,20.9922,2.0842,7078.01,22.0,calce_cs2,1.0847,-0.001100000000000101,-0.0003200000000000092,6.7227,1.4446000000000003
CS2_35,34,1.0844,0.9752,3.6279,4.2,2.7516,0.3834,-0.545,0.0,-0.56,0.25,22.1703,28.8368,21.1079,2.0811,7127.15,22.0,calce_cs2,1.0836,0.0008000000000001339,-0.0006599999999999717,6.8368,1.4484000000000004
CS2_35,35,1.0813,0.9724,3.6347,4.2,2.7604,0.3835,-0.5546,0.0,-0.56,0.25,22.2027,28.4164,20.9915,2.1022,7092.43,22.0,calce_cs2,1.0844,-0.0031000000000001027,-0.0006200000000000205,6.416399999999999,1.4396
CS2_35,36,1.0831,0.974,3.6345,4.2,2.747,0.3836,-0.5628,0.0,-0.56,0.25,22.1346,28.9215,21.0049,2.0229,7076.87,22.0,calce_cs2,1.0813,0.0018000000000000238,-0.0006200000000000205,6.921500000000002,1.4530000000000003
CS2_35,37,1.0843,0.9751,3.6228,4.2,2.7501,0.3837,-0.5509,0.0,-0.56,0.25,22.2093,28.7853,20.9817,2.1347,7116.73,22.0,calce_cs2,1.0831,0.0012000000000000899,-7.999999999999118e-05,6.785299999999999,1.4499
CS2_35,38,1.081,0.9721,3.6423,4.2,2.7448,0.3838,-0.5564,0.0,-0.56,0.25,22.2994,28.8189,20.9762,2.1378,7101.86,22.0,calce_cs2,1.0843,-0.0033000000000000806,-0.0005199999999999872,6.818899999999999,1.4552
CS2_35,39,1.0806,0.9718,3.6376,4.2,2.7537,0.3839,-0.5461,0.0,-0.56,0.25,22.1337,28.6148,20.9661,1.9793,7065.08,22.0,calce_cs2,1.081,-0.00039999999999995595,-0.0007600000000000051,6.614799999999999,1.4463000000000004
CS2_35,40,1.0795,0.9707,3.6237,4.2,2.7568,0.384,-0.541,0.0,-0.56,0.25,21.9963,28.7389,20.9824,2.0846,7052.93,22.0,calce_cs2,1.0806,-0.001100000000000101,-0.00036000000000000474,6.738900000000001,1.4432
CS2_35,41,1.0769,0.9684,3.6306,4.2,2.7426,0.3841,-0.5559,0.0,-0.56,0.25,22.2313,28.739,21.0412,2.013,7051.94,22.0,calce_cs2,1.0795,-0.0025999999999999357,-0.0012399999999999967,6.739000000000001,1.4574000000000003
CS2_35,42,1.0764,0.968,3.6413,4.2,2.7513,0.3842,-0.5494,0.0,-0.56,0.25,22.2175,28.7252,20.9431,2.1432,7034.7,22.0,calce_cs2,1.0769,-0.0004999999999999449,-0.0015800000000000037,6.725200000000001,1.4487
CS2_35,43,1.0779,0.9693,3.6404,4.2,2.7478,0.3843,-0.5548,0.0,-0.56,0.25,22.5051,28.7576,21.007,2.087,7066.82,22.0,calce_cs2,1.0764,0.0015000000000000568,-0.0006199999999999761,6.7576,1.4522000000000004
CS2_35,44,1.0731,0.965,3.6449,4.2,2.7485,0.3844,-0.544,0.0,-0.56,0.25,22.2101,28.5721,20.9244,2.0799,6997.21,22.0,calce_cs2,1.0779,-0.0048000000000001375,-0.0015000000000000124,6.572099999999999,1.4515000000000002
CS2_35,45,1.0816,0.9726,3.6322,4.2,2.7501,0.3845,-0.5558,0.0,-0.56,0.25,22.0599,28.7848,21.0244,2.0487,7067.68,22.0,calce_cs2,1.0731,0.008499999999999952,0.0004199999999999982,6.784800000000001,1.4499
CS2_35,46,1.0766,0.9681,3.6275,4.2,2.7452,0.3846,-0.5529,0.0,-0.56,0.25,22.1367,28.9439,21.1001,2.0804,7042.98,22.0,calce_cs2,1.0816,-0.004999999999999893,-5.9999999999993395e-05,6.943899999999999,1.4548
CS2_35,47,1.0726,0.9645,3.6301,4.2,2.7538,0.3847,-0.5479,0.0,-0.56,0.25,22.3202,29.0993,21.048,2.1359,7014.23,22.0,calce_cs2,1.0766,-0.0040000000000000036,-0.0007600000000000051,7.0992999999999995,1.4462000000000002
CS2_35,48,1.0685,0.9609,3.6401,4.2,2.7562,0.3848,-0.546,0.0,-0.56,0.25,22.1802,28.9362,21.0594,2.155,6978.44,22.0,calce_cs2,1.0726,-0.0040999999999999925,-0.001880000000000015,6.9361999999999995,1.4438
CS2_35,49,1.075,0.9667,3.6249,4.2,2.7448,0.3849,-0.5542,0.0,-0.56,0.25,22.188,28.6833,21.0263,2.117,7050.16,22.0,calce_cs2,1.0685,0.00649999999999995,0.00038000000000000257,6.683299999999999,1.4552
CS2_35,50,1.0719,0.9639,3.6239,4.2,2.7438,0.385,-0.5518,0.0,-0.56,0.25,22.263,29.1853,20.9148,2.1913,7011.78,22.0,calce_cs2,1.075,-0.0030999999999998806,-0.0019399999999999639,7.185300000000002,1.4562000000000004
CS2_35,51,1.0741,0.9659,3.6207,4.2,2.7491,0.3851,-0.5484,0.0,-0.56,0.25,22.2484,28.7976,20.9911,2.1331,7014.87,22.0,calce_cs2,1.0719,0.0021999999999999797,-0.0004999999999999894,6.797599999999999,1.4509000000000003
CS2_35,52,1.0663,0.9589,3.6209,4.2,2.7537,0.3852,-0.5485,0.0,-0.56,0.25,22.0877,28.9452,20.9993,2.0527,6989.12,22.0,calce_cs2,1.0741,-0.007800000000000029,-0.0012599999999999944,6.9452,1.4463000000000004
CS2_35,53,1.0725,0.9645,3.6267,4.2,2.7409,0.3853,-0.5448,0.0,-0.56,0.25,22.0883,28.5657,20.8208,2.04,7003.46,22.0,calce_cs2,1.0663,0.006199999999999983,0.0008000000000000007,6.5657,1.4591000000000003
CS2_35,54,1.0741,0.9659,3.631,4.2,2.7529,0.3854,-0.5514,0.0,-0.56,0.25,21.9514,29.0995,20.9442,2.1179,7030.8,22.0,calce_cs2,1.0725,0.0016000000000000458,-0.00017999999999998017,7.099499999999999,1.4471000000000003
CS2_35,55,1.0677,0.9602,3.6347,4.2,2.7484,0.3855,-0.5389,0.0,-0.56,0.25,22.3714,28.7671,21.005,2.1035,6964.32,22.0,calce_cs2,1.0741,-0.006399999999999961,-0.0008399999999999963,6.767099999999999,1.4516
CS2_35,56,1.0701,0.9623,3.6192,4.2,2.7462,0.3856,-0.544,0.0,-0.56,0.25,22.1296,28.9988,21.0543,2.2088,7003.99,22.0,calce_cs2,1.0677,0.0023999999999999577,-0.0008000000000000007,6.998799999999999,1.4538000000000002
CS2_35,57,1.0623,0.9553,3.6393,4.2,2.7448,0.3857,-0.5402,0.0,-0.56,0.25,22.1555,29.0301,20.9624,2.0672,6949.81,22.0,calce_cs2,1.0701,-0.007800000000000029,-0.0008000000000000007,7.030100000000001,1.4552
CS2_35,58,1.0684,0.9608,3.6221,4.2,2.7431,0.3858,-0.5404,0.0,-0.56,0.25,22.4315,28.7936,20.9287,2.0104,7014.76,22.0,calce_cs2,1.0623,0.006099999999999994,-0.0008199999999999985,6.793600000000001,1.4569
CS2_35,59,1.0668,0.9594,3.6303,4.2,2.7445,0.3859,-0.5516,0.0,-0.56,0.25,22.5215,28.8688,21.0201,2.0535,6972.12,22.0,calce_cs2,1.0684,-0.0016000000000000458,-0.0014600000000000168,6.8688,1.4555000000000002
CS2_35,60,1.0626,0.9556,3.6227,4.2,2.7483,0.386,-0.5474,0.0,-0.56,0.25,22.0697,28.7485,20.8877,2.0735,6939.68,22.0,calce_cs2,1.0668,-0.0041999999999999815,-0.0010200000000000209,6.7485,1.4517000000000002
CS2_35,61,1.0644,0.9572,3.6283,4.2,2.745,0.3861,-0.5422,0.0,-0.56,0.25,22.3217,28.9667,21.0515,2.0542,6981.3,22.0,calce_cs2,1.0626,0.0018000000000000238,-0.0011400000000000078,6.9666999999999994,1.455
CS2_35,62,1.0664,0.959,3.6358,4.2,2.7475,0.3862,-0.5543,0.0,-0.56,0.25,22.1606,28.6662,20.9449,2.1796,6955.33,22.0,calce_cs2,1.0644,0.0020000000000000018,0.0008199999999999985,6.6662,1.4525000000000001
CS2_35,63,1.0662,0.9589,3.6154,4.2,2.7369,0.3863,-0.5465,0.0,-0.56,0.25,22.1087,29.0241,20.9215,1.9645,6967.95,22.0,calce_cs2,1.0664,-0.00019999999999997797,-0.00043999999999999595,7.024100000000001,1.4631000000000003
CS2_35,64,1.0687,0.961,3.6226,4.2,2.7543,0.3864,-0.5447,0.0,-0.56,0.25,22.1741,28.7,21.0271,2.0551,7001.42,22.0,calce_cs2,1.0662,0.0024999999999999467,0.00038000000000000257,6.699999999999999,1.4457
CS2_35,65,1.0608,0.9539,3.6301,4.2,2.7445,0.3865,-0.5492,0.0,-0.56,0.25,22.2658,28.8067,20.9504,2.1296,6959.35,22.0,calce_cs2,1.0687,-0.007900000000000018,-0.00036000000000000474,6.806699999999999,1.4555000000000002
CS2_35,66,1.0592,0.9525,3.629,4.2,2.7494,0.3866,-0.5528,0.0,-0.56,0.25,22.3939,28.925,20.8569,2.1776,6899.75,22.0,calce_cs2,1.0608,-0.0016000000000000458,-0.0010400000000000188,6.925000000000001,1.4506000000000001
CS2_35,67,1.0584,0.9518,3.6208,4.2,2.7529,0.3867,-0.5463,0.0,-0.56,0.25,22.254,28.7884,20.9911,2.0739,6928.65,22.0,calce_cs2,1.0592,-0.0007999999999999119,-0.0016000000000000014,6.788399999999999,1.4471000000000003
CS2_35,68,1.0567,0.9503,3.6198,4.2,2.7479,0.3868,-0.5533,0.0,-0.56,0.25,22.3418,28.8541,20.987,2.0683,6944.08,22.0,calce_cs2,1.0584,-0.0017000000000000348,-0.0019000000000000128,6.854099999999999,1.4521000000000002
CS2_35,69,1.0547,0.9485,3.6204,4.2,2.7512,0.3869,-0.5516,0.0,-0.56,0.25,22.0956,28.92,21.0218,2.1453,6898.42,22.0,calce_cs2,1.0567,-0.0020000000000000018,-0.0028000000000000026,6.920000000000002,1.4488000000000003
CS2_35,70,1.0558,0.9494,3.6278,4.2,2.7487,0.387,-0.5524,0.0,-0.56,0.25,22.2456,28.8884,20.9743,2.0907,6914.1,22.0,calce_cs2,1.0547,0.001100000000000101,-0.0009999999999999788,6.888400000000001,1.4513000000000003
CS2_35,71,1.0569,0.9504,3.6248,4.2,2.7594,0.3871,-0.5432,0.0,-0.56,0.25,22.3946,29.0015,20.8782,2.1496,6917.38,22.0,calce_cs2,1.0558,0.0010999999999998789,-0.0004599999999999937,7.0015,1.4406000000000003
CS2_35,72,1.0561,0.9497,3.6184,4.2,2.7525,0.3872,-0.5416,0.0,-0.56,0.25,22.1478,28.9897,20.9961,2.0927,6909.14,22.0,calce_cs2,1.0569,-0.0007999999999999119,-0.0004599999999999937,6.989699999999999,1.4475000000000002
CS2_35,73,1.0589,0.9522,3.6273,4.2,2.7567,0.3873,-0.5432,0.0,-0.56,0.25,22.3314,29.0369,20.9582,2.0645,6919.71,22.0,calce_cs2,1.0561,0.0027999999999999137,0.00043999999999999595,7.036899999999999,1.4433000000000002
CS2_35,74,1.0552,0.9489,3.617,4.2,2.7535,0.3874,-0.5538,0.0,-0.56,0.25,22.3134,28.8746,20.9687,2.0755,6949.71,22.0,calce_cs2,1.0589,-0.0037000000000000366,9.999999999998899e-05,6.874600000000001,1.4465000000000003
CS2_35,75,1.0546,0.9484,3.615,4.2,2.7498,0.3875,-0.551,0.0,-0.56,0.25,22.0976,28.7745,21.0413,2.0556,6924.18,22.0,calce_cs2,1.0552,-0.0005999999999999339,-0.00024000000000001798,6.7745,1.4502000000000002
CS2_35,76,1.053,0.9469,3.6194,4.2,2.753,0.3876,-0.5475,0.0,-0.56,0.25,22.296,28.929,21.1574,2.1054,6874.93,22.0,calce_cs2,1.0546,-0.0016000000000000458,-0.0007800000000000029,6.9289999999999985,1.447
CS2_35,77,1.0578,0.9513,3.6092,4.2,2.756,0.3877,-0.552,0.0,-0.56,0.25,22.1842,28.9661,20.8971,2.1372,6912.62,22.0,calce_cs2,1.053,0.0048000000000001375,0.00034000000000000696,6.966100000000001,1.4440000000000004
CS2_35,78,1.0482,0.9427,3.6249,4.2,2.748,0.3878,-0.5589,0.0,-0.56,0.25,22.554,28.6709,21.0488,2.1958,6879.22,22.0,calce_cs2,1.0578,-0.009600000000000053,-0.0021399999999999865,6.6709,1.452
CS2_35,79,1.0532,0.9471,3.6065,4.2,2.7467,0.3879,-0.5469,0.0,-0.56,0.25,22.051,28.954,20.9523,2.0128,6881.0,22.0,calce_cs2,1.0482,0.004999999999999893,-0.00040000000000000034,6.954000000000001,1.4533
CS2_35,80,1.0548,0.9486,3.6289,4.2,2.7534,0.388,-0.5527,0.0,-0.56,0.25,22.0137,28.8057,20.9365,2.2023,6891.13,22.0,calce_cs2,1.0532,0.0016000000000000458,3.999999999999559e-05,6.805700000000002,1.4466
CS2_35,81,1.0516,0.9456,3.6073,4.2,2.7528,0.3881,-0.5496,0.0,-0.56,0.25,22.1464,28.8727,20.9658,2.095,6892.9,22.0,calce_cs2,1.0548,-0.0031999999999998696,-0.0002799999999999692,6.872699999999998,1.4472
CS2_35,82,1.0479,0.9424,3.619,4.2,2.7556,0.3882,-0.5524,0.0,-0.56,0.25,22.3608,28.8106,20.9789,2.1034,6826.65,22.0,calce_cs2,1.0516,-0.0037000000000000366,-0.001980000000000004,6.810600000000001,1.4444000000000004
CS2_35,83,1.0477,0.9421,3.621,4.2,2.7493,0.3883,-0.5467,0.0,-0.56,0.25,22.3246,28.9208,20.8372,2.101,6853.83,22.0,calce_cs2,1.0479,-0.00019999999999997797,-9.999999999998899e-05,6.9208,1.4507000000000003
CS2_35,84,1.0508,0.9449,3.6166,4.2,2.7555,0.3884,-0.5527,0.0,-0.56,0.25,22.4241,29.1574,20.9809,2.1391,6872.26,22.0,calce_cs2,1.0477,0.0030999999999998806,-0.00047999999999999156,7.157399999999999,1.4445000000000001
CS2_35,85,1.0475,0.942,3.6069,4.2,2.7398,0.3885,-0.5487,0.0,-0.56,0.25,22.2899,28.8945,20.957,2.127,6831.13,22.0,calce_cs2,1.0508,-0.0032999999999998586,-0.0014599999999999724,6.894500000000001,1.4602000000000004
CS2_35,86,1.046,0.9407,3.617,4.2,2.751,0.3886,-0.55,0.0,-0.56,0.25,22.3678,29.1153,20.993,2.1278,6849.41,22.0,calce_cs2,1.0475,-0.0015000000000000568,-0.0011200000000000099,7.115300000000001,1.4490000000000003
CS2_35,87,1.0473,0.9418,3.6137,4.2,2.7482,0.3887,-0.5432,0.0,-0.56,0.25,22.3019,28.9159,21.103,2.0846,6849.76,22.0,calce_cs2,1.046,0.0012999999999998568,-0.00012000000000003119,6.915900000000001,1.4518
CS2_35,88,1.0394,0.9347,3.6174,4.2,2.7533,0.3888,-0.5439,0.0,-0.56,0.25,22.4395,29.3344,21.0927,2.0131,6805.56,22.0,calce_cs2,1.0473,-0.007899999999999796,-0.0016599999999999948,7.334399999999999,1.4467000000000003
CS2_35,89,1.0468,0.9414,3.6132,4.2,2.7537,0.3889,-0.5542,0.0,-0.56,0.25,22.3219,28.9323,21.0872,2.0949,6874.93,22.0,calce_cs2,1.0394,0.007399999999999851,-0.0008000000000000007,6.9323000000000015,1.4463000000000004
CS2_35,90,1.0436,0.9385,3.615,4.2,2.7447,0.389,-0.5438,0.0,-0.56,0.25,22.3193,28.9354,21.0149,2.1869,6838.62,22.0,calce_cs2,1.0468,-0.0031999999999998696,-0.0007800000000000029,6.935400000000001,1.4553000000000003
CS2_35,91,1.0441,0.939,3.6082,4.2,2.7553,0.3891,-0.5408,0.0,-0.56,0.25,22.5695,29.145,20.9284,2.0403,6817.87,22.0,calce_cs2,1.0436,0.0004999999999999449,-0.00038000000000000257,7.145,1.4447
CS2_35,92,1.0432,0.9381,3.6013,4.2,2.754,0.3892,-0.551,0.0,-0.56,0.25,22.3469,29.1518,21.0066,2.1226,6809.46,22.0,calce_cs2,1.0441,-0.0009000000000001229,-0.0008199999999999985,7.1518000000000015,1.4460000000000002
CS2_35,93,1.0436,0.9385,3.6106,4.2,2.7477,0.3893,-0.5536,0.0,-0.56,0.25,22.1777,29.1696,21.0132,2.0514,6819.77,22.0,calce_cs2,1.0432,0.000400000000000178,0.0008399999999999963,7.169599999999999,1.4523000000000001
CS2_35,94,1.042,0.9371,3.6144,4.2,2.7541,0.3894,-0.5526,0.0,-0.56,0.25,22.4189,29.0205,20.9556,2.1129,6818.77,22.0,calce_cs2,1.0436,-0.0016000000000000458,-0.0009599999999999831,7.020499999999998,1.4459
CS2_35,95,1.0434,0.9383,3.6139,4.2,2.7485,0.3895,-0.5528,0.0,-0.56,0.25,22.3452,29.152,20.8603,2.1857,6843.57,22.0,calce_cs2,1.042,0.0014000000000000679,-3.999999999999559e-05,7.152000000000001,1.4515000000000002
CS2_35,96,1.0394,0.9347,3.6117,4.2,2.7401,0.3896,-0.5553,0.0,-0.56,0.25,22.4515,29.1418,20.8824,2.1351,6826.6,22.0,calce_cs2,1.0434,-0.0040000000000000036,-0.0009399999999999853,7.1418,1.4599000000000002
CS2_35,97,1.0437,0.9385,3.6123,4.2,2.7504,0.3897,-0.5474,0.0,-0.56,0.25,22.4923,29.2103,21.0629,2.0663,6829.16,22.0,calce_cs2,1.0394,0.0042999999999999705,0.0001000000000000334,7.2103,1.4496000000000002
CS2_35,98,1.0358,0.9315,3.6255,4.2,2.744,0.3898,-0.5488,0.0,-0.56,0.25,22.5173,29.038,21.0866,2.1237,6770.8,22.0,calce_cs2,1.0437,-0.007900000000000018,-0.0015600000000000058,7.038,1.456
CS2_35,99,1.0364,0.932,3.6116,4.2,2.7446,0.3899,-0.552,0.0,-0.56,0.25,22.2321,29.1093,21.1508,2.0598,6797.97,22.0,calce_cs2,1.0358,0.0005999999999999339,-0.0011200000000000099,7.109300000000001,1.4554
CS2_35,100,1.0396,0.9349,3.6068,4.2,2.7442,0.39,-0.5394,0.0,-0.56,0.25,22.4589,29.0603,21.0358,2.1481,6824.54,22.0,calce_cs2,1.0364,0.0032000000000000917,-0.0007600000000000051,7.060300000000002,1.4558
CS2_35,101,1.04,0.9353,3.6141,4.2,2.7493,0.3901,-0.554,0.0,-0.56,0.25,22.3869,29.0692,20.7199,2.1095,6816.07,22.0,calce_cs2,1.0396,0.00039999999999995595,0.00011999999999998679,7.069199999999999,1.4507000000000003
CS2_35,102,1.039,0.9344,3.6117,4.2,2.7602,0.3902,-0.5535,0.0,-0.56,0.25,22.7256,29.1108,20.8509,2.0645,6802.71,22.0,calce_cs2,1.04,-0.001000000000000112,-0.0009400000000000297,7.110800000000001,1.4398
CS2_35,103,1.0317,0.9278,3.608,4.2,2.746,0.3903,-0.5528,0.0,-0.56,0.25,22.4597,29.0564,20.9506,2.1279,6767.63,22.0,calce_cs2,1.039,-0.007299999999999862,-0.0008199999999999985,7.0564,1.4540000000000002
CS2_35,104,1.0368,0.9323,3.6187,4.2,2.7448,0.3904,-0.5553,0.0,-0.56,0.25,22.2758,29.2245,20.952,2.1595,6772.13,22.0,calce_cs2,1.0317,0.005099999999999882,7.999999999999118e-05,7.224499999999999,1.4552
CS2_35,105,1.0311,0.9272,3.5976,4.2,2.7518,0.3905,-0.5584,0.0,-0.56,0.25,22.3133,29.1544,21.035,2.1036,6741.03,22.0,calce_cs2,1.0368,-0.005700000000000038,-0.0017000000000000348,7.154399999999999,1.4482000000000004
CS2_35,106,1.0326,0.9286,3.6052,4.2,2.751,0.3906,-0.5468,0.0,-0.56,0.25,22.3644,29.2174,20.994,2.0808,6765.66,22.0,calce_cs2,1.0311,0.0015000000000000568,-0.0014800000000000147,7.217400000000001,1.4490000000000003
CS2_35,107,1.0316,0.9277,3.6077,4.2,2.7524,0.3907,-0.55,0.0,-0.56,0.25,22.2424,28.8535,21.0282,2.056,6733.33,22.0,calce_cs2,1.0326,-0.0009999999999998899,-0.0014799999999999703,6.8535,1.4476
CS2_35,108,1.0334,0.9293,3.602,4.2,2.7459,0.3908,-0.5528,0.0,-0.56,0.25,22.4596,29.0237,20.9177,2.0408,6753.17,22.0,calce_cs2,1.0316,0.0018000000000000238,0.00034000000000000696,7.023700000000002,1.4541000000000004
CS2_35,109,1.0272,0.9237,3.5973,4.2,2.7514,0.3909,-0.5552,0.0,-0.56,0.25,22.3548,29.1763,20.9336,2.0601,6742.46,22.0,calce_cs2,1.0334,-0.006200000000000205,-0.0019200000000000107,7.176300000000001,1.4486000000000003
CS2_35,110,1.0309,0.9271,3.6137,4.2,2.7383,0.391,-0.5432,0.0,-0.56,0.25,22.402,29.2805,20.9541,2.0971,6729.71,22.0,calce_cs2,1.0272,0.0037000000000000366,-3.999999999999559e-05,7.2805,1.4617
CS2_35,111,1.0302,0.9264,3.6149,4.2,2.7463,0.3911,-0.5428,0.0,-0.56,0.25,22.461,29.0729,20.972,2.0684,6757.36,22.0,calce_cs2,1.0309,-0.0006999999999999229,-0.00047999999999999156,7.072900000000001,1.4537
CS2_35,112,1.0304,0.9266,3.6118,4.2,2.7439,0.3912,-0.5504,0.0,-0.56,0.25,22.5795,29.3397,20.9706,2.154,6749.79,22.0,calce_cs2,1.0302,0.00019999999999997797,-0.00024000000000001798,7.339700000000001,1.4561000000000002
CS2_35,113,1.0267,0.9233,3.6149,4.2,2.7496,0.3913,-0.5527,0.0,-0.56,0.25,22.3786,29.1184,20.9752,2.1333,6704.04,22.0,calce_cs2,1.0304,-0.0037000000000000366,-0.00134000000000003,7.118400000000001,1.4504000000000001
CS2_35,114,1.0275,0.924,3.61,4.2,2.7485,0.3914,-0.5443,0.0,-0.56,0.25,22.445,29.1381,20.984,2.0576,6718.23,22.0,calce_cs2,1.0267,0.0008000000000001339,6.00000000000378e-05,7.138100000000001,1.4515000000000002
CS2_35,115,1.029,0.9253,3.6089,4.2,2.749,0.3915,-0.5539,0.0,-0.56,0.25,22.3584,29.0681,20.9133,1.9958,6760.69,22.0,calce_cs2,1.0275,0.0014999999999998348,-0.00038000000000000257,7.068100000000001,1.451
CS2_35,116,1.0256,0.9223,3.59,4.2,2.7471,0.3916,-0.5601,0.0,-0.56,0.25,22.5942,29.2892,20.9487,2.1003,6700.15,22.0,calce_cs2,1.029,-0.0033999999999998476,-0.0009199999999999875,7.289200000000001,1.4529
CS2_35,117,1.0268,0.9234,3.6078,4.2,2.7463,0.3917,-0.5564,0.0,-0.56,0.25,22.4331,29.3056,20.9751,2.1918,6712.11,22.0,calce_cs2,1.0256,0.0011999999999998678,-0.0007200000000000095,7.305599999999998,1.4537
CS2_35,118,1.0335,0.9294,3.6144,4.2,2.746,0.3918,-0.5457,0.0,-0.56,0.25,22.647,29.4697,20.9918,2.0476,6741.65,22.0,calce_cs2,1.0268,0.00670000000000015,0.0013600000000000279,7.4697,1.4540000000000002
CS2_35,119,1.0238,0.9207,3.5914,4.2,2.7559,0.3919,-0.5513,0.0,-0.56,0.25,22.5274,29.216,21.0173,2.0855,6716.39,22.0,calce_cs2,1.0335,-0.009700000000000042,-0.0007400000000000074,7.216000000000001,1.4441000000000002
CS2_35,120,1.0239,0.9207,3.5963,4.2,2.7512,0.392,-0.5459,0.0,-0.56,0.25,22.5048,29.3602,21.0138,2.1052,6704.47,22.0,calce_cs2,1.0238,9.999999999998899e-05,-0.0010199999999999764,7.360199999999999,1.4488000000000003
CS2_35,121,1.0258,0.9225,3.604,4.2,2.7492,0.3921,-0.554,0.0,-0.56,0.25,22.6046,29.2273,21.1874,2.2034,6725.86,22.0,calce_cs2,1.0239,0.0019000000000000128,3.999999999999559e-05,7.2273,1.4508
CS2_35,122,1.0242,0.9211,3.607,4.2,2.7426,0.3922,-0.561,0.0,-0.56,0.25,22.3651,29.3449,21.0674,2.1176,6716.68,22.0,calce_cs2,1.0258,-0.0016000000000000458,-0.0005199999999999872,7.344899999999999,1.4574000000000003
CS2_35,123,1.0217,0.9188,3.6081,4.2,2.7515,0.3923,-0.5492,0.0,-0.56,0.25,22.5509,29.1442,20.9897,2.1112,6705.73,22.0,calce_cs2,1.0242,-0.0024999999999999467,-0.0023600000000000066,7.144200000000001,1.4485000000000001
CS2_35,124,1.021,0.9182,3.6051,4.2,2.7472,0.3924,-0.5501,0.0,-0.56,0.25,22.5025,29.222,20.9143,2.0616,6709.74,22.0,calce_cs2,1.0217,-0.000700000000000145,-0.0005600000000000272,7.222000000000001,1.4528000000000003
CS2_35,125,1.0199,0.9171,3.6033,4.2,2.7393,0.3925,-0.559,0.0,-0.56,0.25,22.3935,29.2659,21.1414,2.1175,6671.6,22.0,calce_cs2,1.021,-0.0010999999999998789,-0.0008000000000000007,7.2658999999999985,1.4607
CS2_35,126,1.0183,0.9158,3.5968,4.2,2.7523,0.3926,-0.5415,0.0,-0.56,0.25,22.4427,29.422,20.9485,2.1206,6656.51,22.0,calce_cs2,1.0199,-0.0016000000000000458,-0.0015000000000000124,7.422000000000001,1.4477000000000002
CS2_35,127,1.0193,0.9167,3.5988,4.2,2.746,0.3927,-0.5456,0.0,-0.56,0.25,22.523,29.3141,21.0698,2.1367,6654.0,22.0,calce_cs2,1.0183,0.001000000000000112,-0.0009799999999999809,7.3141,1.4540000000000002
CS2_35,128,1.0177,0.9152,3.6052,4.2,2.7402,0.3928,-0.544,0.0,-0.56,0.25,22.3846,29.1508,20.9643,2.1345,6653.83,22.0,calce_cs2,1.0193,-0.0016000000000000458,-0.0008000000000000007,7.1508,1.4598
CS2_35,129,1.0199,0.9172,3.6051,4.2,2.746,0.3929,-0.5427,0.0,-0.56,0.25,22.4773,29.4824,21.0527,2.2037,6659.81,22.0,calce_cs2,1.0177,0.0021999999999999797,-0.00021999999999997578,7.482399999999998,1.4540000000000002
CS2_35,130,1.0169,0.9144,3.5919,4.2,2.7584,0.393,-0.5509,0.0,-0.56,0.25,22.4563,29.2882,21.0386,2.0408,6659.67,22.0,calce_cs2,1.0199,-0.0030000000000001137,-0.0006000000000000227,7.2882,1.4416000000000002
CS2_35,131,1.0153,0.913,3.5975,4.2,2.7503,0.3931,-0.5533,0.0,-0.56,0.25,22.8914,29.2793,21.0885,2.1024,6666.42,22.0,calce_cs2,1.0169,-0.0015999999999998238,-0.0005999999999999784,7.279299999999999,1.4497
CS2_35,132,1.0151,0.9128,3.5849,4.2,2.7432,0.3932,-0.5586,0.0,-0.56,0.25,22.6138,29.1465,21.0266,2.117,6640.13,22.0,calce_cs2,1.0153,-0.00020000000000020002,-0.0008400000000000407,7.1465,1.4568000000000003
CS2_35,133,1.0174,0.9149,3.5955,4.2,2.7509,0.3933,-0.5417,0.0,-0.56,0.25,22.4632,29.2355,21.0315,1.9959,6686.42,22.0,calce_cs2,1.0151,0.0023000000000001908,-5.9999999999993395e-05,7.235499999999998,1.4491
CS2_35,134,1.0172,0.9147,3.6006,4.2,2.7473,0.3934,-0.5426,0.0,-0.56,0.25,22.3986,29.1012,21.0288,2.1348,6647.45,22.0,calce_cs2,1.0174,-0.00019999999999997797,-0.0005399999999999849,7.101199999999999,1.4527
CS2_35,135,1.0133,0.9113,3.5916,4.2,2.7494,0.3935,-0.558,0.0,-0.56,0.25,22.497,29.1759,20.9971,2.0741,6644.17,22.0,calce_cs2,1.0172,-0.0039000000000000146,-0.0007199999999999651,7.175899999999999,1.4506000000000001
CS2_35,136,1.0101,0.9084,3.6029,4.2,2.7516,0.3936,-0.5578,0.0,-0.56,0.25,22.4745,29.3212,21.0988,1.9806,6621.95,22.0,calce_cs2,1.0133,-0.0032000000000000917,-0.0010400000000000188,7.321200000000001,1.4484000000000004
CS2_35,137,1.0152,0.9129,3.5891,4.2,2.7464,0.3937,-0.5501,0.0,-0.56,0.25,22.649,29.2946,21.1317,2.118,6640.0,22.0,calce_cs2,1.0101,0.0051000000000001044,2.0000000000042208e-05,7.294599999999999,1.4536000000000002
CS2_35,138,1.0076,0.9061,3.595,4.2,2.7574,0.3938,-0.5507,0.0,-0.56,0.25,22.5169,29.2579,20.8058,2.0744,6629.07,22.0,calce_cs2,1.0152,-0.007600000000000051,-0.001960000000000006,7.257899999999999,1.4426
CS2_35,139,1.0113,0.9094,3.599,4.2,2.7544,0.3939,-0.5466,0.0,-0.56,0.25,22.4178,29.2595,21.0854,2.1541,6608.94,22.0,calce_cs2,1.0076,0.0037000000000000366,-0.0011800000000000033,7.259499999999999,1.4456000000000002
CS2_35,140,1.0125,0.9105,3.6014,4.2,2.7554,0.394,-0.5519,0.0,-0.56,0.25,22.5173,29.2726,21.1104,2.1407,6634.25,22.0,calce_cs2,1.0113,0.0011999999999998678,-0.0001600000000000268,7.272600000000001,1.4446000000000003
CS2_35,141,1.0085,0.9069,3.5873,4.2,2.7474,0.3941,-0.5376,0.0,-0.56,0.25,22.2941,29.2553,21.0193,2.1241,6609.76,22.0,calce_cs2,1.0125,-0.0040000000000000036,-0.0003200000000000092,7.255299999999998,1.4526000000000003
CS2_35,142,1.0073,0.9058,3.5906,4.2,2.7583,0.3942,-0.551,0.0,-0.56,0.25,22.663,29.2619,20.9216,2.0701,6594.07,22.0,calce_cs2,1.0085,-0.0011999999999998678,-0.0015800000000000037,7.261900000000001,1.4417
CS2_35,143,1.0059,0.9046,3.5994,4.2,2.7473,0.3943,-0.5562,0.0,-0.56,0.25,22.2687,29.3316,20.98,2.0956,6587.9,22.0,calce_cs2,1.0073,-0.0014000000000000679,-0.00034000000000000696,7.331600000000002,1.4527
CS2_35,144,1.0109,0.9091,3.5912,4.2,2.752,0.3944,-0.5536,0.0,-0.56,0.25,22.6695,29.2367,20.9346,2.1231,6601.87,22.0,calce_cs2,1.0059,0.004999999999999893,-8.00000000000356e-05,7.236699999999999,1.4480000000000004
CS2_35,145,1.0095,0.9078,3.6011,4.2,2.7536,0.3945,-0.5472,0.0,-0.56,0.25,22.6323,29.2603,21.1685,2.0662,6617.57,22.0,calce_cs2,1.0109,-0.0013999999999998458,-0.0005999999999999784,7.260300000000001,1.4464000000000001
CS2_35,146,1.0076,0.9061,3.6013,4.2,2.7458,0.3946,-0.5531,0.0,-0.56,0.25,22.6312,29.6244,20.9277,2.0888,6602.65,22.0,calce_cs2,1.0095,-0.0019000000000000128,-0.00017999999999998017,7.624400000000001,1.4542000000000002
CS2_35,147,1.0062,0.9049,3.578,4.2,2.7489,0.3947,-0.551,0.0,-0.56,0.25,22.3907,29.1761,20.8453,2.091,6608.9,22.0,calce_cs2,1.0076,-0.0014000000000000679,-0.00022000000000002017,7.176100000000002,1.4511000000000003
CS2_35,148,1.0054,0.9041,3.5889,4.2,2.7432,0.3948,-0.5493,0.0,-0.56,0.25,22.6207,29.5814,20.994,2.1156,6597.51,22.0,calce_cs2,1.0062,-0.0007999999999999119,-9.999999999998899e-05,7.581399999999999,1.4568000000000003
CS2_35,149,1.0055,0.9042,3.581,4.2,2.7412,0.3949,-0.5542,0.0,-0.56,0.25,22.5771,29.4007,20.9485,2.0665,6579.77,22.0,calce_cs2,1.0054,9.999999999998899e-05,-0.0010799999999999699,7.4007000000000005,1.4588
CS2_35,150,1.011,0.9091,3.5933,4.2,2.749,0.395,-0.5498,0.0,-0.56,0.25,22.3342,29.3615,20.932,2.0679,6613.49,22.0,calce_cs2,1.0055,0.005499999999999838,0.00029999999999996696,7.3614999999999995,1.451
CS2_35,151,1.0033,0.9022,3.5953,4.2,2.7486,0.3951,-0.5531,0.0,-0.56,0.25,22.5624,29.4675,21.1424,2.0776,6598.44,22.0,calce_cs2,1.011,-0.007699999999999818,-0.0008599999999999941,7.467500000000001,1.4514
CS2_35,152,1.0032,0.9022,3.5865,4.2,2.7464,0.3952,-0.5425,0.0,-0.56,0.25,22.6739,29.3006,21.0338,2.0552,6582.1,22.0,calce_cs2,1.0033,-9.999999999998899e-05,-0.0005999999999999784,7.300599999999999,1.4536000000000002
CS2_35,153,1.0057,0.9044,3.5842,4.2,2.7518,0.3953,-0.5487,0.0,-0.56,0.25,22.5858,29.3951,20.9536,2.1305,6568.18,22.0,calce_cs2,1.0032,0.0024999999999999467,5.9999999999993395e-05,7.395099999999999,1.4482000000000004
CS2_35,154,1.0023,0.9014,3.5902,4.2,2.7536,0.3954,-0.5404,0.0,-0.56,0.25,22.7427,29.3537,21.0049,2.1596,6557.62,22.0,calce_cs2,1.0057,-0.0034000000000000696,-0.0006400000000000184,7.3537,1.4464000000000001
CS2_35,155,0.9972,0.8968,3.5854,4.2,2.7456,0.3955,-0.553,0.0,-0.56,0.25,22.7436,29.1582,20.9889,2.1891,6532.21,22.0,calce_cs2,1.0023,-0.005099999999999993,-0.0027599999999999847,7.158200000000001,1.4544000000000001
CS2_35,156,0.999,0.8984,3.5889,4.2,2.7499,0.3956,-0.5536,0.0,-0.56,0.25,22.4511,29.4247,21.0221,2.1321,6550.87,22.0,calce_cs2,0.9972,0.0018000000000000238,-0.0008600000000000164,7.424700000000001,1.4501000000000004
CS2_35,157,1.0013,0.9004,3.5773,4.2,2.7447,0.3957,-0.5547,0.0,-0.56,0.25,22.6456,29.6557,20.9839,2.0627,6540.05,22.0,calce_cs2,0.999,0.0023000000000000798,-0.00038000000000000257,7.6556999999999995,1.4553000000000003
CS2_35,158,0.9976,0.8972,3.5902,4.2,2.7436,0.3958,-0.5458,0.0,-0.56,0.25,22.8481,29.3178,21.056,2.0389,6516.0,22.0,calce_cs2,1.0013,-0.0037000000000000366,-0.0016199999999999993,7.317799999999998,1.4564000000000004
CS2_35,159,1.0001,0.8994,3.5861,4.2,2.7505,0.3959,-0.5522,0.0,-0.56,0.25,22.6093,29.3233,21.039,2.044,6547.37,22.0,calce_cs2,0.9976,0.0024999999999999467,-0.00043999999999999595,7.3233,1.4495
CS2_35,160,0.9974,0.897,3.5954,4.2,2.7423,0.396,-0.5549,0.0,-0.56,0.25,22.7212,29.7115,21.0548,2.066,6526.37,22.0,calce_cs2,1.0001,-0.0027000000000000357,3.999999999999559e-05,7.711500000000001,1.4577
CS2_35,161,0.9975,0.8971,3.597,4.2,2.7448,0.3961,-0.548,0.0,-0.56,0.25,22.592,29.3265,21.0054,2.2353,6536.48,22.0,calce_cs2,0.9974,0.00010000000000010001,-0.0002999999999999892,7.326499999999999,1.4552
CS2_35,162,0.9956,0.8953,3.5907,4.2,2.7521,0.3962,-0.5472,0.0,-0.56,0.25,22.6186,29.4361,20.9568,2.1056,6499.14,22.0,calce_cs2,0.9975,-0.0019000000000000128,-0.0011400000000000078,7.4361,1.4479000000000002
CS2_35,163,0.9983,0.8977,3.5832,4.2,2.737,0.3963,-0.5429,0.0,-0.56,0.25,22.6038,29.4281,20.9672,1.9956,6544.81,22.0,calce_cs2,0.9956,0.0026999999999999247,0.0001399999999999846,7.428100000000001,1.463
CS2_35,164,0.9969,0.8964,3.5849,4.2,2.76,0.3964,-0.5491,0.0,-0.56,0.25,22.5589,29.5437,21.0446,1.9623,6531.18,22.0,calce_cs2,0.9983,-0.0013999999999999568,-0.0006399999999999961,7.543700000000001,1.4400000000000004
CS2_35,165,0.9924,0.8924,3.585,4.2,2.7547,0.3965,-0.544,0.0,-0.56,0.25,22.4029,29.2733,21.0281,2.0983,6485.31,22.0,calce_cs2,0.9969,-0.0045000000000000595,-0.0010000000000000009,7.273299999999999,1.4453
CS2_35,166,0.9931,0.893,3.5763,4.2,2.7538,0.3966,-0.5546,0.0,-0.56,0.25,22.6856,29.4371,20.9203,2.02,6464.34,22.0,calce_cs2,0.9924,0.0007000000000000339,-0.0008800000000000141,7.437100000000001,1.4462000000000002
CS2_35,167,0.997,0.8966,3.5895,4.2,2.7527,0.3967,-0.5455,0.0,-0.56,0.25,22.6348,29.6117,20.9679,2.1392,6505.07,22.0,calce_cs2,0.9931,0.0039000000000000146,0.00027999999999999136,7.611699999999999,1.4473000000000003
CS2_35,168,0.994,0.8939,3.5774,4.2,2.749,0.3968,-0.5445,0.0,-0.56,0.25,22.7611,29.3601,20.9632,2.0644,6501.09,22.0,calce_cs2,0.997,-0.0030000000000000027,-0.0008599999999999941,7.360099999999999,1.451
CS2_35,169,0.9925,0.8925,3.5839,4.2,2.76,0.3969,-0.55,0.0,-0.56,0.25,22.439,29.4111,21.0289,2.0265,6525.55,22.0,calce_cs2,0.994,-0.0014999999999999458,-0.0008799999999999919,7.411100000000001,1.4400000000000004
CS2_35,170,0.9917,0.8918,3.5632,4.2,2.7511,0.397,-0.552,0.0,-0.56,0.25,22.7322,29.6985,20.9439,2.0255,6519.6,22.0,calce_cs2,0.9925,-0.0008000000000000229,-0.0001399999999999846,7.698499999999999,1.4489
CS2_35,171,0.9903,0.8905,3.5829,4.2,2.7495,0.3971,-0.552,0.0,-0.56,0.25,22.6639,29.5414,21.1808,2.036,6469.25,22.0,calce_cs2,0.9917,-0.0014000000000000679,-0.0005600000000000049,7.541399999999999,1.4505000000000003
CS2_35,172,0.9882,0.8886,3.5777,4.2,2.7601,0.3972,-0.5462,0.0,-0.56,0.25,22.7456,29.665,20.985,2.0606,6465.31,22.0,calce_cs2,0.9903,-0.0020999999999999908,-0.001760000000000006,7.664999999999999,1.4399000000000002
CS2_35,173,0.9882,0.8887,3.5791,4.2,2.7568,0.3973,-0.5486,0.0,-0.56,0.25,22.851,29.6663,20.9374,2.156,6459.57,22.0,calce_cs2,0.9882,0.0,-0.0011600000000000054,7.6663,1.4432
CS2_35,174,0.9892,0.8896,3.5908,4.2,2.749,0.3974,-0.541,0.0,-0.56,0.25,22.437,29.6388,21.0684,2.1086,6471.54,22.0,calce_cs2,0.9882,0.0010000000000000009,-0.0006600000000000162,7.6388,1.451
CS2_35,175,0.9898,0.8901,3.5901,4.2,2.7543,0.3975,-0.5445,0.0,-0.56,0.25,22.8434,29.7034,20.9733,2.1347,6450.21,22.0,calce_cs2,0.9892,0.0006000000000000449,-0.00038000000000000257,7.7033999999999985,1.4457
CS2_35,176,0.9888,0.8893,3.5864,4.2,2.7438,0.3976,-0.5491,0.0,-0.56,0.25,22.8821,29.6598,21.0098,2.0644,6462.88,22.0,calce_cs2,0.9898,-0.0010000000000000009,-0.0002999999999999892,7.659800000000001,1.4562000000000004
CS2_35,177,0.9877,0.8882,3.5816,4.2,2.7409,0.3977,-0.5601,0.0,-0.56,0.25,22.7829,29.4174,20.916,2.0103,6494.99,22.0,calce_cs2,0.9888,-0.0010999999999999899,-9.999999999998899e-05,7.417400000000001,1.4591000000000003
CS2_35,178,0.9893,0.8896,3.5875,4.2,2.748,0.3978,-0.545,0.0,-0.56,0.25,22.7057,29.5792,21.1429,2.0581,6492.37,22.0,calce_cs2,0.9877,0.0015999999999999348,0.00021999999999999797,7.5792,1.452
CS2_35,179,0.9845,0.8853,3.5815,4.2,2.7499,0.3979,-0.5518,0.0,-0.56,0.25,22.4832,29.7931,21.069,2.1258,6450.83,22.0,calce_cs2,0.9893,-0.0047999999999999154,-0.0009399999999999853,7.793099999999999,1.4501000000000004
CS2_35,180,0.9853,0.8861,3.5777,4.2,2.75,0.398,-0.5455,0.0,-0.56,0.25,22.7792,29.4525,21.0617,2.1196,6461.78,22.0,calce_cs2,0.9845,0.0007999999999999119,-0.0009000000000000119,7.452500000000001,1.4500000000000002
CS2_35,181,0.986,0.8867,3.5814,4.2,2.754,0.3981,-0.5569,0.0,-0.56,0.25,22.7285,29.6569,20.9961,2.0725,6465.82,22.0,calce_cs2,0.9853,0.0007000000000000339,-0.0005600000000000049,7.6569,1.4460000000000002
CS2_35,182,0.9861,0.8868,3.5724,4.2,2.7538,0.3982,-0.5389,0.0,-0.56,0.25,22.7996,29.7694,20.9563,2.1473,6459.81,22.0,calce_cs2,0.986,9.999999999998899e-05,-0.0003200000000000092,7.769400000000001,1.4462000000000002
CS2_35,183,0.9805,0.8817,3.5762,4.2,2.7464,0.3983,-0.5619,0.0,-0.56,0.25,22.6054,29.5324,21.142,2.1528,6402.25,22.0,calce_cs2,0.9861,-0.005599999999999938,-0.0017599999999999838,7.532399999999999,1.4536000000000002
CS2_35,184,0.9838,0.8848,3.5708,4.2,2.7519,0.3984,-0.5473,0.0,-0.56,0.25,22.7517,29.5616,21.0373,2.0808,6446.18,22.0,calce_cs2,0.9805,0.0032999999999999696,-0.0001400000000000068,7.5615999999999985,1.4481000000000002
CS2_35,185,0.9829,0.8839,3.5751,4.2,2.7488,0.3985,-0.5525,0.0,-0.56,0.25,22.7617,29.5198,20.9838,2.0266,6429.18,22.0,calce_cs2,0.9838,-0.0009000000000000119,-0.00047999999999999156,7.5198,1.4512
CS2_35,186,0.9823,0.8834,3.5764,4.2,2.7618,0.3986,-0.5537,0.0,-0.56,0.25,22.7506,29.474,21.1003,2.0968,6459.47,22.0,calce_cs2,0.9829,-0.0006000000000000449,-0.0007400000000000074,7.474,1.4382000000000001
CS2_35,187,0.9814,0.8826,3.5739,4.2,2.7543,0.3987,-0.5501,0.0,-0.56,0.25,22.6352,29.5857,21.0627,2.1615,6423.14,22.0,calce_cs2,0.9823,-0.0008999999999999009,-0.0009399999999999853,7.585699999999999,1.4457
CS2_35,188,0.9789,0.8803,3.5712,4.2,2.7551,0.3988,-0.5546,0.0,-0.56,0.25,22.7051,30.0852,21.0282,2.0987,6397.69,22.0,calce_cs2,0.9814,-0.0025000000000000577,-0.0003200000000000092,8.0852,1.4449
CS2_35,189,0.9791,0.8805,3.5735,4.2,2.744,0.3989,-0.5418,0.0,-0.56,0.25,22.5585,29.7128,21.0784,1.9371,6380.74,22.0,calce_cs2,0.9789,0.00019999999999997797,-0.0009400000000000075,7.712800000000001,1.456
CS2_35,190,0.9799,0.8812,3.5808,4.2,2.7304,0.399,-0.5558,0.0,-0.56,0.25,22.6315,29.3121,21.0636,2.0543,6408.91,22.0,calce_cs2,0.9791,0.0008000000000000229,-0.0006000000000000005,7.312100000000001,1.4696000000000002
CS2_35,191,0.9801,0.8813,3.5751,4.2,2.7603,0.3991,-0.545,0.0,-0.56,0.25,22.7285,29.6816,21.2,2.1513,6416.81,22.0,calce_cs2,0.9799,0.00019999999999997797,-0.00043999999999999595,7.6815999999999995,1.4397000000000002
CS2_35,192,0.9758,0.8775,3.5805,4.2,2.7477,0.3992,-0.5564,0.0,-0.56,0.25,22.7147,29.614,20.8959,1.9967,6369.47,22.0,calce_cs2,0.9801,-0.0042999999999999705,-0.0011200000000000099,7.614000000000001,1.4523000000000001
CS2_35,193,0.9728,0.8748,3.5691,4.2,2.7448,0.3993,-0.5408,0.0,-0.56,0.25,22.7396,29.9074,20.9863,2.0365,6346.29,22.0,calce_cs2,0.9758,-0.0030000000000000027,-0.0012199999999999989,7.907399999999999,1.4552
CS2_35,194,0.9752,0.8769,3.5659,4.2,2.7467,0.3994,-0.5524,0.0,-0.56,0.25,23.0616,29.5455,21.0159,2.1047,6377.32,22.0,calce_cs2,0.9728,0.0023999999999999577,-0.0007800000000000029,7.5455000000000005,1.4533
CS2_35,195,0.975,0.8768,3.5766,4.2,2.7507,0.3995,-0.5458,0.0,-0.56,0.25,22.812,29.7077,20.9326,2.0563,6375.73,22.0,calce_cs2,0.9752,-0.00019999999999997797,-0.000980000000000003,7.707699999999999,1.4493
CS2_35,196,0.9756,0.8774,3.5871,4.2,2.7538,0.3996,-0.5519,0.0,-0.56,0.25,22.8043,29.954,20.9042,2.1436,6401.43,22.0,calce_cs2,0.975,0.0006000000000000449,-0.0008999999999999897,7.954000000000001,1.4462000000000002
CS2_35,197,0.9738,0.8757,3.5778,4.2,2.7468,0.3997,-0.5554,0.0,-0.56,0.25,22.5582,29.6084,21.1609,2.0613,6384.78,22.0,calce_cs2,0.9756,-0.0018000000000000238,-0.00040000000000000034,7.6084,1.4532000000000003
CS2_35,198,0.9735,0.8754,3.5685,4.2,2.7393,0.3998,-0.553,0.0,-0.56,0.25,22.6167,29.6628,21.0808,2.0954,6348.73,22.0,calce_cs2,0.9738,-0.00029999999999996696,0.0001400000000000068,7.662800000000001,1.4607
CS2_35,199,0.9724,0.8744,3.5716,4.2,2.7553,0.3999,-0.5494,0.0,-0.56,0.25,22.6216,29.6184,21.0478,2.1061,6364.92,22.0,calce_cs2,0.9735,-0.0010999999999999899,-0.0005599999999999827,7.618400000000001,1.4447
CS2_35,200,0.9725,0.8745,3.575,4.2,2.7563,0.4,-0.5483,0.0,-0.56,0.25,22.8237,29.7152,20.9771,2.0401,6377.85,22.0,calce_cs2,0.9724,9.999999999998899e-05,-0.0004999999999999894,7.715199999999999,1.4437000000000002
CS2_35,201,0.9711,0.8733,3.5766,4.2,2.7423,0.4001,-0.5567,0.0,-0.56,0.25,22.7592,29.7311,20.9682,2.0964,6360.26,22.0,calce_cs2,0.9725,-0.0014000000000000679,-0.0009000000000000119,7.731100000000001,1.4577
CS2_35,202,0.9718,0.8739,3.5719,4.2,2.7473,0.4002,-0.5482,0.0,-0.56,0.25,22.811,29.7735,20.9893,2.114,6349.65,22.0,calce_cs2,0.9711,0.0007000000000000339,-0.00040000000000000034,7.7734999999999985,1.4527
CS2_35,203,0.9737,0.8756,3.5663,4.2,2.7503,0.4003,-0.5474,0.0,-0.56,0.25,22.8426,29.8169,21.1071,2.1224,6386.75,22.0,calce_cs2,0.9718,0.0019000000000000128,3.999999999999559e-05,7.8169,1.4497
CS2_35,204,0.9691,0.8715,3.5673,4.2,2.7516,0.4004,-0.5558,0.0,-0.56,0.25,22.865,29.5706,21.038,2.106,6340.54,22.0,calce_cs2,0.9737,-0.0046000000000000485,-0.0006600000000000162,7.570599999999999,1.4484000000000004
CS2_35,205,0.9715,0.8736,3.5757,4.2,2.7635,0.4005,-0.5448,0.0,-0.56,0.25,22.8478,29.8358,21.2127,2.1002,6375.36,22.0,calce_cs2,0.9691,0.0024000000000000687,-0.00020000000000000017,7.835799999999999,1.4365
CS2_35,206,0.9694,0.8718,3.5563,4.2,2.7458,0.4006,-0.5516,0.0,-0.56,0.25,22.775,29.5672,21.1369,2.1021,6330.09,22.0,calce_cs2,0.9715,-0.0020999999999999908,-0.00033999999999998474,7.5672,1.4542000000000002
CS2_35,207,0.966,0.8687,3.5688,4.2,2.7546,0.4007,-0.5523,0.0,-0.56,0.25,22.7053,29.5186,21.0588,2.1599,6319.94,22.0,calce_cs2,0.9694,-0.0034000000000000696,-0.0011600000000000054,7.518599999999999,1.4454000000000002
CS2_35,208,0.9682,0.8707,3.5739,4.2,2.7564,0.4008,-0.5576,0.0,-0.56,0.25,22.8952,30.3551,21.0035,2.1644,6340.26,22.0,calce_cs2,0.966,0.0021999999999999797,-0.001100000000000012,8.3551,1.4436
CS2_35,209,0.964,0.8669,3.5734,4.2,2.7499,0.4009,-0.5489,0.0,-0.56,0.25,22.7705,29.8019,21.2124,2.0471,6326.95,22.0,calce_cs2,0.9682,-0.0041999999999999815,-0.0010199999999999988,7.8019,1.4501000000000004
CS2_35,210,0.9667,0.8693,3.5537,4.2,2.7481,0.401,-0.5472,0.0,-0.56,0.25,22.7344,29.6388,20.9484,2.1059,6360.09,22.0,calce_cs2,0.964,0.0027000000000000357,-0.0009600000000000053,7.6388,1.4519000000000002
CS2_35,211,0.9678,0.8703,3.5631,4.2,2.744,0.4011,-0.5489,0.0,-0.56,0.25,22.8167,29.5521,21.0113,2.1471,6336.91,22.0,calce_cs2,0.9667,0.0010999999999999899,-0.0003200000000000092,7.552099999999999,1.456
CS2_35,212,0.9673,0.8699,3.5601,4.2,2.7482,0.4012,-0.5469,0.0,-0.56,0.25,22.9208,29.7311,20.9781,2.1025,6326.74,22.0,calce_cs2,0.9678,-0.0004999999999999449,0.00026000000000001575,7.731100000000001,1.4518
CS2_35,213,0.9657,0.8684,3.5573,4.2,2.7494,0.4013,-0.5583,0.0,-0.56,0.25,22.8042,29.8287,20.9402,2.1029,6344.19,22.0,calce_cs2,0.9673,-0.0016000000000000458,-0.0004999999999999894,7.828700000000001,1.4506000000000001
CS2_35,214,0.9638,0.8668,3.5749,4.2,2.7458,0.4014,-0.559,0.0,-0.56,0.25,22.9918,29.7569,20.972,2.1394,6280.4,22.0,calce_cs2,0.9657,-0.0019000000000000128,-3.999999999999559e-05,7.756900000000002,1.4542000000000002
CS2_35,215,0.9681,0.8706,3.5643,4.2,2.745,0.4015,-0.5526,0.0,-0.56,0.25,22.8309,29.6937,21.0518,2.068,6360.86,22.0,calce_cs2,0.9638,0.0042999999999999705,0.00027999999999999136,7.6937,1.455
CS2_35,216,0.964,0.8669,3.5612,4.2,2.748,0.4016,-0.5498,0.0,-0.56,0.25,23.1079,29.6673,20.931,2.1534,6319.24,22.0,calce_cs2,0.9681,-0.0040999999999999925,-0.0007600000000000051,7.667300000000001,1.452
CS2_35,217,0.9601,0.8634,3.566,4.2,2.7515,0.4017,-0.5467,0.0,-0.56,0.25,23.0161,29.6054,21.0454,2.0596,6281.68,22.0,calce_cs2,0.964,-0.0039000000000000146,-0.001440000000000019,7.6053999999999995,1.4485000000000001
CS2_35,218,0.9597,0.863,3.5616,4.2,2.7516,0.4018,-0.5518,0.0,-0.56,0.25,22.9231,29.665,20.8667,2.0453,6274.08,22.0,calce_cs2,0.9601,-0.00039999999999995595,-0.001200000000000001,7.664999999999999,1.4484000000000004
CS2_35,219,0.9636,0.8666,3.5654,4.2,2.748,0.4019,-0.5435,0.0,-0.56,0.25,22.9267,29.7466,21.0503,2.0342,6307.86,22.0,calce_cs2,0.9597,0.0039000000000000146,-3.999999999999559e-05,7.746600000000001,1.452
CS2_35,220,0.9579,0.8614,3.5614,4.2,2.7583,0.402,-0.5537,0.0,-0.56,0.25,22.7886,29.9796,20.9744,2.1447,6252.58,22.0,calce_cs2,0.9636,-0.005700000000000038,-0.0020399999999999975,7.979600000000001,1.4417
CS2_35,221,0.9574,0.861,3.5641,4.2,2.757,0.4021,-0.5498,0.0,-0.56,0.25,23.0359,29.79,21.0737,2.1579,6265.49,22.0,calce_cs2,0.9579,-0.0004999999999999449,-0.0013199999999999878,7.789999999999999,1.443
CS2_35,222,0.9591,0.8625,3.5641,4.2,2.7441,0.4022,-0.5486,0.0,-0.56,0.25,22.8043,30.0947,20.9657,2.1005,6264.73,22.0,calce_cs2,0.9574,0.0016999999999999238,-0.00020000000000000017,8.0947,1.4559000000000002
CS2_35,223,0.9611,0.8643,3.5526,4.2,2.7601,0.4023,-0.5542,0.0,-0.56,0.25,22.9333,29.7327,20.9161,2.1384,6293.67,22.0,calce_cs2,0.9591,0.0020000000000000018,0.00027999999999999136,7.732700000000001,1.4399000000000002
CS2_35,224,0.9567,0.8604,3.5613,4.2,2.7375,0.4024,-0.55,0.0,-0.56,0.25,22.7706,29.8925,21.0514,2.0801,6250.18,22.0,calce_cs2,0.9611,-0.0043999999999999595,-0.0013800000000000034,7.892499999999998,1.4625000000000004
CS2_35,225,0.9592,0.8626,3.5596,4.2,2.7547,0.4025,-0.5535,0.0,-0.56,0.25,22.9809,29.8544,20.9674,2.0625,6282.52,22.0,calce_cs2,0.9567,0.0025000000000000577,0.00026000000000001575,7.854399999999998,1.4453
CS2_35,226,0.9559,0.8596,3.5477,4.2,2.7441,0.4026,-0.5451,0.0,-0.56,0.25,23.0441,29.8161,20.9998,2.1694,6256.51,22.0,calce_cs2,0.9592,-0.0033000000000000806,-0.00030000000000001136,7.816099999999999,1.4559000000000002
CS2_35,227,0.9568,0.8604,3.5529,4.2,2.7481,0.4027,-0.5467,0.0,-0.56,0.25,22.9673,29.6954,20.9965,2.1547,6279.03,22.0,calce_cs2,0.9559,0.0009000000000000119,-0.0004599999999999937,7.695399999999999,1.4519000000000002
CS2_35,228,0.9574,0.8609,3.5655,4.2,2.7393,0.4028,-0.5427,0.0,-0.56,0.25,22.7918,29.7643,20.9869,2.0783,6257.59,22.0,calce_cs2,0.9568,0.0006000000000000449,-0.0007399999999999851,7.764299999999999,1.4607
CS2_35,229,0.9527,0.8567,3.5654,4.2,2.7469,0.4029,-0.5479,0.0,-0.56,0.25,23.1898,30.1576,21.1016,2.092,6241.74,22.0,calce_cs2,0.9574,-0.0047000000000000375,-0.0008000000000000007,8.157599999999999,1.4531
CS2_35,230,0.9566,0.8602,3.5628,4.2,2.7557,0.403,-0.5483,0.0,-0.56,0.25,22.7556,29.861,21.0511,2.1063,6267.7,22.0,calce_cs2,0.9527,0.0039000000000000146,-0.0005200000000000094,7.861000000000001,1.4443000000000001
CS2_35,231,0.9532,0.8572,3.5569,4.2,2.7436,0.4031,-0.549,0.0,-0.56,0.25,22.8963,29.5449,20.9596,2.1047,6229.21,22.0,calce_cs2,0.9566,-0.0033999999999999586,-0.0005399999999999849,7.544899999999998,1.4564000000000004
CS2_35,232,0.9545,0.8583,3.5721,4.2,2.7508,0.4032,-0.5461,0.0,-0.56,0.25,23.0241,29.8929,21.0401,2.1587,6242.19,22.0,calce_cs2,0.9532,0.0012999999999999678,-0.0004599999999999937,7.892900000000001,1.4492000000000003
CS2_35,233,0.9524,0.8565,3.5718,4.2,2.7433,0.4033,-0.5528,0.0,-0.56,0.25,22.9183,29.8615,21.0481,2.0239,6247.97,22.0,calce_cs2,0.9545,-0.0020999999999999908,-0.0010000000000000009,7.8614999999999995,1.4567
CS2_35,234,0.9487,0.8532,3.5526,4.2,2.7426,0.4034,-0.5509,0.0,-0.56,0.25,22.7931,29.7381,21.0267,2.1333,6212.15,22.0,calce_cs2,0.9524,-0.0037000000000000366,-0.0008000000000000007,7.738099999999999,1.4574000000000003
CS2_35,235,0.9554,0.8591,3.5555,4.2,2.7555,0.4035,-0.5514,0.0,-0.56,0.25,22.7525,29.8596,20.9317,2.1139,6258.55,22.0,calce_cs2,0.9487,0.006700000000000039,-0.00023999999999999578,7.8596,1.4445000000000001
CS2_35,236,0.9502,0.8545,3.5626,4.2,2.7478,0.4036,-0.551,0.0,-0.56,0.25,22.9111,29.8439,20.9081,2.0731,6186.22,22.0,calce_cs2,0.9554,-0.005199999999999982,-0.0006000000000000005,7.843900000000001,1.4522000000000004
CS2_35,237,0.9471,0.8517,3.5508,4.2,2.7531,0.4037,-0.5499,0.0,-0.56,0.25,22.8506,29.7756,21.0116,2.0056,6217.05,22.0,calce_cs2,0.9502,-0.0030999999999999917,-0.0014799999999999924,7.775600000000001,1.4469000000000003
CS2_35,238,0.9496,0.854,3.5504,4.2,2.755,0.4038,-0.5485,0.0,-0.56,0.25,22.9359,30.0014,21.1,2.0063,6214.82,22.0,calce_cs2,0.9471,0.0024999999999999467,-0.0005600000000000049,8.0014,1.4450000000000003
CS2_35,239,0.9542,0.8581,3.5625,4.2,2.7548,0.4039,-0.5438,0.0,-0.56,0.25,22.8726,29.8906,20.9343,2.1201,6237.78,22.0,calce_cs2,0.9496,0.0046000000000000485,0.001100000000000012,7.890599999999999,1.4452000000000003
CS2_35,240,0.9484,0.8529,3.5587,4.2,2.7477,0.404,-0.5538,0.0,-0.56,0.25,22.8698,29.7815,20.8709,2.1357,6208.39,22.0,calce_cs2,0.9542,-0.005800000000000027,-0.0014000000000000013,7.781500000000001,1.4523000000000001
CS2_35,241,0.943,0.848,3.5344,4.2,2.7493,0.4041,-0.5373,0.0,-0.56,0.25,22.794,29.9527,21.0623,2.2324,6185.02,22.0,calce_cs2,0.9484,-0.005400000000000071,-0.001440000000000019,7.9527,1.4507000000000003
CS2_35,242,0.9438,0.8487,3.5556,4.2,2.7428,0.4042,-0.5446,0.0,-0.56,0.25,23.0075,30.1764,21.0684,2.0647,6169.46,22.0,calce_cs2,0.943,0.0008000000000000229,-0.0006600000000000162,8.176400000000001,1.4572000000000003
CS2_35,243,0.9458,0.8506,3.5457,4.2,2.7496,0.4043,-0.546,0.0,-0.56,0.25,23.0874,30.059,20.8683,2.0791,6209.32,22.0,calce_cs2,0.9438,0.0020000000000000018,-0.0007600000000000051,8.059000000000001,1.4504000000000001
CS2_35,244,0.9472,0.8518,3.5497,4.2,2.7493,0.4044,-0.552,0.0,-0.56,0.25,23.2309,29.735,20.9004,2.094,6206.81,22.0,calce_cs2,0.9458,0.0014000000000000679,-0.0014000000000000013,7.734999999999999,1.4507000000000003
CS2_35,245,0.944,0.8489,3.5422,4.2,2.7583,0.4045,-0.5549,0.0,-0.56,0.25,22.8115,30.1109,21.0253,2.0755,6184.44,22.0,calce_cs2,0.9472,-0.0032000000000000917,-0.0008800000000000141,8.1109,1.4417
CS2_35,246,0.9428,0.8479,3.5464,4.2,2.7574,0.4046,-0.545,0.0,-0.56,0.25,23.1984,30.0852,20.8676,2.1063,6176.1,22.0,calce_cs2,0.944,-0.0011999999999999789,-3.999999999999559e-05,8.0852,1.4426
CS2_35,247,0.9444,0.8493,3.5559,4.2,2.7474,0.4047,-0.5546,0.0,-0.56,0.25,23.0452,29.938,20.9625,2.1194,6207.29,22.0,calce_cs2,0.9428,0.0016000000000000458,0.00012000000000000899,7.937999999999999,1.4526000000000003
CS2_35,248,0.9405,0.8458,3.5514,4.2,2.7499,0.4048,-0.5504,0.0,-0.56,0.25,22.9296,29.9348,20.9988,2.1481,6155.48,22.0,calce_cs2,0.9444,-0.0039000000000000146,-0.0010599999999999943,7.934799999999999,1.4501000000000004
CS2_35,249,0.9417,0.8469,3.5446,4.2,2.7487,0.4049,-0.5519,0.0,-0.56,0.25,22.9674,30.0412,20.9666,2.1468,6162.41,22.0,calce_cs2,0.9405,0.0011999999999999789,-0.001100000000000012,8.0412,1.4513000000000003
CS2_35,250,0.9433,0.8483,3.5541,4.2,2.753,0.405,-0.5486,0.0,-0.56,0.25,22.9284,30.0995,20.9649,2.1902,6175.58,22.0,calce_cs2,0.9417,0.0016000000000000458,-0.0001399999999999846,8.099499999999999,1.447
CS2_35,251,0.9491,0.8535,3.5459,4.2,2.7474,0.4051,-0.5505,0.0,-0.56,0.25,23.1995,29.6187,20.9022,2.1325,6203.53,22.0,calce_cs2,0.9433,0.005800000000000027,0.0012600000000000167,7.6187000000000005,1.4526000000000003
CS2_35,252,0.9409,0.8462,3.5471,4.2,2.7467,0.4052,-0.5449,0.0,-0.56,0.25,22.9372,30.2267,21.0331,2.0896,6152.77,22.0,calce_cs2,0.9491,-0.008200000000000096,-0.0007000000000000117,8.226700000000001,1.4533
CS2_35,253,0.9415,0.8467,3.5536,4.2,2.75,0.4053,-0.5495,0.0,-0.56,0.25,22.829,29.8619,21.0554,2.1327,6182.92,22.0,calce_cs2,0.9409,0.0006000000000000449,0.00020000000000000017,7.861899999999999,1.4500000000000002
CS2_35,254,0.9377,0.8432,3.5508,4.2,2.7544,0.4054,-0.5463,0.0,-0.56,0.25,23.0847,30.0558,20.8984,2.0931,6150.94,22.0,calce_cs2,0.9415,-0.0038000000000000256,-0.0008000000000000007,8.055800000000001,1.4456000000000002
CS2_35,255,0.9345,0.8404,3.545,4.2,2.7431,0.4055,-0.5546,0.0,-0.56,0.25,22.9793,30.1537,20.9366,2.14,6115.65,22.0,calce_cs2,0.9377,-0.0031999999999999806,-0.001760000000000006,8.1537,1.4569
CS2_35,256,0.9395,0.8448,3.5467,4.2,2.7474,0.4056,-0.5425,0.0,-0.56,0.25,23.0701,30.0047,21.0228,2.1338,6154.98,22.0,calce_cs2,0.9345,0.0050000000000000044,-0.0019200000000000107,8.0047,1.4526000000000003
CS2_35,257,0.9438,0.8487,3.5523,4.2,2.7487,0.4057,-0.5525,0.0,-0.56,0.25,23.05,30.2599,21.0452,2.092,6195.74,22.0,calce_cs2,0.9395,0.0042999999999999705,0.0005800000000000027,8.259899999999998,1.4513000000000003
CS2_35,258,0.9376,0.8431,3.5356,4.2,2.7482,0.4058,-0.5513,0.0,-0.56,0.25,22.9602,30.1361,20.8408,2.0953,6131.2,22.0,calce_cs2,0.9438,-0.006199999999999983,-0.0007800000000000029,8.136099999999999,1.4518
CS2_35,259,0.9407,0.846,3.5406,4.2,2.7606,0.4059,-0.5567,0.0,-0.56,0.25,22.8558,29.6443,21.0072,2.0465,6161.01,22.0,calce_cs2,0.9376,0.0030999999999999917,0.0006000000000000005,7.644300000000001,1.4394
CS2_35,260,0.942,0.8471,3.5369,4.2,2.7471,0.406,-0.5549,0.0,-0.56,0.25,23.0646,30.1365,20.9749,2.097,6178.67,22.0,calce_cs2,0.9407,0.0012999999999999678,0.0014999999999999903,8.136500000000002,1.4529
CS2_35,261,0.9334,0.8394,3.5543,4.2,2.7504,0.4061,-0.5479,0.0,-0.56,0.25,22.9515,29.9599,21.0131,2.173,6112.89,22.0,calce_cs2,0.942,-0.008599999999999941,-0.0012199999999999989,7.959900000000001,1.4496000000000002
CS2_35,262,0.9349,0.8407,3.529,4.2,2.745,0.4062,-0.5477,0.0,-0.56,0.25,22.8464,30.0306,21.1806,2.1014,6124.92,22.0,calce_cs2,0.9334,0.0014999999999999458,-0.0017800000000000038,8.0306,1.455
CS2_35,263,0.9339,0.8399,3.5453,4.2,2.751,0.4063,-0.5568,0.0,-0.56,0.25,23.0938,30.1923,21.0013,2.1699,6104.81,22.0,calce_cs2,0.9349,-0.0010000000000000009,-0.0007400000000000074,8.1923,1.4490000000000003
CS2_35,264,0.9339,0.8398,3.5418,4.2,2.7605,0.4064,-0.5481,0.0,-0.56,0.25,23.0164,29.8515,21.0391,2.0967,6099.46,22.0,calce_cs2,0.9339,0.0,-0.0013600000000000057,7.8515000000000015,1.4395000000000002
CS2_35,265,0.9311,0.8373,3.5475,4.2,2.7477,0.4065,-0.5474,0.0,-0.56,0.25,22.9537,30.3612,20.9564,2.1376,6107.37,22.0,calce_cs2,0.9339,-0.0027999999999999137,-0.002179999999999982,8.3612,1.4523000000000001
CS2_35,266,0.9339,0.8398,3.5479,4.2,2.7501,0.4066,-0.5535,0.0,-0.56,0.25,22.9037,29.9321,20.8868,2.1539,6124.58,22.0,calce_cs2,0.9311,0.0027999999999999137,9.999999999998899e-05,7.932099999999998,1.4499
CS2_35,267,0.9313,0.8375,3.5486,4.2,2.7466,0.4067,-0.55,0.0,-0.56,0.25,23.0482,30.1718,21.0224,2.1147,6088.25,22.0,calce_cs2,0.9339,-0.0025999999999999357,-0.0007199999999999874,8.171800000000001,1.4534000000000002
CS2_35,268,0.9297,0.8361,3.5443,4.2,2.7498,0.4068,-0.5611,0.0,-0.56,0.25,23.1698,30.1878,21.1788,2.048,6060.49,22.0,calce_cs2,0.9313,-0.0016000000000000458,-0.0008399999999999963,8.1878,1.4502000000000002
CS2_35,269,0.9302,0.8365,3.5444,4.2,2.7465,0.4069,-0.546,0.0,-0.56,0.25,23.078,30.069,20.9498,2.1277,6111.68,22.0,calce_cs2,0.9297,0.000500000000000056,-0.0007399999999999851,8.068999999999999,1.4535
CS2_35,270,0.9276,0.8342,3.5455,4.2,2.7597,0.407,-0.5421,0.0,-0.56,0.25,22.9305,29.9399,21.0521,2.1301,6069.56,22.0,calce_cs2,0.9302,-0.0026000000000000467,-0.0007000000000000117,7.9399000000000015,1.4403000000000001
CS2_35,271,0.9246,0.8315,3.5364,4.2,2.7494,0.4071,-0.5424,0.0,-0.56,0.25,23.1339,30.0776,20.9306,2.0869,6039.79,22.0,calce_cs2,0.9276,-0.0030000000000000027,-0.001859999999999995,8.0776,1.4506000000000001
CS2_35,272,0.9284,0.8349,3.5342,4.2,2.7494,0.4072,-0.5525,0.0,-0.56,0.25,22.9743,30.1437,21.085,2.0358,6104.35,22.0,calce_cs2,0.9246,0.0038000000000000256,-0.0005800000000000027,8.143699999999999,1.4506000000000001
CS2_35,273,0.9274,0.834,3.5419,4.2,2.7582,0.4073,-0.5524,0.0,-0.56,0.25,22.9833,30.0928,21.0574,2.0999,6090.08,22.0,calce_cs2,0.9284,-0.0010000000000000009,-0.0004599999999999937,8.0928,1.4418000000000002
CS2_35,274,0.9272,0.8338,3.5431,4.2,2.7513,0.4074,-0.5522,0.0,-0.56,0.25,23.0353,30.1016,21.0407,2.1302,6078.75,22.0,calce_cs2,0.9274,-0.00019999999999997797,-0.0006000000000000005,8.101600000000001,1.4487
CS2_35,275,0.9267,0.8333,3.5454,4.2,2.7469,0.4075,-0.5539,0.0,-0.56,0.25,22.9725,30.3289,20.9894,2.1031,6059.07,22.0,calce_cs2,0.9272,-0.000500000000000056,-0.00018000000000000237,8.3289,1.4531
CS2_35,276,0.9246,0.8315,3.5495,4.2,2.7402,0.4076,-0.5507,0.0,-0.56,0.25,23.0106,30.0375,20.9741,2.1016,6063.52,22.0,calce_cs2,0.9267,-0.0020999999999999908,0.0,8.037500000000001,1.4598
CS2_35,277,0.9284,0.8349,3.5245,4.2,2.7526,0.4077,-0.5446,0.0,-0.56,0.25,23.1683,30.1067,21.0663,2.0322,6081.04,22.0,calce_cs2,0.9246,0.0038000000000000256,0.0,8.1067,1.4474
CS2_35,278,0.9263,0.833,3.5379,4.2,2.7567,0.4078,-0.5481,0.0,-0.56,0.25,23.0473,30.0674,20.9154,2.1517,6084.0,22.0,calce_cs2,0.9284,-0.0020999999999999908,-0.00021999999999999797,8.0674,1.4433000000000002
CS2_35,279,0.927,0.8336,3.5375,4.2,2.7446,0.4079,-0.5469,0.0,-0.56,0.25,23.1257,29.9771,21.1014,2.0719,6106.98,22.0,calce_cs2,0.9263,0.0007000000000000339,-3.999999999999559e-05,7.9771,1.4554
CS2_35,280,0.9244,0.8313,3.5469,4.2,2.7526,0.408,-0.5588,0.0,-0.56,0.25,23.0361,30.1769,21.1074,2.0747,6049.14,22.0,calce_cs2,0.927,-0.0026000000000000467,-0.0004599999999999937,8.1769,1.4474
CS2_35,281,0.925,0.8318,3.5301,4.2,2.7528,0.4081,-0.5514,0.0,-0.56,0.25,23.1359,29.889,20.9728,2.1475,6063.6,22.0,calce_cs2,0.9244,0.0006000000000000449,8.00000000000134e-05,7.888999999999999,1.4472
CS2_35,282,0.926,0.8327,3.5406,4.2,2.741,0.4082,-0.5535,0.0,-0.56,0.25,23.0073,29.9915,21.1088,1.9973,6072.84,22.0,calce_cs2,0.925,0.0010000000000000009,-0.00047999999999999156,7.9914999999999985,1.459
CS2_35,283,0.9244,0.8313,3.536,4.2,2.7447,0.4083,-0.5467,0.0,-0.56,0.25,23.102,30.085,20.922,2.131,6020.07,22.0,calce_cs2,0.926,-0.0016000000000000458,-0.00038000000000000257,8.085,1.4553000000000003
CS2_35,284,0.9202,0.8276,3.5383,4.2,2.7489,0.4084,-0.5481,0.0,-0.56,0.25,23.0391,29.8559,20.9988,2.1638,6029.82,22.0,calce_cs2,0.9244,-0.0041999999999999815,-0.0013600000000000057,7.855899999999998,1.4511000000000003
CS2_35,285,0.919,0.8264,3.5301,4.2,2.7535,0.4085,-0.5575,0.0,-0.56,0.25,22.9012,30.044,21.0037,2.097,6013.64,22.0,calce_cs2,0.9202,-0.0011999999999999789,-0.001079999999999992,8.044,1.4465000000000003
CS2_35,286,0.9214,0.8286,3.5336,4.2,2.7439,0.4086,-0.5558,0.0,-0.56,0.25,23.3289,30.2538,21.0509,2.0983,5984.9,22.0,calce_cs2,0.919,0.0023999999999999577,-0.0007200000000000095,8.253799999999998,1.4561000000000002
CS2_35,287,0.9238,0.8308,3.525,4.2,2.7491,0.4087,-0.5502,0.0,-0.56,0.25,23.0464,30.4147,20.9888,2.0752,6051.64,22.0,calce_cs2,0.9214,0.0023999999999999577,-0.0004400000000000182,8.4147,1.4509000000000003
CS2_35,288,0.9195,0.8269,3.5319,4.2,2.7412,0.4088,-0.5586,0.0,-0.56,0.25,22.9348,30.117,21.0497,2.0548,6033.63,22.0,calce_cs2,0.9238,-0.0042999999999999705,-0.000980000000000003,8.117,1.4588
CS2_35,289,0.9204,0.8277,3.5332,4.2,2.7492,0.4089,-0.5523,0.0,-0.56,0.25,23.1353,30.3975,21.1374,2.071,6001.93,22.0,calce_cs2,0.9195,0.0009000000000000119,3.999999999999559e-05,8.3975,1.4508
CS2_35,290,0.9142,0.8221,3.5352,4.2,2.7406,0.409,-0.5463,0.0,-0.56,0.25,22.9585,30.1556,21.1149,2.0651,5996.3,22.0,calce_cs2,0.9204,-0.006199999999999983,-0.0009600000000000053,8.1556,1.4594
CS2_35,291,0.9187,0.8262,3.5293,4.2,2.7471,0.4091,-0.5498,0.0,-0.56,0.25,23.3818,30.1633,21.0847,2.1452,6023.4,22.0,calce_cs2,0.9142,0.0044999999999999485,-0.0005400000000000072,8.1633,1.4529
CS2_35,292,0.9199,0.8272,3.5277,4.2,2.7484,0.4092,-0.5521,0.0,-0.56,0.25,23.2125,30.1583,21.0748,1.964,6046.05,22.0,calce_cs2,0.9187,0.0012000000000000899,-0.0007799999999999807,8.1583,1.4516
CS2_35,293,0.9143,0.8222,3.5205,4.2,2.7543,0.4093,-0.544,0.0,-0.56,0.25,22.9354,30.261,21.1453,2.1168,5969.18,22.0,calce_cs2,0.9199,-0.005600000000000049,-0.0010399999999999964,8.261,1.4457
CS2_35,294,0.9138,0.8218,3.5346,4.2,2.747,0.4094,-0.5493,0.0,-0.56,0.25,23.254,30.1355,20.9924,2.1443,5997.27,22.0,calce_cs2,0.9143,-0.000500000000000056,-0.00132000000000001,8.1355,1.4530000000000003
CS2_35,295,0.9094,0.8178,3.5254,4.2,2.7551,0.4095,-0.5457,0.0,-0.56,0.25,23.0337,30.2245,21.0229,2.1302,5952.47,22.0,calce_cs2,0.9138,-0.0043999999999999595,-0.0009600000000000053,8.224499999999999,1.4449
CS2_35,296,0.9215,0.8287,3.5333,4.2,2.756,0.4096,-0.5567,0.0,-0.56,0.25,23.1234,30.263,21.0398,2.1091,6024.39,22.0,calce_cs2,0.9094,0.0121,0.0005600000000000049,8.263000000000002,1.4440000000000004
CS2_35,297,0.9162,0.8239,3.5364,4.2,2.7508,0.4097,-0.5411,0.0,-0.56,0.25,23.2033,30.2709,20.9365,2.1244,5997.25,22.0,calce_cs2,0.9215,-0.005299999999999971,-0.0007400000000000074,8.270900000000001,1.4492000000000003
CS2_35,298,0.9111,0.8193,3.5236,4.2,2.7618,0.4098,-0.5508,0.0,-0.56,0.25,23.2458,30.1106,21.1392,2.1343,5945.04,22.0,calce_cs2,0.9162,-0.005099999999999993,-0.0006399999999999961,8.110600000000002,1.4382000000000001
CS2_35,299,0.9105,0.8188,3.5211,4.2,2.7517,0.4099,-0.5452,0.0,-0.56,0.25,22.9197,29.8614,20.8271,2.0818,5956.87,22.0,calce_cs2,0.9111,-0.0006000000000000449,-0.0006599999999999939,7.8614,1.4483000000000001
CS2_35,300,0.9109,0.8191,3.534,4.2,2.7497,0.41,-0.5572,0.0,-0.56,0.25,23.2069,30.2827,20.9929,2.0203,5963.23,22.0,calce_cs2,0.9105,0.00040000000000006697,0.00030000000000001136,8.282699999999998,1.4503000000000004
CS2_35,301,0.9087,0.8172,3.5215,4.2,2.75,0.4101,-0.5501,0.0,-0.56,0.25,23.0569,29.9742,21.0012,2.1495,5921.73,22.0,calce_cs2,0.9109,-0.0022000000000000908,-0.0025600000000000067,7.9742,1.4500000000000002
CS2_35,302,0.9102,0.8185,3.5332,4.2,2.748,0.4102,-0.5469,0.0,-0.56,0.25,22.983,30.3696,21.047,2.0914,5966.19,22.0,calce_cs2,0.9087,0.0015000000000000568,-0.001200000000000001,8.369599999999998,1.452
CS2_35,303,0.9074,0.816,3.5268,4.2,2.746,0.4103,-0.5561,0.0,-0.56,0.25,23.3351,30.132,20.8657,2.073,5928.17,22.0,calce_cs2,0.9102,-0.0028000000000000247,-0.0007400000000000074,8.132000000000001,1.4540000000000002
CS2_35,304,0.9077,0.8163,3.5311,4.2,2.7482,0.4104,-0.5544,0.0,-0.56,0.25,23.197,30.3599,21.0648,2.1049,5954.85,22.0,calce_cs2,0.9074,0.00029999999999996696,-0.0005600000000000049,8.3599,1.4518
CS2_35,305,0.907,0.8157,3.5304,4.2,2.7446,0.4105,-0.5571,0.0,-0.56,0.25,23.2913,30.2428,21.0216,2.0853,5945.71,22.0,calce_cs2,0.9077,-0.0006999999999999229,-0.0007800000000000029,8.242799999999999,1.4554
CS2_35,306,0.9122,0.8204,3.528,4.2,2.747,0.4106,-0.5594,0.0,-0.56,0.25,23.0951,30.4682,21.0667,2.0987,5973.85,22.0,calce_cs2,0.907,0.005199999999999982,0.0007000000000000117,8.4682,1.4530000000000003
CS2_35,307,0.9058,0.8146,3.5304,4.2,2.7593,0.4107,-0.5465,0.0,-0.56,0.25,23.3117,30.2592,20.9164,2.1129,5943.86,22.0,calce_cs2,0.9122,-0.006399999999999961,-0.0008799999999999919,8.2592,1.4407
CS2_35,308,0.9071,0.8158,3.5306,4.2,2.753,0.4108,-0.5448,0.0,-0.56,0.25,23.288,30.1493,21.0467,2.1762,5914.99,22.0,calce_cs2,0.9058,0.0012999999999999678,-5.9999999999993395e-05,8.1493,1.447
CS2_35,309,0.9061,0.8149,3.5266,4.2,2.7526,0.4109,-0.5546,0.0,-0.56,0.25,23.2255,30.3107,20.9765,2.062,5917.22,22.0,calce_cs2,0.9071,-0.0010000000000000009,-0.00031999999999998696,8.3107,1.4474
CS2_35,310,0.9051,0.814,3.532,4.2,2.7417,0.411,-0.5554,0.0,-0.56,0.25,23.2602,30.2815,21.0209,2.1313,5913.87,22.0,calce_cs2,0.9061,-0.0010000000000000009,-0.00038000000000000257,8.281500000000001,1.4583000000000004
CS2_35,311,0.9054,0.8142,3.5243,4.2,2.7489,0.4111,-0.5529,0.0,-0.56,0.25,23.209,30.6513,20.8105,2.1163,5942.75,22.0,calce_cs2,0.9051,0.00029999999999996696,-0.0013600000000000057,8.651299999999999,1.4511000000000003
CS2_35,312,0.9043,0.8132,3.5344,4.2,2.7555,0.4112,-0.5509,0.0,-0.56,0.25,23.2204,30.2214,20.9508,2.1741,5927.87,22.0,calce_cs2,0.9054,-0.0010999999999999899,-0.00030000000000001136,8.2214,1.4445000000000001
CS2_35,313,0.9016,0.8108,3.5314,4.2,2.7528,0.4113,-0.5498,0.0,-0.56,0.25,23.1448,30.2492,20.9733,2.0845,5892.39,22.0,calce_cs2,0.9043,-0.0027000000000000357,-0.001100000000000012,8.249199999999998,1.4472
CS2_35,314,0.9046,0.8135,3.5296,4.2,2.7476,0.4114,-0.5366,0.0,-0.56,0.25,23.0635,30.4097,20.9876,2.1335,5913.77,22.0,calce_cs2,0.9016,0.0030000000000000027,-0.00030000000000001136,8.4097,1.4524000000000004
CS2_35,315,0.9043,0.8132,3.5257,4.2,2.7546,0.4115,-0.555,0.0,-0.56,0.25,23.1078,30.5146,21.0414,2.076,5942.36,22.0,calce_cs2,0.9046,-0.00029999999999996696,-0.0001600000000000046,8.514600000000002,1.4454000000000002
CS2_35,316,0.9024,0.8115,3.5252,4.2,2.7432,0.4116,-0.5464,0.0,-0.56,0.25,23.1571,30.1074,21.0792,2.0986,5879.64,22.0,calce_cs2,0.9043,-0.0019000000000000128,-0.0006000000000000005,8.107399999999998,1.4568000000000003
CS2_35,317,0.8986,0.8081,3.5257,4.2,2.7477,0.4117,-0.5568,0.0,-0.56,0.25,23.2384,30.5365,21.0028,2.1085,5901.4,22.0,calce_cs2,0.9024,-0.0038000000000000256,-0.0011400000000000078,8.5365,1.4523000000000001
CS2_35,318,0.9006,0.8099,3.5287,4.2,2.7576,0.4118,-0.5486,0.0,-0.56,0.25,23.3299,30.465,20.986,2.1147,5896.79,22.0,calce_cs2,0.8986,0.0020000000000000018,-0.00020000000000000017,8.465,1.4424000000000001
CS2_35,319,0.8996,0.809,3.5229,4.2,2.7504,0.4119,-0.5462,0.0,-0.56,0.25,23.1712,30.356,20.9055,2.0762,5878.62,22.0,calce_cs2,0.9006,-0.0010000000000000009,-0.0010000000000000009,8.356000000000002,1.4496000000000002
CS2_35,320,0.9008,0.8101,3.5292,4.2,2.7559,0.412,-0.5499,0.0,-0.56,0.25,23.2118,30.2592,20.9419,2.1088,5866.31,22.0,calce_cs2,0.8996,0.0012000000000000899,-0.0006999999999999895,8.2592,1.4441000000000002
CS2_35,321,0.9,0.8094,3.5282,4.2,2.7457,0.4121,-0.5451,0.0,-0.56,0.25,22.9978,30.3292,20.9716,2.1106,5897.42,22.0,calce_cs2,0.9008,-0.0008000000000000229,-0.00047999999999999156,8.3292,1.4543000000000004
CS2_35,322,0.8962,0.8059,3.5172,4.2,2.7476,0.4122,-0.55,0.0,-0.56,0.25,23.2316,30.4042,21.0607,2.1315,5853.96,22.0,calce_cs2,0.9,-0.0038000000000000256,-0.00047999999999999156,8.4042,1.4524000000000004
CS2_35,323,0.8958,0.8056,3.5153,4.2,2.7503,0.4123,-0.554,0.0,-0.56,0.25,23.2845,30.337,21.1246,2.0372,5838.78,22.0,calce_cs2,0.8962,-0.00039999999999995595,-0.0009599999999999831,8.337,1.4497
CS2_35,324,0.8962,0.8059,3.5191,4.2,2.7487,0.4124,-0.5456,0.0,-0.56,0.25,23.1636,30.2699,21.0222,2.0235,5895.09,22.0,calce_cs2,0.8958,0.00039999999999995595,-0.0006799999999999917,8.2699,1.4513000000000003
CS2_35,325,0.8994,0.8089,3.5259,4.2,2.7514,0.4125,-0.5512,0.0,-0.56,0.25,23.2073,30.323,20.8789,2.1029,5879.78,22.0,calce_cs2,0.8962,0.0031999999999999806,-0.0002800000000000136,8.323,1.4486000000000003
CS2_35,326,0.8984,0.8079,3.5248,4.2,2.7516,0.4126,-0.5447,0.0,-0.56,0.25,23.0002,30.3322,20.9884,2.0633,5873.62,22.0,calce_cs2,0.8994,-0.0010000000000000009,-0.0003200000000000092,8.3322,1.4484000000000004
CS2_35,327,0.8928,0.8028,3.5269,4.2,2.752,0.4127,-0.5473,0.0,-0.56,0.25,23.2433,30.6331,20.8249,2.0832,5821.02,22.0,calce_cs2,0.8984,-0.005599999999999938,-0.0006799999999999917,8.633099999999999,1.4480000000000004
CS2_35,328,0.8929,0.803,3.5154,4.2,2.7527,0.4128,-0.5434,0.0,-0.56,0.25,23.3022,30.8757,20.8963,2.0542,5850.71,22.0,calce_cs2,0.8928,9.999999999998899e-05,-0.0005800000000000027,8.875699999999998,1.4473000000000003
CS2_35,329,0.8967,0.8064,3.5082,4.2,2.7476,0.4129,-0.5488,0.0,-0.56,0.25,23.1514,30.343,21.0054,1.9918,5866.57,22.0,calce_cs2,0.8929,0.0038000000000000256,0.00010000000000001119,8.343,1.4524000000000004
CS2_35,330,0.8934,0.8034,3.5148,4.2,2.7345,0.413,-0.5458,0.0,-0.56,0.25,23.3065,30.1579,20.9584,2.0913,5857.27,22.0,calce_cs2,0.8967,-0.0033000000000000806,-0.001200000000000001,8.157900000000001,1.4655
CS2_35,331,0.8882,0.7988,3.5161,4.2,2.7369,0.4131,-0.5484,0.0,-0.56,0.25,23.2667,30.4976,20.9381,2.0613,5822.06,22.0,calce_cs2,0.8934,-0.005199999999999982,-0.0020399999999999975,8.497599999999998,1.4631000000000003
CS2_35,332,0.8926,0.8027,3.5147,4.2,2.7489,0.4132,-0.5531,0.0,-0.56,0.25,23.35,30.1104,20.9624,2.133,5849.86,22.0,calce_cs2,0.8882,0.0043999999999999595,-4.00000000000178e-05,8.110399999999998,1.4511000000000003
CS2_35,333,0.8913,0.8016,3.5133,4.2,2.7472,0.4133,-0.5526,0.0,-0.56,0.25,23.5155,30.3166,21.029,2.1405,5831.48,22.0,calce_cs2,0.8926,-0.0012999999999999678,-0.0003200000000000092,8.316600000000001,1.4528000000000003
CS2_35,334,0.889,0.7995,3.5232,4.2,2.7568,0.4134,-0.5538,0.0,-0.56,0.25,23.2109,30.336,20.9673,2.0885,5822.46,22.0,calce_cs2,0.8913,-0.0022999999999999687,-0.001540000000000008,8.335999999999999,1.4432
CS2_35,335,0.8924,0.8025,3.5143,4.2,2.7625,0.4135,-0.5445,0.0,-0.56,0.25,23.1093,30.3872,20.9733,2.113,5837.76,22.0,calce_cs2,0.889,0.0033999999999999586,-0.00020000000000000017,8.3872,1.4375
CS2_35,336,0.8871,0.7977,3.5192,4.2,2.7479,0.4136,-0.5455,0.0,-0.56,0.25,23.5405,30.5528,20.8579,2.0643,5813.04,22.0,calce_cs2,0.8924,-0.005299999999999971,-0.00021999999999999797,8.552800000000001,1.4521000000000002
CS2_35,337,0.891,0.8013,3.5133,4.2,2.7577,0.4137,-0.5591,0.0,-0.56,0.25,23.1514,30.4361,21.0561,2.0708,5847.47,22.0,calce_cs2,0.8871,0.0039000000000000146,-0.00031999999999998696,8.4361,1.4423000000000004
CS2_35,338,0.8865,0.7972,3.5299,4.2,2.7528,0.4138,-0.5612,0.0,-0.56,0.25,23.1723,30.4978,21.0996,2.0735,5807.58,22.0,calce_cs2,0.891,-0.0045000000000000595,-0.0009600000000000053,8.497800000000002,1.4472
CS2_35,339,0.89,0.8003,3.5076,4.2,2.7498,0.4139,-0.5515,0.0,-0.56,0.25,23.5088,30.407,20.8486,2.1295,5827.52,22.0,calce_cs2,0.8865,0.0035000000000000586,0.00020000000000000017,8.407,1.4502000000000002
CS2_35,340,0.8959,0.8057,3.5176,4.2,2.7523,0.414,-0.5566,0.0,-0.56,0.25,23.0899,30.5882,21.0766,2.0742,5860.54,22.0,calce_cs2,0.89,0.005900000000000016,0.0007000000000000117,8.5882,1.4477000000000002
CS2_35,341,0.8878,0.7984,3.5159,4.2,2.757,0.4141,-0.5518,0.0,-0.56,0.25,23.3404,30.444,20.9786,2.1859,5812.93,22.0,calce_cs2,0.8959,-0.008099999999999996,0.0001400000000000068,8.443999999999999,1.443
CS2_35,342,0.8858,0.7966,3.516,4.2,2.7504,0.4142,-0.5558,0.0,-0.56,0.25,23.4826,30.3884,20.9363,2.1038,5808.59,22.0,calce_cs2,0.8878,-0.0020000000000000018,-0.0010399999999999964,8.3884,1.4496000000000002
CS2_35,343,0.8862,0.7969,3.5086,4.2,2.742,0.4143,-0.5582,0.0,-0.56,0.25,23.4085,30.3586,20.9089,2.0612,5801.82,22.0,calce_cs2,0.8858,0.00039999999999995595,-5.9999999999993395e-05,8.3586,1.4580000000000002
CS2_35,344,0.8845,0.7954,3.5102,4.2,2.7417,0.4144,-0.5445,0.0,-0.56,0.25,23.2161,30.5794,20.9844,2.1323,5775.02,22.0,calce_cs2,0.8862,-0.0017000000000000348,-0.001100000000000012,8.5794,1.4583000000000004
CS2_35,345,0.885,0.7958,3.5207,4.2,2.7387,0.4145,-0.5553,0.0,-0.56,0.25,23.5619,30.5513,20.9152,2.126,5812.55,22.0,calce_cs2,0.8845,0.000500000000000056,-0.002180000000000004,8.551300000000001,1.4613
CS2_35,346,0.885,0.7959,3.5081,4.2,2.7513,0.4146,-0.5512,0.0,-0.56,0.25,23.0516,30.3456,21.069,2.0929,5809.64,22.0,calce_cs2,0.885,0.0,-0.0005600000000000049,8.345600000000001,1.4487
CS2_35,347,0.8794,0.7908,3.51,4.2,2.7547,0.4147,-0.5482,0.0,-0.56,0.25,23.3142,30.8545,20.9108,2.1293,5746.65,22.0,calce_cs2,0.885,-0.005600000000000049,-0.0012800000000000144,8.854500000000002,1.4453
CS2_35,348,0.8832,0.7943,3.5133,4.2,2.7488,0.4148,-0.5401,0.0,-0.56,0.25,23.2264,30.7893,20.9546,2.0939,5793.32,22.0,calce_cs2,0.8794,0.0038000000000000256,-0.0006000000000000005,8.7893,1.4512
CS2_35,349,0.8779,0.7895,3.5208,4.2,2.7522,0.4149,-0.5506,0.0,-0.56,0.25,23.4524,30.8201,21.0096,2.1094,5757.13,22.0,calce_cs2,0.8832,-0.005299999999999971,-0.0013199999999999878,8.8201,1.4478
CS2_35,350,0.8839,0.7949,3.5175,4.2,2.747,0.415,-0.5536,0.0,-0.56,0.25,23.2316,30.4087,20.9323,2.0858,5748.81,22.0,calce_cs2,0.8779,0.006000000000000005,-0.00021999999999999797,8.4087,1.4530000000000003
CS2_35,351,0.8783,0.7898,3.5099,4.2,2.746,0.4151,-0.543,0.0,-0.56,0.25,23.4029,30.5956,20.9278,2.0972,5752.9,22.0,calce_cs2,0.8839,-0.005600000000000049,-0.0013400000000000079,8.595600000000001,1.4540000000000002
CS2_35,352,0.8822,0.7934,3.5148,4.2,2.7582,0.4152,-0.5396,0.0,-0.56,0.25,23.3874,30.3885,21.239,1.9503,5786.33,22.0,calce_cs2,0.8783,0.0039000000000000146,0.0005600000000000049,8.3885,1.4418000000000002
CS2_35,353,0.8866,0.7973,3.5153,4.2,2.759,0.4153,-0.5442,0.0,-0.56,0.25,23.323,30.6649,20.9226,2.143,5794.38,22.0,calce_cs2,0.8822,0.0044000000000000705,0.0006800000000000139,8.6649,1.4410000000000003
CS2_35,354,0.8852,0.796,3.5034,4.2,2.7515,0.4154,-0.5541,0.0,-0.56,0.25,23.6576,30.5963,21.094,2.1339,5797.89,22.0,calce_cs2,0.8866,-0.0014000000000000679,0.0014599999999999947,8.5963,1.4485000000000001
CS2_35,355,0.8777,0.7893,3.5081,4.2,2.7438,0.4155,-0.5598,0.0,-0.56,0.25,23.2288,30.9452,20.9589,2.0963,5753.19,22.0,calce_cs2,0.8852,-0.007499999999999951,-0.0012399999999999967,8.9452,1.4562000000000004
CS2_35,356,0.8773,0.7889,3.4982,4.2,2.7538,0.4156,-0.5565,0.0,-0.56,0.25,23.3841,30.6934,21.051,2.1596,5742.28,22.0,calce_cs2,0.8777,-0.00040000000000006697,-0.00020000000000000017,8.6934,1.4462000000000002
CS2_35,357,0.8779,0.7895,3.5113,4.2,2.7476,0.4157,-0.5542,0.0,-0.56,0.25,23.4853,30.4835,20.811,2.1125,5735.74,22.0,calce_cs2,0.8773,0.0006000000000000449,-0.0008599999999999941,8.4835,1.4524000000000004
CS2_35,358,0.8799,0.7913,3.5071,4.2,2.7552,0.4158,-0.556,0.0,-0.56,0.25,23.5136,30.682,20.9375,2.0532,5779.4,22.0,calce_cs2,0.8779,0.0020000000000000018,-0.0013400000000000079,8.681999999999999,1.4448000000000003
CS2_35,359,0.8769,0.7885,3.5152,4.2,2.7464,0.4159,-0.5494,0.0,-0.56,0.25,23.3924,30.3816,21.0139,2.0857,5732.27,22.0,calce_cs2,0.8799,-0.0030000000000000027,-0.0016599999999999948,8.381599999999999,1.4536000000000002
CS2_35,360,0.8725,0.7846,3.5045,4.2,2.7517,0.416,-0.5583,0.0,-0.56,0.25,23.4262,30.5897,21.0801,2.1386,5693.7,22.0,calce_cs2,0.8769,-0.0043999999999999595,-0.0010399999999999964,8.5897,1.4483000000000001
CS2_35,361,0.8781,0.7897,3.5108,4.2,2.7556,0.4161,-0.5497,0.0,-0.56,0.25,23.3955,30.8009,21.0206,2.1421,5743.9,22.0,calce_cs2,0.8725,0.005599999999999938,0.0001600000000000046,8.800899999999999,1.4444000000000004
CS2_35,362,0.873,0.785,3.5101,4.2,2.7513,0.4162,-0.5514,0.0,-0.56,0.25,23.3598,30.7876,20.9878,2.062,5695.14,22.0,calce_cs2,0.8781,-0.005099999999999993,-0.000980000000000003,8.787600000000001,1.4487
CS2_35,363,0.8733,0.7853,3.5058,4.2,2.7562,0.4163,-0.5474,0.0,-0.56,0.25,23.4442,30.3308,21.055,2.1152,5714.83,22.0,calce_cs2,0.873,0.00029999999999996696,-0.00132000000000001,8.3308,1.4438
CS2_35,364,0.8737,0.7857,3.5093,4.2,2.7418,0.4164,-0.5468,0.0,-0.56,0.25,23.4078,30.5021,21.1152,2.0637,5749.09,22.0,calce_cs2,0.8733,0.00040000000000006697,-0.0006399999999999961,8.502099999999999,1.4582000000000002
CS2_35,365,0.8728,0.7849,3.5058,4.2,2.7475,0.4165,-0.5606,0.0,-0.56,0.25,23.2748,30.4083,21.0202,2.1091,5694.54,22.0,calce_cs2,0.8737,-0.0009000000000000119,5.9999999999993395e-05,8.4083,1.4525000000000001
CS2_35,366,0.8732,0.7853,3.4979,4.2,2.7532,0.4166,-0.5486,0.0,-0.56,0.25,23.5041,30.5718,21.0362,2.1389,5710.84,22.0,calce_cs2,0.8728,0.00039999999999995595,-0.000980000000000003,8.5718,1.4468
CS2_35,367,0.8714,0.7836,3.5083,4.2,2.7482,0.4167,-0.5398,0.0,-0.56,0.25,23.3125,30.5529,21.1288,2.0626,5679.42,22.0,calce_cs2,0.8732,-0.0018000000000000238,-0.0003200000000000092,8.552900000000001,1.4518
CS2_35,368,0.8695,0.7819,3.5036,4.2,2.748,0.4168,-0.5368,0.0,-0.56,0.25,23.527,30.6537,21.0474,1.993,5701.57,22.0,calce_cs2,0.8714,-0.0018999999999999018,-0.0007599999999999829,8.6537,1.452
CS2_35,369,0.879,0.7904,3.5068,4.2,2.7512,0.4169,-0.5573,0.0,-0.56,0.25,23.437,30.7798,20.975,2.0973,5736.43,22.0,calce_cs2,0.8695,0.009499999999999953,0.0010599999999999943,8.779800000000002,1.4488000000000003
CS2_35,370,0.872,0.7842,3.508,4.2,2.7518,0.417,-0.5382,0.0,-0.56,0.25,23.502,30.3546,20.8937,2.1258,5700.63,22.0,calce_cs2,0.879,-0.007000000000000006,-0.0001600000000000046,8.354600000000001,1.4482000000000004
CS2_35,371,0.8667,0.7794,3.507,4.2,2.7544,0.4171,-0.5493,0.0,-0.56,0.25,23.3923,30.6146,20.9882,2.0482,5662.33,22.0,calce_cs2,0.872,-0.005299999999999971,-0.00129999999999999,8.6146,1.4456000000000002
CS2_35,372,0.8692,0.7817,3.5072,4.2,2.7492,0.4172,-0.556,0.0,-0.56,0.25,23.6758,30.8364,20.9777,2.058,5654.42,22.0,calce_cs2,0.8667,0.0024999999999999467,-0.00043999999999999595,8.836400000000001,1.4508
CS2_35,373,0.8689,0.7813,3.4983,4.2,2.753,0.4173,-0.556,0.0,-0.56,0.25,23.3274,30.3127,20.9461,2.1381,5687.59,22.0,calce_cs2,0.8692,-0.00029999999999996696,-0.00012000000000000899,8.3127,1.447
CS2_35,374,0.8696,0.782,3.4975,4.2,2.7616,0.4174,-0.5415,0.0,-0.56,0.25,23.7701,30.6932,20.9187,2.0543,5674.86,22.0,calce_cs2,0.8689,0.0007000000000000339,-0.0018799999999999928,8.693200000000001,1.4384000000000001
CS2_35,375,0.8649,0.7778,3.495,4.2,2.7465,0.4175,-0.5493,0.0,-0.56,0.25,23.4532,30.6438,20.9398,2.0321,5664.13,22.0,calce_cs2,0.8696,-0.0047000000000000375,-0.001419999999999999,8.643799999999999,1.4535
CS2_35,376,0.862,0.7752,3.5069,4.2,2.7417,0.4176,-0.5504,0.0,-0.56,0.25,23.3401,30.458,20.9463,2.0697,5645.52,22.0,calce_cs2,0.8649,-0.0029000000000000137,-0.0009400000000000075,8.457999999999998,1.4583000000000004
CS2_35,377,0.8704,0.7827,3.5148,4.2,2.7576,0.4177,-0.5401,0.0,-0.56,0.25,23.4423,30.6932,20.9689,2.1435,5694.12,22.0,calce_cs2,0.862,0.008399999999999963,0.00023999999999999578,8.693200000000001,1.4424000000000001
CS2_35,378,0.8659,0.7787,3.4969,4.2,2.7466,0.4178,-0.5411,0.0,-0.56,0.25,23.5165,30.7033,21.0209,2.1843,5678.93,22.0,calce_cs2,0.8704,-0.0044999999999999485,-0.0006000000000000005,8.703299999999999,1.4534000000000002
CS2_35,379,0.8658,0.7786,3.4973,4.2,2.761,0.4179,-0.5531,0.0,-0.56,0.25,23.4194,30.8329,21.0065,2.1557,5683.5,22.0,calce_cs2,0.8659,-9.999999999998899e-05,-0.0007600000000000051,8.832899999999999,1.439
CS2_35,380,0.8624,0.7756,3.5045,4.2,2.747,0.418,-0.5408,0.0,-0.56,0.25,23.5703,30.8845,21.1408,2.1302,5624.27,22.0,calce_cs2,0.8658,-0.0033999999999999586,-0.0004999999999999894,8.8845,1.4530000000000003
CS2_35,381,0.8658,0.7786,3.4938,4.2,2.7428,0.4181,-0.5488,0.0,-0.56,0.25,23.4248,30.8504,20.9942,2.1207,5679.79,22.0,calce_cs2,0.8624,0.0033999999999999586,0.0007600000000000051,8.8504,1.4572000000000003
CS2_35,382,0.8652,0.7781,3.4961,4.2,2.7475,0.4182,-0.552,0.0,-0.56,0.25,23.3766,30.7261,21.0679,2.1336,5661.1,22.0,calce_cs2,0.8658,-0.0006000000000000449,-0.0010399999999999964,8.726099999999999,1.4525000000000001
CS2_35,383,0.8622,0.7754,3.5004,4.2,2.7492,0.4183,-0.5559,0.0,-0.56,0.25,23.419,30.5371,20.9302,2.0537,5639.49,22.0,calce_cs2,0.8652,-0.0030000000000000027,-0.0007400000000000074,8.537099999999999,1.4508
CS2_35,384,0.8598,0.7732,3.5024,4.2,2.7539,0.4184,-0.5533,0.0,-0.56,0.25,23.4878,30.7389,20.9482,2.0996,5596.22,22.0,calce_cs2,0.8622,-0.0023999999999999577,-0.001200000000000001,8.738900000000001,1.4461000000000004
CS2_35,385,0.8615,0.7747,3.5032,4.2,2.7508,0.4185,-0.5471,0.0,-0.56,0.25,23.5993,30.6207,20.898,2.1779,5648.43,22.0,calce_cs2,0.8598,0.0017000000000000348,-0.00018000000000000237,8.6207,1.4492000000000003
CS2_35,386,0.8614,0.7747,3.486,4.2,2.7516,0.4186,-0.5545,0.0,-0.56,0.25,23.3878,30.8766,20.9925,2.1089,5656.29,22.0,calce_cs2,0.8615,-9.999999999998899e-05,-0.0008799999999999919,8.8766,1.4484000000000004
CS2_35,387,0.8618,0.775,3.4981,4.2,2.7487,0.4187,-0.5527,0.0,-0.56,0.25,23.5527,30.7387,21.2144,1.9969,5646.75,22.0,calce_cs2,0.8614,0.00039999999999995595,-0.0006799999999999917,8.738700000000001,1.4513000000000003
CS2_35,388,0.8612,0.7745,3.4868,4.2,2.7517,0.4188,-0.5441,0.0,-0.56,0.25,23.4203,30.8333,20.9679,2.0906,5632.98,22.0,calce_cs2,0.8618,-0.0006000000000000449,-0.00020000000000000017,8.833300000000001,1.4483000000000001
CS2_35,389,0.8586,0.7722,3.487,4.2,2.7479,0.4189,-0.549,0.0,-0.56,0.25,23.4596,30.6862,21.0677,2.1334,5608.3,22.0,calce_cs2,0.8612,-0.0025999999999999357,-0.00023999999999999578,8.6862,1.4521000000000002
CS2_35,390,0.8587,0.7722,3.491,4.2,2.7571,0.419,-0.5506,0.0,-0.56,0.25,23.4149,30.6636,20.9504,2.1289,5590.65,22.0,calce_cs2,0.8586,9.999999999998899e-05,-0.0005600000000000049,8.663599999999999,1.4429000000000003
CS2_35,391,0.8545,0.7684,3.4843,4.2,2.7487,0.4191,-0.5402,0.0,-0.56,0.25,23.4271,30.7354,21.0722,1.9998,5603.38,22.0,calce_cs2,0.8587,-0.0041999999999999815,-0.0013800000000000034,8.735399999999998,1.4513000000000003
CS2_35,392,0.8576,0.7713,3.4939,4.2,2.7498,0.4192,-0.5445,0.0,-0.56,0.25,23.3417,30.81,21.0087,2.2262,5605.88,22.0,calce_cs2,0.8545,0.0030999999999999917,-0.0008399999999999963,8.809999999999999,1.4502000000000002
CS2_35,393,0.8577,0.7713,3.494,4.2,2.7511,0.4193,-0.5586,0.0,-0.56,0.25,23.3959,30.9563,20.9968,2.0152,5605.32,22.0,calce_cs2,0.8576,9.999999999998899e-05,-0.0006999999999999895,8.956299999999999,1.4489
CS2_35,394,0.8569,0.7706,3.4901,4.2,2.742,0.4194,-0.543,0.0,-0.56,0.25,23.3539,30.8986,20.9367,2.1072,5612.28,22.0,calce_cs2,0.8577,-0.0008000000000000229,-0.00034000000000000696,8.898599999999998,1.4580000000000002
CS2_35,395,0.854,0.768,3.4894,4.2,2.7461,0.4195,-0.559,0.0,-0.56,0.25,23.4388,30.8215,21.0991,2.083,5597.83,22.0,calce_cs2,0.8569,-0.0029000000000000137,-0.0009400000000000075,8.8215,1.4539
CS2_35,396,0.8553,0.7692,3.4875,4.2,2.7489,0.4196,-0.5396,0.0,-0.56,0.25,23.4065,31.0847,21.0839,2.054,5595.1,22.0,calce_cs2,0.854,0.0012999999999999678,0.00015999999999998237,9.084700000000002,1.4511000000000003
CS2_35,397,0.8543,0.7683,3.4915,4.2,2.7523,0.4197,-0.5459,0.0,-0.56,0.25,23.5047,30.6152,21.0372,2.0988,5569.43,22.0,calce_cs2,0.8553,-0.0010000000000000009,-0.0006600000000000162,8.615200000000002,1.4477000000000002
CS2_35,398,0.8535,0.7676,3.4858,4.2,2.7438,0.4198,-0.5488,0.0,-0.56,0.25,23.5926,30.6927,20.923,2.1244,5595.83,22.0,calce_cs2,0.8543,-0.0007999999999999119,-0.0008399999999999963,8.692699999999999,1.4562000000000004
CS2_35,399,0.8503,0.7647,3.4978,4.2,2.7513,0.4199,-0.548,0.0,-0.56,0.25,23.6878,31.0044,20.8621,2.1542,5549.09,22.0,calce_cs2,0.8535,-0.0032000000000000917,-0.00132000000000001,9.0044,1.4487
CS2_35,400,0.85,0.7644,3.4882,4.2,2.7468,0.42,-0.5462,0.0,-0.56,0.25,23.7966,31.0948,20.9511,2.0289,5585.3,22.0,calce_cs2,0.8503,-0.00029999999999996696,-0.0008000000000000007,9.0948,1.4532000000000003
CS2_35,401,0.8514,0.7657,3.4855,4.2,2.7555,0.4201,-0.5464,0.0,-0.56,0.25,23.5985,31.0067,21.0485,2.1276,5579.66,22.0,calce_cs2,0.85,0.0014000000000000679,-0.0007799999999999807,9.006699999999999,1.4445000000000001
CS2_35,402,0.8506,0.765,3.4947,4.2,2.7422,0.4202,-0.546,0.0,-0.56,0.25,23.5816,30.7769,20.9751,2.1007,5573.49,22.0,calce_cs2,0.8514,-0.0008000000000000229,-0.0007399999999999851,8.776900000000001,1.4578000000000002
CS2_35,403,0.8524,0.7666,3.4851,4.2,2.7588,0.4203,-0.5472,0.0,-0.56,0.25,23.4313,30.6692,21.0825,2.1408,5557.89,22.0,calce_cs2,0.8506,0.0018000000000000238,-0.00021999999999999797,8.6692,1.4412000000000003
CS2_35,404,0.8531,0.7672,3.4914,4.2,2.7552,0.4204,-0.5611,0.0,-0.56,0.25,23.5333,30.7997,20.9063,2.1331,5579.78,22.0,calce_cs2,0.8524,0.0006999999999999229,0.0005600000000000049,8.799700000000001,1.4448000000000003
CS2_35,405,0.8444,0.7594,3.4895,4.2,2.7487,0.4205,-0.5485,0.0,-0.56,0.25,23.5005,30.8231,20.8808,2.2409,5507.88,22.0,calce_cs2,0.8531,-0.00869999999999993,-0.0011199999999999878,8.8231,1.4513000000000003
CS2_35,406,0.8454,0.7603,3.4898,4.2,2.7534,0.4206,-0.553,0.0,-0.56,0.25,23.7861,30.8876,21.0315,2.049,5522.3,22.0,calce_cs2,0.8444,0.0010000000000000009,-0.001200000000000001,8.887599999999999,1.4466
CS2_35,407,0.8485,0.763,3.4974,4.2,2.7519,0.4207,-0.5514,0.0,-0.56,0.25,23.7113,30.929,21.0148,2.0837,5545.74,22.0,calce_cs2,0.8454,0.0030999999999999917,-0.0004199999999999982,8.928999999999998,1.4481000000000002
CS2_35,408,0.8482,0.7628,3.487,4.2,2.7475,0.4208,-0.5502,0.0,-0.56,0.25,23.6388,30.8941,21.0624,2.1248,5548.35,22.0,calce_cs2,0.8485,-0.000300000000000078,-0.0008400000000000185,8.894100000000002,1.4525000000000001
CS2_35,409,0.8527,0.7668,3.493,4.2,2.7485,0.4209,-0.5449,0.0,-0.56,0.25,23.6575,30.943,20.9995,2.0326,5591.36,22.0,calce_cs2,0.8482,0.0045000000000000595,-7.999999999999118e-05,8.943000000000001,1.4515000000000002
CS2_35,410,0.8462,0.7609,3.4906,4.2,2.7565,0.421,-0.5487,0.0,-0.56,0.25,23.7288,30.6901,21.0244,2.0792,5516.75,22.0,calce_cs2,0.8527,-0.006500000000000061,0.00035999999999998257,8.690100000000001,1.4435000000000002
CS2_35,411,0.8473,0.7619,3.4832,4.2,2.7475,0.4211,-0.5482,0.0,-0.56,0.25,23.8749,30.7611,20.9568,2.0971,5525.21,22.0,calce_cs2,0.8462,0.001100000000000101,0.00038000000000000257,8.761099999999999,1.4525000000000001
CS2_35,412,0.8495,0.7639,3.4831,4.2,2.7433,0.4212,-0.5499,0.0,-0.56,0.25,23.5217,31.0028,20.9836,2.1153,5566.92,22.0,calce_cs2,0.8473,0.0021999999999999797,0.00020000000000000017,9.0028,1.4567
CS2_35,413,0.8448,0.7597,3.4848,4.2,2.7467,0.4213,-0.5485,0.0,-0.56,0.25,23.5556,30.7536,21.0783,2.1841,5560.12,22.0,calce_cs2,0.8495,-0.0047000000000000375,-0.0006799999999999917,8.753599999999999,1.4533
CS2_35,414,0.8441,0.7591,3.4871,4.2,2.7426,0.4214,-0.5423,0.0,-0.56,0.25,23.7341,30.9953,20.9407,1.9973,5546.83,22.0,calce_cs2,0.8448,-0.0007000000000000339,-0.0017200000000000104,8.9953,1.4574000000000003
CS2_35,415,0.8467,0.7614,3.4805,4.2,2.7523,0.4215,-0.5445,0.0,-0.56,0.25,23.5448,31.0169,20.9318,2.1371,5561.65,22.0,calce_cs2,0.8441,0.0026000000000000467,0.00010000000000001119,9.0169,1.4477000000000002
CS2_35,416,0.8381,0.7536,3.4899,4.2,2.7563,0.4216,-0.5541,0.0,-0.56,0.25,23.4571,30.9361,21.0459,2.014,5454.95,22.0,calce_cs2,0.8467,-0.008600000000000052,-0.0018400000000000194,8.9361,1.4437000000000002
CS2_35,417,0.8415,0.7567,3.4798,4.2,2.7535,0.4217,-0.5409,0.0,-0.56,0.25,23.6784,31.2968,20.9673,2.1179,5525.13,22.0,calce_cs2,0.8381,0.0034000000000000696,-0.0016000000000000014,9.296800000000001,1.4465000000000003
CS2_35,418,0.8392,0.7547,3.482,4.2,2.7491,0.4218,-0.5591,0.0,-0.56,0.25,23.4979,31.2405,20.9936,2.0525,5503.37,22.0,calce_cs2,0.8415,-0.0023000000000000798,-0.0011200000000000099,9.2405,1.4509000000000003
CS2_35,419,0.8351,0.751,3.4757,4.2,2.7473,0.4219,-0.5575,0.0,-0.56,0.25,23.4788,30.633,21.0014,2.2441,5454.3,22.0,calce_cs2,0.8392,-0.0040999999999999925,-0.0018000000000000017,8.633,1.4527
CS2_35,420,0.8403,0.7556,3.4748,4.2,2.7436,0.422,-0.5484,0.0,-0.56,0.25,23.5536,30.7311,20.9755,2.1178,5482.79,22.0,calce_cs2,0.8351,0.0052000000000000934,-0.0012799999999999923,8.731100000000001,1.4564000000000004
CS2_35,421,0.8381,0.7537,3.4854,4.2,2.75,0.4221,-0.5458,0.0,-0.56,0.25,23.6123,30.6255,20.9709,2.1136,5484.07,22.0,calce_cs2,0.8403,-0.0022000000000000908,0.0,8.625499999999999,1.4500000000000002
CS2_35,422,0.8396,0.755,3.4905,4.2,2.7505,0.4222,-0.5471,0.0,-0.56,0.25,23.5694,30.8489,21.0366,2.0516,5476.92,22.0,calce_cs2,0.8381,0.0015000000000000568,-0.00038000000000000257,8.8489,1.4495
CS2_35,423,0.8353,0.7512,3.4678,4.2,2.7519,0.4223,-0.5545,0.0,-0.56,0.25,23.5005,30.999,21.0567,2.0961,5453.78,22.0,calce_cs2,0.8396,-0.0042999999999999705,-0.0007799999999999807,8.998999999999999,1.4481000000000002
CS2_35,424,0.8336,0.7497,3.4813,4.2,2.7582,0.4224,-0.5456,0.0,-0.56,0.25,23.7251,30.988,21.0611,2.0576,5457.69,22.0,calce_cs2,0.8353,-0.0017000000000000348,-0.0002999999999999892,8.988,1.4418000000000002
CS2_35,425,0.8371,0.7528,3.4912,4.2,2.7395,0.4225,-0.5585,0.0,-0.56,0.25,23.6647,30.7383,21.1146,2.1031,5495.53,22.0,calce_cs2,0.8336,0.0034999999999999476,-0.0006400000000000184,8.738299999999999,1.4605000000000001
CS2_35,426,0.8334,0.7495,3.4776,4.2,2.7487,0.4226,-0.5477,0.0,-0.56,0.25,23.7237,30.8935,21.0359,2.1363,5454.85,22.0,calce_cs2,0.8371,-0.0036999999999999256,-0.0009399999999999853,8.8935,1.4513000000000003
CS2_35,427,0.8281,0.7447,3.477,4.2,2.7519,0.4227,-0.549,0.0,-0.56,0.25,23.6428,31.1145,21.0696,2.1144,5430.12,22.0,calce_cs2,0.8334,-0.005300000000000082,-0.002300000000000013,9.1145,1.4481000000000002
CS2_35,428,0.8333,0.7493,3.4672,4.2,2.7542,0.4228,-0.5633,0.0,-0.56,0.25,23.7627,31.0285,20.9411,2.123,5484.42,22.0,calce_cs2,0.8281,0.0052000000000000934,-0.00040000000000000034,9.028500000000001,1.4458000000000002
CS2_35,429,0.8322,0.7484,3.4925,4.2,2.7535,0.4229,-0.5448,0.0,-0.56,0.25,23.8736,31.1514,20.9608,2.0966,5457.87,22.0,calce_cs2,0.8333,-0.0010999999999999899,-0.00027999999999999136,9.151399999999999,1.4465000000000003
CS2_35,430,0.8305,0.7468,3.4806,4.2,2.7466,0.423,-0.5568,0.0,-0.56,0.25,23.6718,30.9285,20.9431,2.1207,5448.65,22.0,calce_cs2,0.8322,-0.0017000000000000348,-0.0013199999999999878,8.9285,1.4534000000000002
CS2_35,431,0.8266,0.7433,3.4748,4.2,2.7422,0.4231,-0.5484,0.0,-0.56,0.25,23.7691,30.828,21.0073,1.9976,5412.08,22.0,calce_cs2,0.8305,-0.0039000000000000146,-0.0013600000000000057,8.828,1.4578000000000002
CS2_35,432,0.8315,0.7478,3.4784,4.2,2.7626,0.4232,-0.543,0.0,-0.56,0.25,23.629,30.8084,21.0179,2.0595,5440.87,22.0,calce_cs2,0.8266,0.0049000000000000155,0.0006800000000000139,8.808399999999999,1.4374000000000002
CS2_35,433,0.825,0.7419,3.4816,4.2,2.7505,0.4233,-0.5429,0.0,-0.56,0.25,23.5847,31.0495,20.9559,2.0014,5396.24,22.0,calce_cs2,0.8315,-0.006500000000000061,-0.001660000000000017,9.049499999999998,1.4495
CS2_35,434,0.8267,0.7434,3.4768,4.2,2.7491,0.4234,-0.5498,0.0,-0.56,0.25,23.7571,30.9325,21.0379,2.1444,5428.63,22.0,calce_cs2,0.825,0.0017000000000000348,-0.001100000000000012,8.932500000000001,1.4509000000000003
CS2_35,435,0.8208,0.7381,3.4695,4.2,2.7583,0.4235,-0.5486,0.0,-0.56,0.25,23.5362,30.8233,20.9466,2.0979,5402.56,22.0,calce_cs2,0.8267,-0.005900000000000016,-0.0019400000000000083,8.8233,1.4417
CS2_35,436,0.8276,0.7442,3.4738,4.2,2.7485,0.4236,-0.5444,0.0,-0.56,0.25,23.5235,30.6949,20.9685,2.0886,5422.37,22.0,calce_cs2,0.8208,0.006800000000000028,0.00020000000000000017,8.6949,1.4515000000000002
CS2_35,437,0.8213,0.7386,3.4799,4.2,2.7447,0.4237,-0.5529,0.0,-0.56,0.25,23.6314,31.0238,20.981,2.1015,5381.6,22.0,calce_cs2,0.8276,-0.006299999999999972,-0.0020399999999999975,9.023800000000001,1.4553000000000003
CS2_35,438,0.8223,0.7395,3.4719,4.2,2.7587,0.4238,-0.5584,0.0,-0.56,0.25,23.5796,31.112,20.7946,2.0345,5375.56,22.0,calce_cs2,0.8213,0.0010000000000000009,-0.0005399999999999849,9.111999999999998,1.4413
CS2_35,439,0.8209,0.7382,3.4803,4.2,2.7479,0.4239,-0.5528,0.0,-0.56,0.25,23.7564,31.0884,21.0541,2.0712,5377.04,22.0,calce_cs2,0.8223,-0.0014000000000000679,-0.0011600000000000054,9.0884,1.4521000000000002
CS2_35,440,0.8207,0.7381,3.468,4.2,2.743,0.424,-0.548,0.0,-0.56,0.25,23.5322,31.1188,20.9113,2.1056,5382.06,22.0,calce_cs2,0.8209,-0.00019999999999997797,-1.9999999999997796e-05,9.1188,1.4570000000000003
CS2_35,441,0.8177,0.7354,3.4755,4.2,2.7508,0.4241,-0.5503,0.0,-0.56,0.25,23.7351,31.3309,20.985,2.2229,5363.64,22.0,calce_cs2,0.8207,-0.0030000000000000027,-0.001980000000000004,9.3309,1.4492000000000003
CS2_35,442,0.8178,0.7354,3.4761,4.2,2.7566,0.4242,-0.5553,0.0,-0.56,0.25,23.6567,30.9997,21.0428,2.1112,5338.59,22.0,calce_cs2,0.8177,9.999999999998899e-05,-0.0007000000000000117,8.9997,1.4434
CS2_35,443,0.8152,0.7331,3.4709,4.2,2.7485,0.4243,-0.5547,0.0,-0.56,0.25,23.7806,30.9374,20.9668,2.0182,5317.19,22.0,calce_cs2,0.8178,-0.0025999999999999357,-0.001419999999999999,8.9374,1.4515000000000002
CS2_35,444,0.8157,0.7336,3.4706,4.2,2.7503,0.4244,-0.5566,0.0,-0.56,0.25,23.8785,31.0125,21.0637,2.137,5327.7,22.0,calce_cs2,0.8152,0.0004999999999999449,-0.0010399999999999964,9.0125,1.4497
CS2_35,445,0.8168,0.7345,3.4755,4.2,2.7494,0.4245,-0.5487,0.0,-0.56,0.25,23.5866,31.1682,21.0622,2.2697,5321.65,22.0,calce_cs2,0.8157,0.0010999999999999899,-0.0007800000000000029,9.168199999999999,1.4506000000000001
CS2_35,446,0.814,0.732,3.4841,4.2,2.7562,0.4246,-0.5564,0.0,-0.56,0.25,23.7384,31.0167,21.1031,2.1113,5300.38,22.0,calce_cs2,0.8168,-0.0028000000000000247,-0.0007400000000000074,9.0167,1.4438
CS2_35,447,0.8123,0.7305,3.4789,4.2,2.7542,0.4247,-0.5492,0.0,-0.56,0.25,23.7411,31.1345,21.0087,2.0675,5333.6,22.0,calce_cs2,0.814,-0.0016999999999999238,-0.0010999999999999899,9.1345,1.4458000000000002
CS2_35,448,0.8072,0.7259,3.4644,4.2,2.7468,0.4248,-0.5509,0.0,-0.56,0.25,23.9728,31.2319,21.1031,2.092,5263.62,22.0,calce_cs2,0.8123,-0.005099999999999993,-0.0016000000000000014,9.2319,1.4532000000000003
CS2_35,449,0.8066,0.7254,3.4597,4.2,2.7466,0.4249,-0.5446,0.0,-0.56,0.25,23.603,31.2137,21.1166,2.1139,5284.86,22.0,calce_cs2,0.8072,-0.0006000000000000449,-0.0018199999999999994,9.2137,1.4534000000000002
CS2_35,450,0.815,0.7329,3.4649,4.2,2.7603,0.425,-0.5472,0.0,-0.56,0.25,23.8129,31.1194,21.0112,2.1625,5350.32,22.0,calce_cs2,0.8066,0.008399999999999963,-0.00036000000000000474,9.119399999999999,1.4397000000000002
CS2_35,451,0.8061,0.7249,3.4727,4.2,2.742,0.4251,-0.5493,0.0,-0.56,0.25,23.8604,31.129,20.9324,2.0817,5243.81,22.0,calce_cs2,0.815,-0.008899999999999908,-0.0015799999999999814,9.129000000000001,1.4580000000000002
CS2_35,452,0.807,0.7257,3.4743,4.2,2.7444,0.4252,-0.5472,0.0,-0.56,0.25,23.7576,31.353,20.9886,2.0967,5293.19,22.0,calce_cs2,0.8061,0.0009000000000000119,-0.0010599999999999943,9.353000000000002,1.4556
CS2_35,453,0.8048,0.7237,3.4628,4.2,2.7513,0.4253,-0.5523,0.0,-0.56,0.25,24.0335,31.1029,21.0782,2.0718,5260.17,22.0,calce_cs2,0.807,-0.0022000000000000908,-0.00048000000000001373,9.102900000000002,1.4487
CS2_35,454,0.8029,0.722,3.4691,4.2,2.7497,0.4254,-0.5485,0.0,-0.56,0.25,23.7577,31.1655,20.8688,2.0895,5262.34,22.0,calce_cs2,0.8048,-0.0019000000000000128,-0.0007400000000000074,9.165500000000002,1.4503000000000004
CS2_35,455,0.7997,0.7191,3.4634,4.2,2.737,0.4255,-0.5495,0.0,-0.56,0.25,23.7669,31.3304,20.9669,2.0888,5256.06,22.0,calce_cs2,0.8029,-0.0031999999999999806,-0.003059999999999996,9.330400000000001,1.463
CS2_35,456,0.8002,0.7196,3.4657,4.2,2.7439,0.4256,-0.5495,0.0,-0.56,0.25,23.8349,31.2423,21.0718,2.1452,5249.32,22.0,calce_cs2,0.7997,0.000500000000000056,-0.0011800000000000033,9.2423,1.4561000000000002
CS2_35,457,0.7963,0.7161,3.4619,4.2,2.7458,0.4257,-0.547,0.0,-0.56,0.25,23.4272,31.3474,20.9219,2.1426,5203.64,22.0,calce_cs2,0.8002,-0.0039000000000000146,-0.0021400000000000086,9.3474,1.4542000000000002
CS2_35,458,0.7961,0.7159,3.4624,4.2,2.7403,0.4258,-0.5547,0.0,-0.56,0.25,24.0613,31.1846,21.1913,2.065,5187.64,22.0,calce_cs2,0.7963,-0.00019999999999997797,-0.001739999999999986,9.1846,1.4597000000000002
CS2_35,459,0.7952,0.7151,3.4776,4.2,2.7568,0.4259,-0.5466,0.0,-0.56,0.25,23.7264,31.2066,21.0116,2.0833,5188.43,22.0,calce_cs2,0.7961,-0.0009000000000000119,-0.0015399999999999858,9.206600000000002,1.4432
CS2_35,460,0.794,0.714,3.4647,4.2,2.7419,0.426,-0.5529,0.0,-0.56,0.25,23.7464,31.3591,21.017,2.132,5207.77,22.0,calce_cs2,0.7952,-0.0011999999999999789,-0.0011399999999999854,9.359100000000002,1.4581000000000004
CS2_35,461,0.7922,0.7124,3.4609,4.2,2.749,0.4261,-0.5504,0.0,-0.56,0.25,23.6858,31.239,21.0598,2.0842,5176.12,22.0,calce_cs2,0.794,-0.0018000000000000238,-0.0016000000000000014,9.239,1.451
CS2_35,462,0.7942,0.7142,3.4639,4.2,2.7419,0.4262,-0.5425,0.0,-0.56,0.25,23.8671,31.429,20.8871,2.113,5201.48,22.0,calce_cs2,0.7922,0.0020000000000000018,-0.0004199999999999982,9.428999999999998,1.4581000000000004
CS2_35,463,0.7896,0.71,3.4695,4.2,2.7442,0.4263,-0.5525,0.0,-0.56,0.25,23.6832,31.1739,21.0707,2.0788,5168.81,22.0,calce_cs2,0.7942,-0.0046000000000000485,-0.0013000000000000123,9.1739,1.4558
CS2_35,464,0.7882,0.7088,3.4717,4.2,2.7558,0.4264,-0.5482,0.0,-0.56,0.25,23.9549,31.0263,20.9912,2.1165,5160.88,22.0,calce_cs2,0.7896,-0.0013999999999999568,-0.0014000000000000013,9.026299999999999,1.4442000000000004
CS2_35,465,0.7927,0.7129,3.4507,4.2,2.7485,0.4265,-0.5502,0.0,-0.56,0.25,23.9401,31.2324,21.1076,2.0275,5192.18,22.0,calce_cs2,0.7882,0.0044999999999999485,-0.00026000000000001575,9.232399999999998,1.4515000000000002
CS2_35,466,0.7877,0.7084,3.4617,4.2,2.7493,0.4266,-0.5528,0.0,-0.56,0.25,23.7059,31.242,21.0483,2.1572,5170.18,22.0,calce_cs2,0.7927,-0.0050000000000000044,-0.0009000000000000119,9.242,1.4507000000000003
CS2_35,467,0.7867,0.7074,3.4572,4.2,2.7435,0.4267,-0.5528,0.0,-0.56,0.25,23.6408,31.2558,21.044,2.1679,5167.99,22.0,calce_cs2,0.7877,-0.0010000000000000009,-0.0015000000000000124,9.2558,1.4565000000000001
CS2_35,468,0.7808,0.7021,3.4658,4.2,2.7525,0.4268,-0.5544,0.0,-0.56,0.25,23.9046,30.9946,20.8959,2.1526,5133.79,22.0,calce_cs2,0.7867,-0.005899999999999905,-0.0017599999999999838,8.994599999999998,1.4475000000000002
CS2_35,469,0.7815,0.7028,3.458,4.2,2.751,0.4269,-0.5459,0.0,-0.56,0.25,24.0484,31.0898,21.1484,2.0991,5094.22,22.0,calce_cs2,0.7808,0.0006999999999999229,-0.0013400000000000079,9.0898,1.4490000000000003
CS2_35,470,0.7824,0.7036,3.4541,4.2,2.7552,0.427,-0.5519,0.0,-0.56,0.25,23.8006,31.2435,20.957,2.0632,5136.33,22.0,calce_cs2,0.7815,0.0009000000000000119,-0.002059999999999995,9.243500000000001,1.4448000000000003
CS2_35,471,0.7775,0.6992,3.4608,4.2,2.746,0.4271,-0.5405,0.0,-0.56,0.25,23.7944,31.0355,20.844,2.0627,5074.13,22.0,calce_cs2,0.7824,-0.0049000000000000155,-0.0020399999999999975,9.035499999999999,1.4540000000000002
CS2_35,472,0.7791,0.7007,3.4645,4.2,2.7512,0.4272,-0.5497,0.0,-0.56,0.25,23.7511,31.374,20.9483,1.9884,5097.05,22.0,calce_cs2,0.7775,0.0016000000000000458,-0.001519999999999988,9.373999999999999,1.4488000000000003
CS2_35,473,0.7784,0.7,3.4488,4.2,2.7514,0.4273,-0.5476,0.0,-0.56,0.25,23.6154,31.2637,21.0254,2.0802,5107.37,22.0,calce_cs2,0.7791,-0.0007000000000000339,-0.00048000000000001373,9.2637,1.4486000000000003
CS2_35,474,0.7776,0.6993,3.4633,4.2,2.7464,0.4274,-0.5455,0.0,-0.56,0.25,23.9005,31.487,20.9244,2.1447,5075.94,22.0,calce_cs2,0.7784,-0.0008000000000000229,-0.0007800000000000029,9.486999999999998,1.4536000000000002
CS2_35,475,0.7739,0.6959,3.4638,4.2,2.746,0.4275,-0.5483,0.0,-0.56,0.25,23.5825,31.4035,21.0487,2.0876,5085.27,22.0,calce_cs2,0.7776,-0.0036999999999999256,-0.0016999999999999904,9.403500000000001,1.4540000000000002
CS2_35,476,0.7812,0.7025,3.4578,4.2,2.7493,0.4276,-0.5537,0.0,-0.56,0.25,23.7271,31.363,21.0217,2.1203,5101.33,22.0,calce_cs2,0.7739,0.007299999999999973,0.0007400000000000074,9.363,1.4507000000000003
CS2_35,477,0.7751,0.697,3.4551,4.2,2.7484,0.4277,-0.5465,0.0,-0.56,0.25,24.1708,31.1153,20.8613,2.0004,5097.38,22.0,calce_cs2,0.7812,-0.006099999999999994,-0.0008000000000000007,9.115300000000001,1.4516
CS2_35,478,0.771,0.6934,3.4597,4.2,2.7548,0.4278,-0.5468,0.0,-0.56,0.25,23.8239,31.3868,21.0338,2.0845,5032.53,22.0,calce_cs2,0.7751,-0.0040999999999999925,-0.0014799999999999924,9.386800000000001,1.4452000000000003
CS2_35,479,0.7693,0.6918,3.4619,4.2,2.7574,0.4279,-0.5483,0.0,-0.56,0.25,24.1807,31.36,20.9498,2.1102,5044.21,22.0,calce_cs2,0.771,-0.0017000000000000348,-0.0016599999999999948,9.36,1.4426
CS2_35,480,0.7676,0.6903,3.4595,4.2,2.7573,0.428,-0.5496,0.0,-0.56,0.25,23.8822,31.3051,21.0427,2.1559,4994.68,22.0,calce_cs2,0.7693,-0.0017000000000000348,-0.0012600000000000167,9.3051,1.4427000000000003
CS2_35,481,0.7672,0.6899,3.4526,4.2,2.7426,0.4281,-0.5516,0.0,-0.56,0.25,24.0615,31.4171,20.8278,2.0715,5031.46,22.0,calce_cs2,0.7676,-0.00039999999999995595,-0.0028000000000000026,9.417100000000001,1.4574000000000003
CS2_35,482,0.7647,0.6877,3.4585,4.2,2.747,0.4282,-0.543,0.0,-0.56,0.25,23.6366,31.1946,21.0607,2.1829,5009.4,22.0,calce_cs2,0.7672,-0.0024999999999999467,-0.002079999999999993,9.194600000000001,1.4530000000000003
CS2_35,483,0.7615,0.6848,3.4561,4.2,2.7466,0.4283,-0.5519,0.0,-0.56,0.25,23.8345,30.9588,20.9845,2.1245,5004.82,22.0,calce_cs2,0.7647,-0.0032000000000000917,-0.0019000000000000128,8.9588,1.4534000000000002
CS2_35,484,0.7632,0.6863,3.4483,4.2,2.752,0.4284,-0.5498,0.0,-0.56,0.25,23.8583,31.4839,21.0449,2.0779,5007.72,22.0,calce_cs2,0.7615,0.0017000000000000348,-0.0012199999999999989,9.483899999999998,1.4480000000000004
CS2_35,485,0.7567,0.6805,3.4514,4.2,2.7586,0.4285,-0.5544,0.0,-0.56,0.25,23.8308,31.2298,20.9178,2.2038,4957.27,22.0,calce_cs2,0.7632,-0.00649999999999995,-0.002179999999999982,9.229800000000001,1.4414000000000002
CS2_35,486,0.7584,0.682,3.4511,4.2,2.7511,0.4286,-0.5537,0.0,-0.56,0.25,24.0615,31.3284,20.8931,2.0839,4977.97,22.0,calce_cs2,0.7567,0.0016999999999999238,-0.001760000000000006,9.328399999999998,1.4489
CS2_35,487,0.7654,0.6883,3.4522,4.2,2.7496,0.4287,-0.547,0.0,-0.56,0.25,23.9463,31.176,21.0718,2.0124,5001.72,22.0,calce_cs2,0.7584,0.007000000000000006,0.0001399999999999846,9.175999999999998,1.4504000000000001
CS2_35,488,0.7575,0.6812,3.4593,4.2,2.7515,0.4288,-0.5453,0.0,-0.56,0.25,23.6187,31.4153,21.1304,2.1254,4949.3,22.0,calce_cs2,0.7654,-0.007900000000000018,-0.0008000000000000007,9.415299999999998,1.4485000000000001
CS2_35,489,0.7573,0.681,3.4517,4.2,2.751,0.4289,-0.5524,0.0,-0.56,0.25,23.8239,31.3558,20.8304,2.0694,4963.35,22.0,calce_cs2,0.7575,-0.00019999999999997797,-0.0011800000000000033,9.355799999999999,1.4490000000000003
CS2_35,490,0.7532,0.6773,3.4478,4.2,2.7519,0.429,-0.5492,0.0,-0.56,0.25,23.837,31.3061,21.0707,2.084,4917.29,22.0,calce_cs2,0.7573,-0.0040999999999999925,-0.0007000000000000117,9.3061,1.4481000000000002
CS2_35,491,0.7527,0.6768,3.4632,4.2,2.7421,0.4291,-0.5536,0.0,-0.56,0.25,23.8319,31.4623,21.093,2.0841,4947.57,22.0,calce_cs2,0.7532,-0.0004999999999999449,-0.0011399999999999854,9.462299999999999,1.4579
CS2_35,492,0.7512,0.6756,3.4472,4.2,2.7417,0.4292,-0.5543,0.0,-0.56,0.25,23.7892,31.1542,21.0017,2.0966,4933.8,22.0,calce_cs2,0.7527,-0.0015000000000000568,-0.002839999999999998,9.1542,1.4583000000000004
CS2_35,493,0.7484,0.673,3.4507,4.2,2.7414,0.4293,-0.5428,0.0,-0.56,0.25,23.9672,31.5218,20.9202,2.0541,4907.14,22.0,calce_cs2,0.7512,-0.0028000000000000247,-0.0018199999999999994,9.521799999999999,1.4586000000000001
CS2_35,494,0.7453,0.6703,3.4562,4.2,2.7522,0.4294,-0.5475,0.0,-0.56,0.25,24.0259,31.4113,20.8633,2.1287,4902.34,22.0,calce_cs2,0.7484,-0.0030999999999999917,-0.002400000000000002,9.4113,1.4478
CS2_35,495,0.7456,0.6705,3.46,4.2,2.7484,0.4295,-0.5453,0.0,-0.56,0.25,23.9243,31.2731,20.9589,2.0722,4895.5,22.0,calce_cs2,0.7453,0.000300000000000078,-0.001519999999999988,9.2731,1.4516
CS2_35,496,0.7449,0.6698,3.4508,4.2,2.7435,0.4296,-0.5445,0.0,-0.56,0.25,23.9532,31.3941,21.0878,2.1392,4884.61,22.0,calce_cs2,0.7456,-0.0007000000000000339,-0.0015600000000000058,9.394100000000002,1.4565000000000001
CS2_35,497,0.7469,0.6717,3.4526,4.2,2.7535,0.4297,-0.5511,0.0,-0.56,0.25,24.1231,31.2401,21.0824,2.0929,4858.22,22.0,calce_cs2,0.7449,0.0020000000000000018,-0.0008599999999999941,9.240100000000002,1.4465000000000003
CS2_35,498,0.7437,0.6688,3.4447,4.2,2.749,0.4298,-0.5563,0.0,-0.56,0.25,24.1245,31.5728,21.095,2.1084,4880.12,22.0,calce_cs2,0.7469,-0.0031999999999999806,-0.0009399999999999853,9.5728,1.451
CS2_35,499,0.7364,0.6622,3.4608,4.2,2.7416,0.4299,-0.5542,0.0,-0.56,0.25,23.9231,31.3348,20.9858,2.1291,4809.5,22.0,calce_cs2,0.7437,-0.007299999999999973,-0.0017799999999999817,9.334800000000001,1.4584000000000001
CS2_35,500,0.7404,0.6659,3.4456,4.2,2.7481,0.43,-0.5559,0.0,-0.56,0.25,24.0801,31.509,21.0211,2.0735,4869.41,22.0,calce_cs2,0.7364,0.0039999999999998925,-0.0010400000000000188,9.509,1.4519000000000002
CS2_35,501,0.7431,0.6683,3.4422,4.2,2.7535,0.4301,-0.5444,0.0,-0.56,0.25,23.8315,31.21,21.08,2.1488,4882.09,22.0,calce_cs2,0.7404,0.0027000000000000357,-0.00036000000000000474,9.21,1.4465000000000003
CS2_35,502,0.7425,0.6677,3.4522,4.2,2.7558,0.4302,-0.5556,0.0,-0.56,0.25,23.9986,31.5287,21.0061,2.0244,4875.89,22.0,calce_cs2,0.7431,-0.0005999999999999339,-0.0008799999999999919,9.5287,1.4442000000000004
CS2_35,503,0.7351,0.6611,3.4438,4.2,2.7489,0.4303,-0.5465,0.0,-0.56,0.25,24.142,31.2667,21.1354,2.1384,4825.78,22.0,calce_cs2,0.7425,-0.007400000000000073,-0.0017200000000000104,9.2667,1.4511000000000003
CS2_35,504,0.7318,0.6581,3.453,4.2,2.7636,0.4304,-0.5475,0.0,-0.56,0.25,24.0426,31.2121,20.793,2.0581,4753.35,22.0,calce_cs2,0.7351,-0.0032999999999999696,-0.0009200000000000097,9.2121,1.4364000000000003
CS2_35,505,0.7326,0.6588,3.4567,4.2,2.7576,0.4305,-0.5469,0.0,-0.56,0.25,24.0595,31.256,20.9235,2.1828,4807.76,22.0,calce_cs2,0.7318,0.0008000000000000229,-0.0015599999999999837,9.256,1.4424000000000001
CS2_35,506,0.7278,0.6545,3.452,4.2,2.7433,0.4306,-0.5419,0.0,-0.56,0.25,23.8633,31.3695,21.0143,2.0727,4744.47,22.0,calce_cs2,0.7326,-0.0048000000000000265,-0.003059999999999996,9.369499999999999,1.4567
CS2_35,507,0.731,0.6574,3.4514,4.2,2.7454,0.4307,-0.5508,0.0,-0.56,0.25,23.7933,31.7055,21.0696,2.0554,4768.95,22.0,calce_cs2,0.7278,0.0031999999999999806,-0.002300000000000013,9.7055,1.4546000000000001
CS2_35,508,0.7251,0.6521,3.4413,4.2,2.7539,0.4308,-0.555,0.0,-0.56,0.25,23.9189,31.6201,21.1425,2.066,4756.48,22.0,calce_cs2,0.731,-0.005900000000000016,-0.0020000000000000018,9.6201,1.4461000000000004
CS2_35,509,0.724,0.6511,3.445,4.2,2.7486,0.4309,-0.5504,0.0,-0.56,0.25,24.2444,31.6068,20.8676,2.0961,4732.38,22.0,calce_cs2,0.7251,-0.0010999999999999899,-0.0015600000000000058,9.6068,1.4514
CS2_35,510,0.7216,0.649,3.451,4.2,2.7546,0.431,-0.5493,0.0,-0.56,0.25,23.9293,31.7847,20.888,2.1785,4698.66,22.0,calce_cs2,0.724,-0.0023999999999999577,-0.002200000000000002,9.7847,1.4454000000000002
CS2_35,511,0.7217,0.6491,3.4445,4.2,2.7469,0.4311,-0.5542,0.0,-0.56,0.25,23.8395,31.0441,21.0142,2.0873,4689.09,22.0,calce_cs2,0.7216,9.999999999998899e-05,-0.0012199999999999989,9.0441,1.4531
CS2_35,512,0.7236,0.6507,3.4554,4.2,2.7426,0.4312,-0.5561,0.0,-0.56,0.25,23.8827,31.5756,20.9714,2.1542,4740.47,22.0,calce_cs2,0.7217,0.0019000000000000128,-0.0014799999999999924,9.575600000000001,1.4574000000000003
CS2_35,513,0.716,0.6439,3.4448,4.2,2.7482,0.4313,-0.5508,0.0,-0.56,0.25,24.0543,31.6298,21.0573,2.1308,4688.01,22.0,calce_cs2,0.7236,-0.007600000000000051,-0.0018199999999999994,9.6298,1.4518
CS2_35,514,0.7162,0.6441,3.4554,4.2,2.7462,0.4314,-0.5479,0.0,-0.56,0.25,24.0165,31.3655,21.0404,2.0849,4687.1,22.0,calce_cs2,0.716,0.00019999999999997797,-0.0015600000000000058,9.3655,1.4538000000000002
CS2_35,515,0.716,0.6439,3.443,4.2,2.7433,0.4315,-0.5499,0.0,-0.56,0.25,23.8917,31.5594,21.1793,2.0563,4686.36,22.0,calce_cs2,0.7162,-0.00019999999999997797,-0.0011200000000000099,9.5594,1.4567
CS2_35,516,0.7096,0.6381,3.4502,4.2,2.7521,0.4316,-0.5502,0.0,-0.56,0.25,24.173,31.5181,21.0817,2.1978,4633.61,22.0,calce_cs2,0.716,-0.006399999999999961,-0.00242,9.5181,1.4479000000000002
CS2_35,517,0.7151,0.6431,3.4356,4.2,2.7527,0.4317,-0.5548,0.0,-0.56,0.25,24.0117,31.572,20.9529,2.1295,4684.2,22.0,calce_cs2,0.7096,0.005499999999999949,-0.0017000000000000127,9.572,1.4473000000000003
CS2_35,518,0.7102,0.6386,3.4432,4.2,2.7547,0.4318,-0.5484,0.0,-0.56,0.25,24.1039,31.5998,20.8394,2.0835,4633.79,22.0,calce_cs2,0.7151,-0.004899999999999904,-0.0011599999999999833,9.599799999999998,1.4453
CS2_35,519,0.7076,0.6363,3.4454,4.2,2.7461,0.4319,-0.5565,0.0,-0.56,0.25,24.1637,31.5671,20.8545,2.1217,4651.34,22.0,calce_cs2,0.7102,-0.0026000000000000467,-0.0017199999999999882,9.5671,1.4539
CS2_35,520,0.7067,0.6355,3.4551,4.2,2.7479,0.432,-0.5449,0.0,-0.56,0.25,24.0299,31.6072,20.9797,2.0792,4642.1,22.0,calce_cs2,0.7076,-0.0009000000000000119,-0.001859999999999995,9.607199999999999,1.4521000000000002
CS2_35,521,0.7052,0.6341,3.4413,4.2,2.7402,0.4321,-0.553,0.0,-0.56,0.25,23.9329,31.4327,21.0139,2.1308,4617.06,22.0,calce_cs2,0.7067,-0.0014999999999999458,-0.0008799999999999919,9.4327,1.4598
CS2_35,522,0.7032,0.6324,3.4319,4.2,2.7538,0.4322,-0.5536,0.0,-0.56,0.25,23.9042,31.5453,20.9375,2.0385,4604.78,22.0,calce_cs2,0.7052,-0.0020000000000000018,-0.002379999999999982,9.545300000000001,1.4462000000000002
CS2_35,523,0.6988,0.6284,3.4386,4.2,2.7484,0.4323,-0.5535,0.0,-0.56,0.25,24.1167,31.8089,20.9957,2.1547,4574.67,22.0,calce_cs2,0.7032,-0.0044000000000000705,-0.0022800000000000155,9.808900000000001,1.4516
CS2_35,524,0.6999,0.6294,3.4322,4.2,2.7584,0.4324,-0.5581,0.0,-0.56,0.25,24.1915,31.5875,21.0752,2.1105,4558.51,22.0,calce_cs2,0.6988,0.0010999999999999899,-0.001540000000000008,9.587499999999999,1.4416000000000002
CS2_35,525,0.7005,0.63,3.4388,4.2,2.738,0.4325,-0.5577,0.0,-0.56,0.25,23.9897,31.5881,21.0057,2.0382,4593.21,22.0,calce_cs2,0.6999,0.0006000000000000449,-0.0012399999999999967,9.5881,1.4620000000000002
CS2_35,526,0.7023,0.6316,3.4272,4.2,2.747,0.4326,-0.5442,0.0,-0.56,0.25,24.0813,31.6895,21.1012,2.1672,4600.47,22.0,calce_cs2,0.7005,0.0018000000000000238,-0.0005800000000000027,9.689499999999999,1.4530000000000003
CS2_35,527,0.6974,0.6272,3.4394,4.2,2.7445,0.4327,-0.5533,0.0,-0.56,0.25,24.0856,31.4593,21.0918,2.1194,4590.79,22.0,calce_cs2,0.7023,-0.0049000000000000155,-0.0011600000000000054,9.459299999999999,1.4555000000000002
CS2_35,528,0.6919,0.6222,3.441,4.2,2.7454,0.4328,-0.5407,0.0,-0.56,0.25,23.9805,31.6508,20.8633,2.0796,4513.81,22.0,calce_cs2,0.6974,-0.00550000000000006,-0.0013800000000000034,9.6508,1.4546000000000001
CS2_35,529,0.6905,0.621,3.443,4.2,2.7422,0.4329,-0.5469,0.0,-0.56,0.25,23.9945,31.5921,20.9737,2.1511,4529.86,22.0,calce_cs2,0.6919,-0.0013999999999999568,-0.0018799999999999928,9.592099999999999,1.4578000000000002
CS2_35,530,0.6887,0.6193,3.4255,4.2,2.7444,0.433,-0.5478,0.0,-0.56,0.25,24.1743,31.7959,20.9283,2.1143,4499.3,22.0,calce_cs2,0.6905,-0.0018000000000000238,-0.0023600000000000066,9.7959,1.4556
CS2_35,531,0.6894,0.6199,3.4435,4.2,2.7508,0.4331,-0.5565,0.0,-0.56,0.25,24.1006,31.6265,20.7971,2.1236,4537.1,22.0,calce_cs2,0.6887,0.0007000000000000339,-0.0025800000000000046,9.6265,1.4492000000000003
CS2_35,532,0.6878,0.6185,3.4328,4.2,2.7508,0.4332,-0.5579,0.0,-0.56,0.25,23.897,31.4664,21.0239,2.0878,4498.2,22.0,calce_cs2,0.6894,-0.0016000000000000458,-0.0019200000000000107,9.4664,1.4492000000000003
CS2_35,533,0.6853,0.6162,3.4334,4.2,2.7416,0.4333,-0.5519,0.0,-0.56,0.25,24.1743,31.7508,20.9875,2.1216,4472.35,22.0,calce_cs2,0.6878,-0.0024999999999999467,-0.0013199999999999878,9.750800000000002,1.4584000000000001
CS2_35,534,0.6853,0.6163,3.4331,4.2,2.737,0.4334,-0.5556,0.0,-0.56,0.25,23.9088,31.7391,20.9907,2.1627,4476.15,22.0,calce_cs2,0.6853,0.0,-0.0010399999999999964,9.7391,1.463
CS2_35,535,0.6804,0.6118,3.4419,4.2,2.7536,0.4335,-0.5495,0.0,-0.56,0.25,24.0773,31.5288,21.1025,2.1719,4473.22,22.0,calce_cs2,0.6853,-0.0049000000000000155,-0.0016599999999999948,9.5288,1.4464000000000001
CS2_35,536,0.6809,0.6123,3.4377,4.2,2.7409,0.4336,-0.551,0.0,-0.56,0.25,24.0324,31.6536,20.9471,2.024,4452.77,22.0,calce_cs2,0.6804,0.0004999999999999449,-0.0017000000000000127,9.6536,1.4591000000000003
CS2_35,537,0.6778,0.6095,3.4397,4.2,2.7498,0.4337,-0.5452,0.0,-0.56,0.25,24.2059,31.8407,20.93,2.096,4430.8,22.0,calce_cs2,0.6809,-0.0030999999999999917,-0.0020000000000000018,9.840699999999998,1.4502000000000002
CS2_35,538,0.6764,0.6083,3.4342,4.2,2.749,0.4338,-0.5547,0.0,-0.56,0.25,24.28,31.6155,21.073,2.0621,4436.87,22.0,calce_cs2,0.6778,-0.0013999999999999568,-0.0017800000000000038,9.6155,1.451
CS2_35,539,0.6782,0.6099,3.4364,4.2,2.7486,0.4339,-0.5437,0.0,-0.56,0.25,24.1089,31.679,21.0814,2.0806,4455.47,22.0,calce_cs2,0.6764,0.0018000000000000238,-0.001419999999999999,9.678999999999998,1.4514
CS2_35,540,0.6753,0.6073,3.4365,4.2,2.7483,0.434,-0.5508,0.0,-0.56,0.25,23.9878,31.5285,21.1202,2.1622,4436.46,22.0,calce_cs2,0.6782,-0.0029000000000000137,-0.0010199999999999988,9.528500000000001,1.4517000000000002
CS2_35,541,0.6684,0.6011,3.4323,4.2,2.7565,0.4341,-0.5519,0.0,-0.56,0.25,24.2049,31.546,21.0293,2.068,4354.97,22.0,calce_cs2,0.6753,-0.006900000000000017,-0.002499999999999991,9.546,1.4435000000000002
CS2_35,542,0.6694,0.602,3.4487,4.2,2.7458,0.4342,-0.5523,0.0,-0.56,0.25,24.1254,31.7245,21.0204,2.1189,4377.34,22.0,calce_cs2,0.6684,0.0010000000000000009,-0.0016799999999999927,9.724499999999999,1.4542000000000002
CS2_35,543,0.6677,0.6004,3.4334,4.2,2.7472,0.4343,-0.5487,0.0,-0.56,0.25,24.0041,31.7982,21.0765,2.07,4379.98,22.0,calce_cs2,0.6694,-0.0017000000000000348,-0.0017400000000000083,9.798200000000001,1.4528000000000003
CS2_35,544,0.667,0.5999,3.4291,4.2,2.7493,0.4344,-0.551,0.0,-0.56,0.25,23.8154,31.7847,21.0127,2.149,4368.41,22.0,calce_cs2,0.6677,-0.0006999999999999229,-0.0022399999999999976,9.7847,1.4507000000000003
CS2_35,545,0.6674,0.6002,3.4259,4.2,2.7526,0.4345,-0.5486,0.0,-0.56,0.25,24.2326,31.5776,20.98,2.1374,4356.57,22.0,calce_cs2,0.667,0.00039999999999995595,-0.0015800000000000037,9.5776,1.4474
CS2_35,546,0.6641,0.5972,3.4265,4.2,2.7522,0.4346,-0.5459,0.0,-0.56,0.25,24.0486,31.8109,21.115,2.2076,4346.0,22.0,calce_cs2,0.6674,-0.0032999999999999696,-0.0008599999999999941,9.8109,1.4478
CS2_35,547,0.6697,0.6023,3.4352,4.2,2.7491,0.4347,-0.5482,0.0,-0.56,0.25,24.1229,31.8371,20.9661,2.0817,4398.78,22.0,calce_cs2,0.6641,0.005599999999999938,5.9999999999993395e-05,9.8371,1.4509000000000003
CS2_35,548,0.6582,0.5919,3.4357,4.2,2.7474,0.4348,-0.5401,0.0,-0.56,0.25,24.0885,31.6565,21.0401,2.1025,4320.1,22.0,calce_cs2,0.6697,-0.011499999999999955,-0.0018999999999999907,9.656500000000001,1.4526000000000003
CS2_35,549,0.661,0.5944,3.4214,4.2,2.7429,0.4349,-0.5451,0.0,-0.56,0.25,23.9748,31.8974,20.9537,2.0649,4322.58,22.0,calce_cs2,0.6582,0.0028000000000000247,-0.001200000000000001,9.897400000000001,1.4571
CS2_35,550,0.6548,0.5888,3.4114,4.2,2.7498,0.435,-0.5531,0.0,-0.56,0.25,24.0526,31.5759,20.9032,2.1425,4309.2,22.0,calce_cs2,0.661,-0.006199999999999983,-0.002519999999999989,9.5759,1.4502000000000002
CS2_35,551,0.6577,0.5915,3.4236,4.2,2.7521,0.4351,-0.5526,0.0,-0.56,0.25,24.264,31.9123,20.9993,2.1,4286.93,22.0,calce_cs2,0.6548,0.0028999999999999027,-0.0012800000000000144,9.912299999999998,1.4479000000000002
CS2_35,552,0.6528,0.587,3.4263,4.2,2.7474,0.4352,-0.5425,0.0,-0.56,0.25,23.936,31.7309,20.9043,2.1212,4277.9,22.0,calce_cs2,0.6577,-0.004899999999999904,-0.003379999999999983,9.730899999999998,1.4526000000000003
CS2_35,553,0.6493,0.5839,3.4347,4.2,2.7564,0.4353,-0.5432,0.0,-0.56,0.25,24.1481,31.6891,21.2867,2.0898,4249.45,22.0,calce_cs2,0.6528,-0.0035000000000000586,-0.0017800000000000038,9.6891,1.4436
CS2_35,554,0.6503,0.5848,3.4284,4.2,2.7524,0.4354,-0.5528,0.0,-0.56,0.25,24.2386,31.7059,21.0947,2.0781,4261.92,22.0,calce_cs2,0.6493,0.0010000000000000009,-0.0021400000000000086,9.7059,1.4476
CS2_35,555,0.6505,0.585,3.4237,4.2,2.7465,0.4355,-0.5461,0.0,-0.56,0.25,24.1777,31.594,20.9212,2.0874,4275.97,22.0,calce_cs2,0.6503,0.00019999999999997797,-0.0008600000000000164,9.594000000000001,1.4535
CS2_35,556,0.645,0.5801,3.4302,4.2,2.7426,0.4356,-0.541,0.0,-0.56,0.25,24.2053,31.6274,20.9936,2.0909,4211.53,22.0,calce_cs2,0.6505,-0.005499999999999949,-0.0025399999999999867,9.627400000000002,1.4574000000000003
CS2_35,557,0.6423,0.5776,3.4378,4.2,2.7491,0.4357,-0.551,0.0,-0.56,0.25,24.0313,31.6775,21.0293,2.1338,4207.91,22.0,calce_cs2,0.645,-0.0027000000000000357,-0.002100000000000013,9.677499999999998,1.4509000000000003
CS2_35,558,0.6422,0.5775,3.4204,4.2,2.7485,0.4358,-0.5619,0.0,-0.56,0.25,24.093,31.9156,20.9705,2.1025,4211.8,22.0,calce_cs2,0.6423,-9.999999999998899e-05,-0.001419999999999999,9.915600000000001,1.4515000000000002
CS2_35,559,0.6415,0.5769,3.4269,4.2,2.7453,0.4359,-0.5526,0.0,-0.56,0.25,24.2292,31.5802,20.865,2.034,4196.92,22.0,calce_cs2,0.6422,-0.0007000000000000339,-0.001760000000000006,9.580200000000001,1.4547000000000003
CS2_35,560,0.6396,0.5752,3.4226,4.2,2.7583,0.436,-0.5494,0.0,-0.56,0.25,24.2054,31.7904,21.0377,2.1118,4178.29,22.0,calce_cs2,0.6415,-0.0019000000000000128,-0.002180000000000004,9.790400000000002,1.4417
CS2_35,561,0.6351,0.5712,3.4344,4.2,2.753,0.4361,-0.5481,0.0,-0.56,0.25,23.9651,31.911,21.037,2.105,4177.84,22.0,calce_cs2,0.6396,-0.0044999999999999485,-0.001980000000000004,9.911000000000001,1.447
CS2_35,562,0.6351,0.5711,3.4184,4.2,2.7521,0.4362,-0.5502,0.0,-0.56,0.25,24.121,31.9673,20.8652,2.1257,4147.35,22.0,calce_cs2,0.6351,0.0,-0.0014399999999999968,9.967300000000002,1.4479000000000002
CS2_35,563,0.6321,0.5684,3.4266,4.2,2.759,0.4363,-0.5503,0.0,-0.56,0.25,24.2028,32.0412,21.1536,2.1528,4132.19,22.0,calce_cs2,0.6351,-0.0030000000000000027,-0.0020199999999999997,10.041200000000003,1.4410000000000003
CS2_35,564,0.6322,0.5685,3.4347,4.2,2.7403,0.4364,-0.5452,0.0,-0.56,0.25,24.213,31.4766,21.0159,2.0634,4131.99,22.0,calce_cs2,0.6321,9.999999999998899e-05,-0.001859999999999995,9.476600000000001,1.4597000000000002
CS2_35,565,0.6278,0.5646,3.4244,4.2,2.7561,0.4365,-0.5474,0.0,-0.56,0.25,24.2433,31.8369,20.9676,2.0279,4104.15,22.0,calce_cs2,0.6322,-0.0043999999999999595,-0.0023599999999999845,9.8369,1.4439000000000002
CS2_35,566,0.6287,0.5654,3.4271,4.2,2.7557,0.4366,-0.5544,0.0,-0.56,0.25,24.2546,31.7764,21.0227,2.1585,4109.85,22.0,calce_cs2,0.6278,0.0009000000000000119,-0.0012799999999999923,9.776399999999999,1.4443000000000001
CS2_35,567,0.6253,0.5623,3.4362,4.2,2.7511,0.4367,-0.5501,0.0,-0.56,0.25,24.0407,31.4856,20.9697,2.2335,4108.06,22.0,calce_cs2,0.6287,-0.0034000000000000696,-0.001960000000000006,9.485600000000002,1.4489
CS2_35,568,0.6262,0.5632,3.4155,4.2,2.7514,0.4368,-0.5442,0.0,-0.56,0.25,24.2248,32.1105,21.0175,2.0607,4115.33,22.0,calce_cs2,0.6253,0.0009000000000000119,-0.0011800000000000033,10.110500000000002,1.4486000000000003
CS2_35,569,0.6211,0.5586,3.4225,4.2,2.7575,0.4369,-0.544,0.0,-0.56,0.25,24.3354,31.6805,21.1227,2.0312,4033.91,22.0,calce_cs2,0.6262,-0.005099999999999993,-0.0022199999999999998,9.680499999999999,1.4425000000000003
CS2_35,570,0.6187,0.5564,3.4275,4.2,2.7557,0.437,-0.5504,0.0,-0.56,0.25,24.3558,31.8577,21.0722,2.1006,4054.97,22.0,calce_cs2,0.6211,-0.0023999999999999577,-0.0018199999999999994,9.857700000000001,1.4443000000000001
CS2_35,571,0.6186,0.5563,3.4104,4.2,2.7386,0.4371,-0.5524,0.0,-0.56,0.25,24.3266,32.0093,20.941,2.062,4052.53,22.0,calce_cs2,0.6187,-9.999999999998899e-05,-0.0020199999999999997,10.009300000000003,1.4614000000000003
CS2_35,572,0.6144,0.5526,3.4216,4.2,2.748,0.4372,-0.5488,0.0,-0.56,0.25,24.0853,31.589,20.8419,2.0934,4013.9,22.0,calce_cs2,0.6186,-0.0042000000000000925,-0.002180000000000004,9.588999999999999,1.452
CS2_35,573,0.6139,0.552,3.426,4.2,2.7514,0.4373,-0.5504,0.0,-0.56,0.25,24.2615,31.8553,20.9429,2.0587,4016.86,22.0,calce_cs2,0.6144,-0.0004999999999999449,-0.0024599999999999956,9.8553,1.4486000000000003
CS2_35,574,0.6151,0.5532,3.4086,4.2,2.7515,0.4374,-0.5451,0.0,-0.56,0.25,24.0162,31.8804,20.9677,2.1308,4035.67,22.0,calce_cs2,0.6139,0.0011999999999999789,-0.001200000000000001,9.880400000000002,1.4485000000000001
CS2_35,575,0.6102,0.5488,3.4208,4.2,2.747,0.4375,-0.5538,0.0,-0.56,0.25,24.2117,31.9939,20.8847,2.0691,4007.55,22.0,calce_cs2,0.6151,-0.0049000000000000155,-0.0017000000000000127,9.9939,1.4530000000000003
CS2_35,576,0.6054,0.5444,3.4197,4.2,2.7537,0.4376,-0.5532,0.0,-0.56,0.25,24.1902,31.8677,20.9187,2.1009,3950.92,22.0,calce_cs2,0.6102,-0.0047999999999999154,-0.002639999999999998,9.8677,1.4463000000000004
CS2_35,577,0.6057,0.5447,3.4141,4.2,2.7503,0.4377,-0.5515,0.0,-0.56,0.25,24.2781,31.9202,20.9467,2.0954,3968.48,22.0,calce_cs2,0.6054,0.00029999999999996696,-0.001739999999999986,9.920200000000001,1.4497
CS2_35,578,0.6045,0.5436,3.4216,4.2,2.753,0.4378,-0.5464,0.0,-0.56,0.25,24.4506,32.069,21.0709,2.0517,3939.48,22.0,calce_cs2,0.6057,-0.0011999999999999789,-0.0018799999999999928,10.069000000000003,1.447
CS2_35,579,0.6056,0.5446,3.4179,4.2,2.7581,0.4379,-0.5452,0.0,-0.56,0.25,24.0637,31.9165,21.0161,2.0789,3967.42,22.0,calce_cs2,0.6045,0.0010999999999999899,-0.0018999999999999907,9.9165,1.4419
CS2_35,580,0.6011,0.5406,3.412,4.2,2.7543,0.438,-0.55,0.0,-0.56,0.25,24.1882,31.7921,21.0705,2.1135,3935.96,22.0,calce_cs2,0.6056,-0.0045000000000000595,-0.0018199999999999994,9.792100000000001,1.4457
CS2_35,581,0.6016,0.541,3.4193,4.2,2.7558,0.4381,-0.5462,0.0,-0.56,0.25,24.1664,31.8716,21.0416,2.0621,3924.54,22.0,calce_cs2,0.6011,0.000500000000000056,-0.0007600000000000051,9.8716,1.4442000000000004
CS2_35,582,0.6055,0.5445,3.4219,4.2,2.7525,0.4382,-0.5472,0.0,-0.56,0.25,24.361,31.7128,20.9181,2.0418,3938.7,22.0,calce_cs2,0.6016,0.0039000000000000146,-3.999999999999559e-05,9.712800000000001,1.4475000000000002
CS2_35,583,0.5949,0.535,3.4268,4.2,2.7434,0.4383,-0.5519,0.0,-0.56,0.25,24.1474,31.8571,20.9435,2.1369,3887.09,22.0,calce_cs2,0.6055,-0.010600000000000054,-0.0019200000000000107,9.857099999999999,1.4566000000000003
CS2_35,584,0.591,0.5315,3.4328,4.2,2.7495,0.4384,-0.5377,0.0,-0.56,0.25,24.141,31.9115,21.1774,2.1101,3882.61,22.0,calce_cs2,0.5949,-0.0039000000000000146,-0.0029200000000000116,9.9115,1.4505000000000003
CS2_35,585,0.5966,0.5365,3.4252,4.2,2.7587,0.4385,-0.5484,0.0,-0.56,0.25,24.1726,31.9385,21.1633,2.1114,3911.86,22.0,calce_cs2,0.591,0.005600000000000049,-0.0008999999999999897,9.938500000000001,1.4413
CS2_35,586,0.5856,0.5266,3.4104,4.2,2.751,0.4386,-0.5604,0.0,-0.56,0.25,24.3556,32.0894,20.8614,2.0498,3825.42,22.0,calce_cs2,0.5966,-0.01100000000000001,-0.0032000000000000028,10.089399999999998,1.4490000000000003
CS2_35,587,0.5947,0.5348,3.412,4.2,2.7489,0.4387,-0.5484,0.0,-0.56,0.25,24.1082,32.0266,20.9478,2.1673,3889.11,22.0,calce_cs2,0.5856,0.009099999999999997,-0.0021600000000000065,10.026600000000002,1.4511000000000003
CS2_35,588,0.5863,0.5272,3.4184,4.2,2.7455,0.4388,-0.5401,0.0,-0.56,0.25,24.2333,31.8481,21.0061,2.0618,3845.38,22.0,calce_cs2,0.5947,-0.008399999999999963,-0.0017199999999999882,9.848099999999999,1.4545000000000003
CS2_35,589,0.586,0.527,3.4155,4.2,2.7457,0.4389,-0.558,0.0,-0.56,0.25,24.3516,31.9109,20.9858,2.175,3838.02,22.0,calce_cs2,0.5863,-0.000300000000000078,-0.0010000000000000009,9.910900000000002,1.4543000000000004
CS2_35,590,0.584,0.5252,3.427,4.2,2.7548,0.439,-0.5498,0.0,-0.56,0.25,24.1232,31.921,21.2057,2.2092,3843.14,22.0,calce_cs2,0.586,-0.0020000000000000018,-0.002520000000000011,9.921,1.4452000000000003
CS2_35,591,0.5815,0.5229,3.4112,4.2,2.7431,0.4391,-0.5462,0.0,-0.56,0.25,24.1916,32.0805,21.0171,2.2031,3802.21,22.0,calce_cs2,0.584,-0.0024999999999999467,-0.0008199999999999985,10.0805,1.4569
CS2_35,592,0.5804,0.5219,3.3991,4.2,2.7394,0.4392,-0.5668,0.0,-0.56,0.25,24.3907,32.2332,21.0849,2.1361,3818.81,22.0,calce_cs2,0.5815,-0.0010999999999999899,-0.002859999999999996,10.233199999999997,1.4606000000000003
CS2_35,593,0.5798,0.5214,3.4152,4.2,2.7467,0.4393,-0.5441,0.0,-0.56,0.25,24.3489,31.9855,20.8805,2.2035,3769.04,22.0,calce_cs2,0.5804,-0.0006000000000000449,-0.0013000000000000123,9.985499999999998,1.4533
CS2_35,594,0.5731,0.5154,3.4053,4.2,2.7476,0.4394,-0.5487,0.0,-0.56,0.25,24.3474,32.1723,20.8843,2.1616,3742.91,22.0,calce_cs2,0.5798,-0.006699999999999928,-0.0025799999999999825,10.1723,1.4524000000000004
CS2_35,595,0.5689,0.5116,3.4167,4.2,2.7583,0.4395,-0.5448,0.0,-0.56,0.25,24.2611,32.0678,21.0565,2.0748,3724.27,22.0,calce_cs2,0.5731,-0.0042000000000000925,-0.0030200000000000005,10.067799999999998,1.4417
CS2_35,596,0.5712,0.5136,3.4021,4.2,2.7529,0.4396,-0.5517,0.0,-0.56,0.25,24.3138,32.0669,20.9239,2.1374,3760.63,22.0,calce_cs2,0.5689,0.0023000000000000798,-0.002059999999999995,10.066899999999997,1.4471000000000003
CS2_35,597,0.5699,0.5125,3.4165,4.2,2.7523,0.4397,-0.5521,0.0,-0.56,0.25,24.2852,32.022,20.8718,2.0817,3736.08,22.0,calce_cs2,0.5712,-0.0013000000000000789,-0.002100000000000013,10.021999999999998,1.4477000000000002
CS2_35,598,0.5677,0.5105,3.409,4.2,2.7565,0.4398,-0.5496,0.0,-0.56,0.25,24.4391,32.2664,21.0493,2.1056,3748.34,22.0,calce_cs2,0.5699,-0.0021999999999999797,-0.00242,10.266399999999997,1.4435000000000002
CS2_35,599,0.562,0.5054,3.4126,4.2,2.7565,0.4399,-0.5513,0.0,-0.56,0.25,24.3187,32.2331,20.9191,2.0954,3675.52,22.0,calce_cs2,0.5677,-0.005699999999999927,-0.0022199999999999998,10.2331,1.4435000000000002
CS2_35,600,0.5645,0.5076,3.4126,4.2,2.7408,0.44,-0.5566,0.0,-0.56,0.25,24.3043,31.9745,21.0506,2.0606,3728.59,22.0,calce_cs2,0.562,0.0024999999999999467,-0.0008799999999999919,9.974499999999999,1.4592
CS2_35,601,0.5615,0.5049,3.4107,4.2,2.7469,0.4401,-0.5492,0.0,-0.56,0.25,24.08,32.0265,20.8311,2.0767,3719.08,22.0,calce_cs2,0.5645,-0.0030000000000000027,-0.0019400000000000083,10.026499999999999,1.4531
CS2_35,602,0.5717,0.5141,3.4084,4.2,2.7504,0.4402,-0.5477,0.0,-0.56,0.25,24.2132,31.9299,21.1119,2.05,3733.93,22.0,calce_cs2,0.5615,0.010199999999999987,0.00036000000000000474,9.9299,1.4496000000000002
CS2_35,603,0.5579,0.5017,3.408,4.2,2.7528,0.4403,-0.5446,0.0,-0.56,0.25,24.3253,31.9125,20.9144,2.1825,3635.6,22.0,calce_cs2,0.5717,-0.013800000000000034,-0.001960000000000006,9.912500000000001,1.4472
CS2_35,604,0.5544,0.4985,3.409,4.2,2.7526,0.4404,-0.5526,0.0,-0.56,0.25,24.3275,31.8428,20.9965,2.1154,3646.12,22.0,calce_cs2,0.5579,-0.0034999999999999476,-0.0015200000000000103,9.8428,1.4474
CS2_35,605,0.5541,0.4982,3.4035,4.2,2.7515,0.4405,-0.552,0.0,-0.56,0.25,24.3642,32.0668,21.0465,2.0483,3622.66,22.0,calce_cs2,0.5544,-0.00029999999999996696,-0.002079999999999993,10.0668,1.4485000000000001
CS2_35,606,0.5516,0.4961,3.4167,4.2,2.7575,0.4406,-0.5442,0.0,-0.56,0.25,24.3321,31.9757,21.015,1.9967,3604.07,22.0,calce_cs2,0.5541,-0.0025000000000000577,-0.001980000000000004,9.9757,1.4425000000000003
CS2_35,607,0.5531,0.4974,3.4053,4.2,2.7516,0.4407,-0.5416,0.0,-0.56,0.25,24.0906,31.881,21.1029,2.0609,3608.03,22.0,calce_cs2,0.5516,0.0015000000000000568,-0.00371999999999999,9.881,1.4484000000000004
CS2_35,608,0.5446,0.4898,3.4149,4.2,2.7528,0.4408,-0.5509,0.0,-0.56,0.25,24.4209,31.8931,21.0817,2.1956,3538.69,22.0,calce_cs2,0.5531,-0.008500000000000063,-0.0026599999999999957,9.8931,1.4472
CS2_35,609,0.5457,0.4907,3.4026,4.2,2.7508,0.4409,-0.5516,0.0,-0.56,0.25,24.437,31.9462,20.9216,2.1724,3581.17,22.0,calce_cs2,0.5446,0.0010999999999999899,-0.0017400000000000083,9.946200000000001,1.4492000000000003
CS2_35,610,0.5444,0.4896,3.4024,4.2,2.756,0.441,-0.5451,0.0,-0.56,0.25,24.321,31.818,21.1925,2.0257,3589.81,22.0,calce_cs2,0.5457,-0.0012999999999999678,-0.0019400000000000083,9.818000000000001,1.4440000000000004
CS2_35,611,0.5401,0.4857,3.4073,4.2,2.7544,0.4411,-0.5425,0.0,-0.56,0.25,24.2198,32.1239,20.8767,2.0902,3519.98,22.0,calce_cs2,0.5444,-0.0042999999999999705,-0.002299999999999991,10.123899999999999,1.4456000000000002
CS2_35,612,0.539,0.4847,3.404,4.2,2.7573,0.4412,-0.5449,0.0,-0.56,0.25,24.3831,32.2408,20.8846,2.0271,3508.54,22.0,calce_cs2,0.5401,-0.0010999999999999899,-0.0028200000000000005,10.2408,1.4427000000000003
CS2_35,613,0.5382,0.484,3.401,4.2,2.7476,0.4413,-0.5602,0.0,-0.56,0.25,24.3719,32.1931,20.9225,2.1388,3525.47,22.0,calce_cs2,0.539,-0.0008000000000000229,-0.0012799999999999923,10.193100000000001,1.4524000000000004
CS2_35,614,0.5418,0.4872,3.4057,4.2,2.7505,0.4414,-0.5579,0.0,-0.56,0.25,24.4372,31.9953,20.9729,2.0787,3539.91,22.0,calce_cs2,0.5382,0.0035999999999999366,-0.0007800000000000029,9.9953,1.4495
CS2_35,615,0.5344,0.4806,3.4047,4.2,2.7528,0.4415,-0.5425,0.0,-0.56,0.25,24.3619,32.1404,20.9673,2.0626,3505.64,22.0,calce_cs2,0.5418,-0.007399999999999962,-0.0020000000000000018,10.1404,1.4472
CS2_35,616,0.5295,0.4762,3.4128,4.2,2.7477,0.4416,-0.5485,0.0,-0.56,0.25,24.3467,32.0149,20.9209,2.1611,3443.53,22.0,calce_cs2,0.5344,-0.0049000000000000155,-0.0021200000000000108,10.014899999999997,1.4523000000000001
CS2_35,617,0.5341,0.4803,3.4036,4.2,2.7501,0.4417,-0.5531,0.0,-0.56,0.25,24.2646,31.8117,21.0001,2.1447,3468.08,22.0,calce_cs2,0.5295,0.0046000000000000485,-0.000980000000000003,9.811699999999998,1.4499
CS2_35,618,0.5283,0.4751,3.3988,4.2,2.7535,0.4418,-0.5518,0.0,-0.56,0.25,24.25,32.0576,20.9744,2.0738,3495.95,22.0,calce_cs2,0.5341,-0.005800000000000027,-0.001980000000000004,10.0576,1.4465000000000003
CS2_35,619,0.5263,0.4733,3.4154,4.2,2.7499,0.4419,-0.5531,0.0,-0.56,0.25,24.4776,31.9262,21.0857,2.0699,3449.67,22.0,calce_cs2,0.5283,-0.0020000000000000018,-0.0030999999999999917,9.926200000000001,1.4501000000000004
CS2_35,620,0.5259,0.4729,3.4016,4.2,2.7524,0.442,-0.5513,0.0,-0.56,0.25,24.3939,32.5018,20.9068,2.031,3465.85,22.0,calce_cs2,0.5263,-0.00039999999999995595,-0.0016999999999999904,10.501800000000003,1.4476
CS2_35,621,0.5211,0.4686,3.3973,4.2,2.7519,0.4421,-0.5434,0.0,-0.56,0.25,24.4232,31.9942,21.0707,2.1251,3405.58,22.0,calce_cs2,0.5259,-0.0048000000000000265,-0.0016799999999999927,9.9942,1.4481000000000002
CS2_35,622,0.5191,0.4669,3.3971,4.2,2.7539,0.4422,-0.542,0.0,-0.56,0.25,24.5569,32.2203,21.0375,2.0518,3413.15,22.0,calce_cs2,0.5211,-0.0020000000000000018,-0.0030000000000000027,10.220300000000002,1.4461000000000004
CS2_35,623,0.5184,0.4662,3.3983,4.2,2.7463,0.4423,-0.5541,0.0,-0.56,0.25,24.5259,32.0735,21.0071,2.1086,3393.35,22.0,calce_cs2,0.5191,-0.0007000000000000339,-0.001980000000000004,10.073500000000003,1.4537
CS2_35,624,0.5148,0.463,3.399,4.2,2.7561,0.4424,-0.5473,0.0,-0.56,0.25,24.221,32.1572,21.1895,2.085,3358.25,22.0,calce_cs2,0.5184,-0.0035999999999999366,-0.002299999999999991,10.157200000000003,1.4439000000000002
CS2_35,625,0.5151,0.4632,3.4041,4.2,2.7502,0.4425,-0.551,0.0,-0.56,0.25,24.2842,31.8888,21.0675,2.0306,3367.45,22.0,calce_cs2,0.5148,0.00029999999999996696,-0.0021600000000000065,9.8888,1.4498000000000002
CS2_35,626,0.5136,0.4619,3.4026,4.2,2.7499,0.4426,-0.5511,0.0,-0.56,0.25,24.2724,32.106,21.0023,2.1416,3332.23,22.0,calce_cs2,0.5151,-0.0015000000000000568,-0.0015000000000000124,10.106000000000002,1.4501000000000004
CS2_35,627,0.5124,0.4608,3.4031,4.2,2.7442,0.4427,-0.552,0.0,-0.56,0.25,24.6788,32.1148,20.9336,2.1546,3339.18,22.0,calce_cs2,0.5136,-0.0011999999999999789,-0.0013400000000000079,10.114800000000002,1.4558
CS2_35,628,0.5057,0.4548,3.4052,4.2,2.7512,0.4428,-0.5473,0.0,-0.56,0.25,24.2253,32.1814,20.9921,2.1709,3297.87,22.0,calce_cs2,0.5124,-0.006699999999999928,-0.0025399999999999867,10.181399999999996,1.4488000000000003
CS2_35,629,0.5058,0.4549,3.3988,4.2,2.7495,0.4429,-0.5499,0.0,-0.56,0.25,24.4859,32.1551,20.9482,2.1161,3307.2,22.0,calce_cs2,0.5057,9.999999999998899e-05,-0.0018000000000000017,10.155099999999997,1.4505000000000003
CS2_35,630,0.5048,0.4539,3.3944,4.2,2.7494,0.443,-0.5475,0.0,-0.56,0.25,24.1712,32.1538,21.0767,2.0988,3294.78,22.0,calce_cs2,0.5058,-0.0010000000000000009,-0.002059999999999995,10.153799999999997,1.4506000000000001
CS2_35,631,0.5035,0.4528,3.4018,4.2,2.7543,0.4431,-0.5509,0.0,-0.56,0.25,24.6033,32.095,21.0525,2.0538,3289.12,22.0,calce_cs2,0.5048,-0.0013000000000000789,-0.0020199999999999997,10.094999999999999,1.4457
CS2_35,632,0.4983,0.4481,3.3975,4.2,2.744,0.4432,-0.5527,0.0,-0.56,0.25,24.5161,32.6281,21.0346,1.9561,3265.33,22.0,calce_cs2,0.5035,-0.005199999999999927,-0.002819999999999989,10.628100000000003,1.456
CS2_35,633,0.498,0.4478,3.3979,4.2,2.7479,0.4433,-0.555,0.0,-0.56,0.25,24.2724,32.1353,20.9867,2.0603,3230.95,22.0,calce_cs2,0.4983,-0.00030000000000002247,-0.001540000000000008,10.1353,1.4521000000000002
CS2_35,634,0.4945,0.4447,3.4006,4.2,2.7465,0.4434,-0.5436,0.0,-0.56,0.25,24.3283,32.5081,21.0786,2.1163,3233.56,22.0,calce_cs2,0.498,-0.003500000000000003,-0.0022600000000000064,10.508099999999999,1.4535
CS2_35,635,0.4928,0.4432,3.3951,4.2,2.753,0.4435,-0.5461,0.0,-0.56,0.25,24.2682,32.0516,21.2018,2.0887,3237.95,22.0,calce_cs2,0.4945,-0.0016999999999999793,-0.002400000000000002,10.0516,1.447
CS2_35,636,0.4903,0.4409,3.3955,4.2,2.7545,0.4436,-0.5497,0.0,-0.56,0.25,24.5275,31.9888,21.0017,2.0643,3186.14,22.0,calce_cs2,0.4928,-0.0025000000000000022,-0.002639999999999987,9.988800000000001,1.4455
CS2_35,637,0.4886,0.4394,3.4019,4.2,2.7519,0.4437,-0.5436,0.0,-0.56,0.25,24.4169,32.1269,20.977,2.033,3175.03,22.0,calce_cs2,0.4903,-0.0017000000000000348,-0.0019400000000000083,10.1269,1.4481000000000002
CS2_35,638,0.4889,0.4396,3.3878,4.2,2.7475,0.4438,-0.5519,0.0,-0.56,0.25,24.49,32.0818,21.0355,2.0636,3208.26,22.0,calce_cs2,0.4886,0.00030000000000002247,-0.0018199999999999994,10.081800000000001,1.4525000000000001
CS2_35,639,0.4813,0.4328,3.3918,4.2,2.751,0.4439,-0.5469,0.0,-0.56,0.25,24.5955,32.1568,20.9474,2.0869,3153.1,22.0,calce_cs2,0.4889,-0.007599999999999996,-0.002639999999999998,10.156799999999997,1.4490000000000003
CS2_35,640,0.4816,0.4331,3.3957,4.2,2.7474,0.444,-0.5466,0.0,-0.56,0.25,24.2879,32.082,20.8973,2.0627,3174.13,22.0,calce_cs2,0.4813,0.00029999999999996696,-0.0022400000000000085,10.082,1.4526000000000003
CS2_35,641,0.4779,0.4297,3.3846,4.2,2.7496,0.4441,-0.5487,0.0,-0.56,0.25,24.5547,32.156,21.0353,2.0755,3156.64,22.0,calce_cs2,0.4816,-0.003699999999999981,-0.0024800000000000043,10.155999999999999,1.4504000000000001
CS2_35,642,0.4773,0.4293,3.3886,4.2,2.742,0.4442,-0.5524,0.0,-0.56,0.25,24.1666,32.1588,21.1294,2.1536,3131.99,22.0,calce_cs2,0.4779,-0.0005999999999999894,-0.0022599999999999955,10.1588,1.4580000000000002
CS2_35,643,0.4762,0.4282,3.399,4.2,2.7481,0.4443,-0.5464,0.0,-0.56,0.25,24.5232,32.2821,21.0157,2.1701,3113.33,22.0,calce_cs2,0.4773,-0.0010999999999999899,-0.002539999999999998,10.2821,1.4519000000000002
CS2_35,644,0.4758,0.4279,3.3923,4.2,2.7476,0.4444,-0.5517,0.0,-0.56,0.25,24.4059,32.1501,21.0327,2.1141,3122.89,22.0,calce_cs2,0.4762,-0.00040000000000001146,-0.001100000000000001,10.150100000000002,1.4524000000000004
CS2_35,645,0.4684,0.4212,3.3886,4.2,2.7585,0.4445,-0.5465,0.0,-0.56,0.25,24.4991,32.3841,20.9373,2.0261,3076.99,22.0,calce_cs2,0.4758,-0.007400000000000018,-0.002639999999999998,10.384099999999997,1.4415
CS2_35,646,0.4715,0.424,3.4001,4.2,2.7554,0.4446,-0.5523,0.0,-0.56,0.25,24.6269,32.2106,20.9744,2.0956,3098.96,22.0,calce_cs2,0.4684,0.0030999999999999917,-0.0012800000000000034,10.2106,1.4446000000000003
CS2_35,647,0.474,0.4263,3.3875,4.2,2.7459,0.4447,-0.5519,0.0,-0.56,0.25,24.6024,32.0143,20.9678,2.079,3091.34,22.0,calce_cs2,0.4715,0.0025000000000000022,-0.000660000000000005,10.014299999999999,1.4541000000000004
CS2_35,648,0.4664,0.4194,3.383,4.2,2.748,0.4448,-0.5466,0.0,-0.56,0.25,24.5117,32.7325,20.9701,2.1287,3058.57,22.0,calce_cs2,0.474,-0.007599999999999996,-0.001960000000000006,10.732500000000002,1.452
CS2_35,649,0.4593,0.4131,3.4022,4.2,2.7453,0.4449,-0.5478,0.0,-0.56,0.25,24.4723,32.41,21.0226,2.1572,3009.06,22.0,calce_cs2,0.4664,-0.007099999999999995,-0.003300000000000003,10.409999999999997,1.4547000000000003
CS2_35,650,0.4607,0.4143,3.3871,4.2,2.7475,0.445,-0.5516,0.0,-0.56,0.25,24.5584,32.1949,20.9318,2.0781,3030.14,22.0,calce_cs2,0.4593,0.0014000000000000123,-0.0015399999999999969,10.194899999999997,1.4525000000000001
CS2_36,1,1.0871,1.002,3.6552,4.2,2.7553,0.3801,-0.5546,0.0,-0.56,0.25,22.1598,28.5555,20.9592,2.0548,7113.72,22.0,calce_cs2,1.0871,0.0,0.0,6.5554999999999986,1.4447
CS2_36,2,1.0782,0.9938,3.655,4.2,2.7499,0.3802,-0.5524,0.0,-0.56,0.25,21.8746,28.4278,21.0834,2.0144,7059.66,22.0,calce_cs2,1.0871,-0.008899999999999908,0.0,6.427800000000001,1.4501000000000004
CS2_36,3,1.0808,0.9961,3.6491,4.2,2.7572,0.3803,-0.547,0.0,-0.56,0.25,21.9209,28.4235,21.0707,2.1081,7036.74,22.0,calce_cs2,1.0782,0.0025999999999999357,0.0,6.423500000000001,1.4428
CS2_36,4,1.0816,0.9968,3.6528,4.2,2.7501,0.3804,-0.5515,0.0,-0.56,0.25,22.0531,28.673,21.2743,2.0711,7076.33,22.0,calce_cs2,1.0808,0.0007999999999999119,0.0,6.672999999999998,1.4499
CS2_36,5,1.0761,0.9918,3.6567,4.2,2.752,0.3805,-0.5535,0.0,-0.56,0.25,22.1599,28.2936,21.0642,2.0714,7066.69,22.0,calce_cs2,1.0816,-0.005499999999999838,0.0,6.293600000000001,1.4480000000000004
CS2_36,6,1.0803,0.9957,3.6537,4.2,2.7494,0.3806,-0.5553,0.0,-0.56,0.25,22.1643,28.7372,20.9365,2.036,7079.3,22.0,calce_cs2,1.0761,0.0041999999999999815,-0.0013599999999999834,6.737200000000001,1.4506000000000001
CS2_36,7,1.0779,0.9934,3.6486,4.2,2.7451,0.3807,-0.5445,0.0,-0.56,0.25,21.8768,28.7632,20.9818,2.0968,7052.54,22.0,calce_cs2,1.0803,-0.0023999999999999577,-5.9999999999993395e-05,6.763200000000001,1.4549000000000003
CS2_36,8,1.0727,0.9887,3.6373,4.2,2.7435,0.3808,-0.5527,0.0,-0.56,0.25,22.0297,28.475,20.9713,2.1305,7037.08,22.0,calce_cs2,1.0779,-0.0052000000000000934,-0.0016199999999999993,6.475000000000001,1.4565000000000001
CS2_36,9,1.0764,0.9921,3.6397,4.2,2.7462,0.3809,-0.5449,0.0,-0.56,0.25,21.8246,28.35,21.0027,2.1212,7038.99,22.0,calce_cs2,1.0727,0.0037000000000000366,-0.0010399999999999743,6.350000000000001,1.4538000000000002
CS2_36,10,1.0749,0.9907,3.6474,4.2,2.7455,0.381,-0.555,0.0,-0.56,0.25,22.1788,28.6765,21.045,2.0365,7031.2,22.0,calce_cs2,1.0764,-0.0015000000000000568,-0.00024000000000001798,6.676500000000001,1.4545000000000003
CS2_36,11,1.075,0.9908,3.6411,4.2,2.7524,0.3811,-0.5403,0.0,-0.56,0.25,21.9578,28.5298,20.9989,2.0755,7038.58,22.0,calce_cs2,1.0749,9.999999999998899e-05,-0.0010600000000000164,6.529800000000002,1.4476
CS2_36,12,1.0728,0.9887,3.6469,4.2,2.7497,0.3812,-0.5436,0.0,-0.56,0.25,22.1557,28.5422,21.0047,2.1395,7036.52,22.0,calce_cs2,1.075,-0.0021999999999999797,-0.0010200000000000209,6.542200000000001,1.4503000000000004
CS2_36,13,1.0674,0.9838,3.643,4.2,2.7464,0.3813,-0.5494,0.0,-0.56,0.25,21.9945,28.4349,20.8577,2.1265,6999.28,22.0,calce_cs2,1.0728,-0.005400000000000071,-0.0010600000000000164,6.434899999999999,1.4536000000000002
CS2_36,14,1.0714,0.9874,3.6454,4.2,2.747,0.3814,-0.5528,0.0,-0.56,0.25,22.1598,28.6286,20.9325,2.1417,7033.46,22.0,calce_cs2,1.0674,0.0040000000000000036,-0.001000000000000023,6.628599999999999,1.4530000000000003
CS2_36,15,1.0719,0.9879,3.6475,4.2,2.7527,0.3815,-0.5464,0.0,-0.56,0.25,22.0256,28.7675,21.1577,2.0868,7011.73,22.0,calce_cs2,1.0714,0.000500000000000167,-0.0005999999999999784,6.767499999999998,1.4473000000000003
CS2_36,16,1.0671,0.9835,3.6462,4.2,2.749,0.3816,-0.5492,0.0,-0.56,0.25,22.218,28.5938,20.738,2.1301,6981.68,22.0,calce_cs2,1.0719,-0.0048000000000001375,-0.0015800000000000037,6.593800000000002,1.451
CS2_36,17,1.0664,0.9828,3.6448,4.2,2.7573,0.3817,-0.5444,0.0,-0.56,0.25,22.2814,28.9521,21.0605,2.0937,6994.05,22.0,calce_cs2,1.0671,-0.0006999999999999229,-0.0012799999999999923,6.9521000000000015,1.4427000000000003
CS2_36,18,1.0703,0.9864,3.6322,4.2,2.756,0.3818,-0.5565,0.0,-0.56,0.25,22.2271,28.7437,21.0131,2.1427,6985.75,22.0,calce_cs2,1.0664,0.0039000000000000146,0.0005800000000000249,6.7437000000000005,1.4440000000000004
CS2_36,19,1.0648,0.9813,3.6476,4.2,2.7529,0.3819,-0.5488,0.0,-0.56,0.25,22.0009,28.5413,21.0147,2.1413,6948.93,22.0,calce_cs2,1.0703,-0.00550000000000006,-0.0013199999999999878,6.5413,1.4471000000000003
CS2_36,20,1.0665,0.9829,3.6432,4.2,2.7418,0.382,-0.5583,0.0,-0.56,0.25,22.0811,28.5675,21.0749,2.1363,6990.34,22.0,calce_cs2,1.0648,0.0017000000000000348,-0.0010800000000000143,6.567499999999999,1.4582000000000002
CS2_36,21,1.0668,0.9832,3.6559,4.2,2.7563,0.3821,-0.5462,0.0,-0.56,0.25,22.318,28.6045,21.014,2.1614,6972.28,22.0,calce_cs2,1.0665,0.00029999999999996696,-5.9999999999993395e-05,6.604500000000002,1.4437000000000002
CS2_36,22,1.0684,0.9847,3.6439,4.2,2.7537,0.3822,-0.5541,0.0,-0.56,0.25,21.886,28.4028,20.9213,2.1433,6988.58,22.0,calce_cs2,1.0668,0.0016000000000000458,0.00040000000000000034,6.402799999999999,1.4463000000000004
CS2_36,23,1.0649,0.9815,3.6371,4.2,2.7473,0.3823,-0.5556,0.0,-0.56,0.25,22.1081,28.5086,21.1048,2.0665,6970.94,22.0,calce_cs2,1.0684,-0.0035000000000000586,-0.0010800000000000143,6.508600000000001,1.4527
CS2_36,24,1.0618,0.9786,3.6525,4.2,2.7491,0.3824,-0.5549,0.0,-0.56,0.25,22.0599,28.7321,21.0466,2.0112,6951.26,22.0,calce_cs2,1.0649,-0.0030999999999998806,-0.0005999999999999784,6.732099999999999,1.4509000000000003
CS2_36,25,1.0624,0.9792,3.648,4.2,2.7504,0.3825,-0.5512,0.0,-0.56,0.25,22.0393,28.543,20.8916,2.0498,6934.56,22.0,calce_cs2,1.0618,0.0005999999999999339,-0.0008199999999999985,6.542999999999999,1.4496000000000002
CS2_36,26,1.065,0.9815,3.6446,4.2,2.7459,0.3826,-0.5428,0.0,-0.56,0.25,21.8135,28.6329,20.996,2.0836,6971.75,22.0,calce_cs2,1.0624,0.0025999999999999357,-0.00036000000000000474,6.632899999999999,1.4541000000000004
CS2_36,27,1.0641,0.9808,3.635,4.2,2.7552,0.3827,-0.5559,0.0,-0.56,0.25,22.21,28.5985,21.0186,2.1137,6942.78,22.0,calce_cs2,1.065,-0.0008999999999999009,-0.0008599999999999941,6.598500000000001,1.4448000000000003
CS2_36,28,1.0667,0.9832,3.6332,4.2,2.751,0.3828,-0.5464,0.0,-0.56,0.25,21.9665,28.5877,20.9631,2.0357,6978.92,22.0,calce_cs2,1.0641,0.0025999999999999357,0.00036000000000000474,6.587700000000002,1.4490000000000003
CS2_36,29,1.0598,0.9768,3.6337,4.2,2.7528,0.3829,-0.5465,0.0,-0.56,0.25,22.0982,28.8485,20.9619,2.0654,6902.93,22.0,calce_cs2,1.0667,-0.006899999999999906,-0.00040000000000000034,6.848500000000001,1.4472
CS2_36,30,1.0582,0.9753,3.6383,4.2,2.751,0.383,-0.5509,0.0,-0.56,0.25,22.2711,28.5987,20.9073,2.0858,6912.36,22.0,calce_cs2,1.0598,-0.0016000000000000458,-0.0008399999999999963,6.598700000000001,1.4490000000000003
CS2_36,31,1.0576,0.9748,3.6394,4.2,2.7471,0.3831,-0.5545,0.0,-0.56,0.25,22.0029,28.7505,20.9961,2.1306,6897.21,22.0,calce_cs2,1.0582,-0.0005999999999999339,-0.0014799999999999703,6.750499999999999,1.4529
CS2_36,32,1.0646,0.9812,3.6359,4.2,2.7536,0.3832,-0.5518,0.0,-0.56,0.25,22.1819,28.4614,21.006,2.2159,6962.78,22.0,calce_cs2,1.0576,0.006999999999999895,9.999999999998899e-05,6.461400000000001,1.4464000000000001
CS2_36,33,1.056,0.9733,3.6427,4.2,2.7511,0.3833,-0.5498,0.0,-0.56,0.25,22.1659,28.9033,20.9726,2.1842,6918.09,22.0,calce_cs2,1.0646,-0.008599999999999941,-0.0021399999999999865,6.9033000000000015,1.4489
CS2_36,34,1.056,0.9732,3.6365,4.2,2.7568,0.3834,-0.5488,0.0,-0.56,0.25,22.1755,28.842,21.0263,2.1118,6917.53,22.0,calce_cs2,1.056,0.0,-0.0007600000000000051,6.841999999999999,1.4432
CS2_36,35,1.054,0.9714,3.6341,4.2,2.7536,0.3835,-0.5636,0.0,-0.56,0.25,22.1161,28.7612,21.0771,2.1297,6907.17,22.0,calce_cs2,1.056,-0.0020000000000000018,-0.0008399999999999963,6.761199999999999,1.4464000000000001
CS2_36,36,1.0536,0.971,3.6421,4.2,2.7614,0.3836,-0.5514,0.0,-0.56,0.25,22.2101,28.6873,20.974,2.0394,6889.62,22.0,calce_cs2,1.054,-0.00039999999999995595,-0.0008000000000000007,6.6873000000000005,1.4386
CS2_36,37,1.0523,0.9698,3.6378,4.2,2.7467,0.3837,-0.5526,0.0,-0.56,0.25,22.1332,28.6053,20.931,2.0576,6895.29,22.0,calce_cs2,1.0536,-0.0013000000000000789,-0.0024599999999999956,6.6053,1.4533
CS2_36,38,1.0511,0.9688,3.6307,4.2,2.7397,0.3838,-0.5503,0.0,-0.56,0.25,22.0294,28.6042,20.9796,2.0936,6864.06,22.0,calce_cs2,1.0523,-0.0012000000000000899,-0.0009800000000000253,6.604199999999999,1.4603000000000002
CS2_36,39,1.0506,0.9683,3.6415,4.2,2.7471,0.3839,-0.558,0.0,-0.56,0.25,22.038,28.875,21.0696,2.154,6869.91,22.0,calce_cs2,1.0511,-0.0004999999999999449,-0.0010800000000000143,6.875,1.4529
CS2_36,40,1.051,0.9686,3.6297,4.2,2.7584,0.384,-0.5527,0.0,-0.56,0.25,22.334,28.6586,21.0096,2.1571,6891.27,22.0,calce_cs2,1.0506,0.00039999999999995595,-0.0006000000000000227,6.6586,1.4416000000000002
CS2_36,41,1.0482,0.9661,3.6301,4.2,2.7502,0.3841,-0.5493,0.0,-0.56,0.25,22.2049,28.7264,21.1586,2.068,6879.9,22.0,calce_cs2,1.051,-0.0027999999999999137,-0.0010800000000000143,6.726400000000002,1.4498000000000002
CS2_36,42,1.0477,0.9656,3.6306,4.2,2.7545,0.3842,-0.5431,0.0,-0.56,0.25,22.1185,28.6931,20.9356,2.1555,6868.5,22.0,calce_cs2,1.0482,-0.0004999999999999449,-0.0009199999999999875,6.693100000000001,1.4455
CS2_36,43,1.0476,0.9656,3.6227,4.2,2.754,0.3843,-0.5528,0.0,-0.56,0.25,22.1377,28.63,21.053,2.0328,6825.59,22.0,calce_cs2,1.0477,-9.999999999998899e-05,-0.0006999999999999674,6.629999999999999,1.4460000000000002
CS2_36,44,1.0499,0.9676,3.6316,4.2,2.74,0.3844,-0.5547,0.0,-0.56,0.25,22.1447,28.7485,21.0267,2.1538,6877.24,22.0,calce_cs2,1.0476,0.0022999999999999687,-0.0001399999999999846,6.7485,1.46
CS2_36,45,1.0447,0.9628,3.6332,4.2,2.7413,0.3845,-0.5509,0.0,-0.56,0.25,22.1664,28.8023,20.9503,2.1404,6834.87,22.0,calce_cs2,1.0499,-0.0052000000000000934,-0.0012599999999999944,6.802299999999999,1.4587000000000003
CS2_36,46,1.0438,0.962,3.6252,4.2,2.7512,0.3846,-0.5483,0.0,-0.56,0.25,22.1345,28.7881,21.0514,2.1191,6818.07,22.0,calce_cs2,1.0447,-0.0008999999999999009,-0.0008799999999999919,6.7881,1.4488000000000003
CS2_36,47,1.0458,0.9639,3.6359,4.2,2.7468,0.3847,-0.5447,0.0,-0.56,0.25,22.1854,28.7161,20.9868,2.1648,6846.94,22.0,calce_cs2,1.0438,0.0020000000000000018,-0.00038000000000000257,6.716100000000001,1.4532000000000003
CS2_36,48,1.0464,0.9645,3.6295,4.2,2.7523,0.3848,-0.5379,0.0,-0.56,0.25,22.0083,28.5581,21.007,2.1138,6878.13,22.0,calce_cs2,1.0458,0.0005999999999999339,-0.00024000000000001798,6.5581,1.4477000000000002
CS2_36,49,1.0401,0.9586,3.6332,4.2,2.7519,0.3849,-0.5435,0.0,-0.56,0.25,22.1779,28.7526,20.9577,2.1894,6822.55,22.0,calce_cs2,1.0464,-0.006299999999999972,-0.001960000000000006,6.752600000000001,1.4481000000000002
CS2_36,50,1.0429,0.9612,3.6318,4.2,2.7428,0.385,-0.5482,0.0,-0.56,0.25,22.3322,28.9776,21.0125,2.1482,6823.66,22.0,calce_cs2,1.0401,0.0027999999999999137,-0.00036000000000000474,6.977599999999999,1.4572000000000003
CS2_36,51,1.0444,0.9626,3.6375,4.2,2.7449,0.3851,-0.5485,0.0,-0.56,0.25,22.3539,28.88,20.907,2.0474,6818.65,22.0,calce_cs2,1.0429,0.0015000000000000568,0.00011999999999998679,6.879999999999999,1.4551000000000003
CS2_36,52,1.0505,0.9682,3.6303,4.2,2.7495,0.3852,-0.5481,0.0,-0.56,0.25,22.3119,28.8183,20.914,2.1027,6889.19,22.0,calce_cs2,1.0444,0.006099999999999994,0.0009399999999999853,6.818300000000001,1.4505000000000003
CS2_36,53,1.0421,0.9604,3.6284,4.2,2.7448,0.3853,-0.5572,0.0,-0.56,0.25,22.1093,28.7985,20.9986,2.052,6828.72,22.0,calce_cs2,1.0505,-0.008399999999999963,-0.0008599999999999941,6.798500000000001,1.4552
CS2_36,54,1.0418,0.9602,3.6242,4.2,2.761,0.3854,-0.5421,0.0,-0.56,0.25,22.231,28.7479,20.9659,2.1039,6837.47,22.0,calce_cs2,1.0421,-0.00029999999999996696,0.00034000000000000696,6.747900000000001,1.439
CS2_36,55,1.0396,0.9582,3.6304,4.2,2.7535,0.3855,-0.5571,0.0,-0.56,0.25,22.2348,28.7704,20.9874,2.1181,6810.02,22.0,calce_cs2,1.0418,-0.0021999999999999797,-0.0006599999999999717,6.770399999999999,1.4465000000000003
CS2_36,56,1.0382,0.9568,3.6282,4.2,2.7632,0.3856,-0.5491,0.0,-0.56,0.25,22.2267,29.0314,20.9666,2.0593,6805.93,22.0,calce_cs2,1.0396,-0.0014000000000000679,-0.0012399999999999967,7.031400000000001,1.4368000000000003
CS2_36,57,1.0377,0.9564,3.6361,4.2,2.7482,0.3857,-0.5479,0.0,-0.56,0.25,22.1901,28.7422,20.9321,2.0404,6817.58,22.0,calce_cs2,1.0382,-0.0004999999999999449,-0.0025599999999999846,6.7422,1.4518
CS2_36,58,1.0373,0.956,3.6216,4.2,2.7449,0.3858,-0.5566,0.0,-0.56,0.25,22.0705,28.7343,21.0721,2.1387,6800.34,22.0,calce_cs2,1.0377,-0.00039999999999995595,-0.0009599999999999831,6.734300000000001,1.4551000000000003
CS2_36,59,1.0435,0.9617,3.6321,4.2,2.7517,0.3859,-0.5495,0.0,-0.56,0.25,22.34,28.8677,21.0101,2.0086,6822.4,22.0,calce_cs2,1.0373,0.006199999999999983,0.00034000000000000696,6.867699999999999,1.4483000000000001
CS2_36,60,1.0315,0.9507,3.6324,4.2,2.7549,0.386,-0.5574,0.0,-0.56,0.25,22.0016,28.9834,20.9388,2.0179,6731.61,22.0,calce_cs2,1.0435,-0.01200000000000001,-0.0016199999999999993,6.9834,1.4451
CS2_36,61,1.0342,0.9532,3.636,4.2,2.7527,0.3861,-0.5502,0.0,-0.56,0.25,22.1631,28.8675,21.087,2.1673,6757.28,22.0,calce_cs2,1.0315,0.0026999999999999247,-0.0008000000000000007,6.8675,1.4473000000000003
CS2_36,62,1.0346,0.9536,3.6228,4.2,2.7497,0.3862,-0.555,0.0,-0.56,0.25,22.385,28.6561,21.1617,2.1892,6743.5,22.0,calce_cs2,1.0342,0.00039999999999995595,-0.0006200000000000205,6.656099999999999,1.4503000000000004
CS2_36,63,1.0367,0.9555,3.6352,4.2,2.7525,0.3863,-0.5506,0.0,-0.56,0.25,22.3259,28.9434,20.9825,2.099,6776.2,22.0,calce_cs2,1.0346,0.0020999999999999908,-0.00012000000000003119,6.9434000000000005,1.4475000000000002
CS2_36,64,1.0357,0.9546,3.6257,4.2,2.7445,0.3864,-0.5487,0.0,-0.56,0.25,22.2116,28.7866,20.9719,2.0691,6769.24,22.0,calce_cs2,1.0367,-0.0009999999999998899,-0.0015600000000000058,6.7866,1.4555000000000002
CS2_36,65,1.0307,0.9499,3.6286,4.2,2.7521,0.3865,-0.5459,0.0,-0.56,0.25,22.2152,29.0303,20.8863,2.1549,6729.65,22.0,calce_cs2,1.0357,-0.0050000000000001155,-0.0001600000000000268,7.0303,1.4479000000000002
CS2_36,66,1.0346,0.9536,3.6258,4.2,2.7512,0.3866,-0.5563,0.0,-0.56,0.25,22.1924,28.8081,21.1021,2.1253,6767.84,22.0,calce_cs2,1.0307,0.0039000000000000146,7.999999999999118e-05,6.8081,1.4488000000000003
CS2_36,67,1.0334,0.9524,3.6186,4.2,2.7509,0.3867,-0.5452,0.0,-0.56,0.25,22.1497,28.8762,21.1048,2.1491,6764.09,22.0,calce_cs2,1.0346,-0.0011999999999998678,-0.00023999999999997358,6.876200000000001,1.4491
CS2_36,68,1.0323,0.9514,3.6218,4.2,2.7577,0.3868,-0.5554,0.0,-0.56,0.25,22.0358,28.6568,21.0999,2.0596,6812.61,22.0,calce_cs2,1.0334,-0.001100000000000101,-0.0008799999999999919,6.6568000000000005,1.4423000000000004
CS2_36,69,1.0277,0.9472,3.6202,4.2,2.7506,0.3869,-0.5504,0.0,-0.56,0.25,22.1905,28.7117,21.0373,2.0484,6745.85,22.0,calce_cs2,1.0323,-0.0045999999999999375,-0.0016000000000000014,6.7117,1.4494000000000002
CS2_36,70,1.03,0.9493,3.6279,4.2,2.7512,0.387,-0.5405,0.0,-0.56,0.25,22.2151,28.994,20.9213,2.1232,6742.95,22.0,calce_cs2,1.0277,0.0022999999999999687,-0.0001399999999999846,6.994,1.4488000000000003
CS2_36,71,1.0272,0.9467,3.6187,4.2,2.7499,0.3871,-0.547,0.0,-0.56,0.25,22.4542,29.1748,20.9584,2.0468,6742.68,22.0,calce_cs2,1.03,-0.0028000000000001357,-0.0014800000000000147,7.174800000000001,1.4501000000000004
CS2_36,72,1.0296,0.9489,3.6169,4.2,2.7449,0.3872,-0.5558,0.0,-0.56,0.25,22.2355,29.2745,21.0042,2.1087,6730.72,22.0,calce_cs2,1.0272,0.0024000000000001798,-0.0007600000000000051,7.2745,1.4551000000000003
CS2_36,73,1.0265,0.946,3.623,4.2,2.7449,0.3873,-0.5528,0.0,-0.56,0.25,22.1858,28.9994,21.0304,2.138,6714.99,22.0,calce_cs2,1.0296,-0.0031000000000001027,-0.0011600000000000054,6.999400000000001,1.4551000000000003
CS2_36,74,1.0246,0.9444,3.6171,4.2,2.7463,0.3874,-0.5522,0.0,-0.56,0.25,22.2979,29.0349,20.8694,2.0727,6708.47,22.0,calce_cs2,1.0265,-0.0019000000000000128,-0.0006200000000000205,7.0349,1.4537
CS2_36,75,1.0255,0.9451,3.6241,4.2,2.75,0.3875,-0.5458,0.0,-0.56,0.25,21.9076,28.7949,21.0626,2.0482,6700.83,22.0,calce_cs2,1.0246,0.0009000000000001229,-0.0008999999999999897,6.794899999999998,1.4500000000000002
CS2_36,76,1.0241,0.9439,3.618,4.2,2.752,0.3876,-0.5535,0.0,-0.56,0.25,22.413,29.0618,21.0015,2.0596,6700.01,22.0,calce_cs2,1.0255,-0.0014000000000000679,-0.0006199999999999761,7.061800000000002,1.4480000000000004
CS2_36,77,1.0247,0.9444,3.6139,4.2,2.7377,0.3877,-0.5453,0.0,-0.56,0.25,22.2349,29.2139,21.0693,2.1284,6694.76,22.0,calce_cs2,1.0241,0.0005999999999999339,-0.0009800000000000253,7.213899999999999,1.4623000000000004
CS2_36,78,1.0219,0.9419,3.6219,4.2,2.745,0.3878,-0.5475,0.0,-0.56,0.25,22.3554,28.9522,20.8283,2.1908,6682.26,22.0,calce_cs2,1.0247,-0.0027999999999999137,-0.0009199999999999875,6.952200000000001,1.455
CS2_36,79,1.0254,0.9451,3.6146,4.2,2.7556,0.3879,-0.5505,0.0,-0.56,0.25,22.3393,29.0848,20.9061,2.0674,6691.09,22.0,calce_cs2,1.0219,0.0035000000000000586,0.0001600000000000268,7.084800000000001,1.4444000000000004
CS2_36,80,1.0178,0.9381,3.6215,4.2,2.7561,0.388,-0.5447,0.0,-0.56,0.25,22.2169,28.8882,20.9861,2.0694,6649.2,22.0,calce_cs2,1.0254,-0.007600000000000051,-0.001540000000000008,6.888200000000001,1.4439000000000002
CS2_36,81,1.0254,0.9451,3.6272,4.2,2.7537,0.3881,-0.5434,0.0,-0.56,0.25,22.5157,28.8883,20.9778,2.108,6684.06,22.0,calce_cs2,1.0178,0.007600000000000051,0.00026000000000001575,6.888300000000001,1.4463000000000004
CS2_36,82,1.0214,0.9414,3.6094,4.2,2.7502,0.3882,-0.5523,0.0,-0.56,0.25,22.2949,28.926,20.8601,2.0255,6679.28,22.0,calce_cs2,1.0254,-0.0040000000000000036,-0.0006599999999999717,6.925999999999998,1.4498000000000002
CS2_36,83,1.0187,0.9389,3.6172,4.2,2.753,0.3883,-0.5575,0.0,-0.56,0.25,22.3498,28.8891,21.1111,2.1303,6679.74,22.0,calce_cs2,1.0214,-0.0027000000000001467,-0.0006400000000000184,6.889099999999999,1.447
CS2_36,84,1.0187,0.9389,3.6163,4.2,2.756,0.3884,-0.5534,0.0,-0.56,0.25,22.3897,28.9666,20.8255,2.0379,6661.11,22.0,calce_cs2,1.0187,0.0,-0.00134000000000003,6.9666,1.4440000000000004
CS2_36,85,1.0156,0.9361,3.6116,4.2,2.7536,0.3885,-0.5526,0.0,-0.56,0.25,22.3391,29.0827,21.0298,2.0993,6671.14,22.0,calce_cs2,1.0187,-0.0030999999999998806,-0.00043999999999999595,7.082699999999999,1.4464000000000001
CS2_36,86,1.0183,0.9385,3.6097,4.2,2.7528,0.3886,-0.5518,0.0,-0.56,0.25,22.2833,29.0125,21.1091,2.0288,6663.55,22.0,calce_cs2,1.0156,0.0026999999999999247,-0.0014200000000000213,7.012499999999999,1.4472
CS2_36,87,1.017,0.9374,3.6205,4.2,2.7502,0.3887,-0.5512,0.0,-0.56,0.25,22.3869,28.9424,20.9954,2.1184,6657.18,22.0,calce_cs2,1.0183,-0.0013000000000000789,-0.0008800000000000364,6.942399999999999,1.4498000000000002
CS2_36,88,1.0189,0.9391,3.6163,4.2,2.7511,0.3888,-0.5486,0.0,-0.56,0.25,22.3921,29.1608,20.9607,2.1951,6639.07,22.0,calce_cs2,1.017,0.0019000000000000128,3.999999999999559e-05,7.160799999999998,1.4489
CS2_36,89,1.0167,0.937,3.614,4.2,2.7448,0.3889,-0.5593,0.0,-0.56,0.25,22.3422,28.7943,20.9216,2.0839,6660.88,22.0,calce_cs2,1.0189,-0.0021999999999999797,-0.00040000000000000034,6.7943,1.4552
CS2_36,90,1.0161,0.9365,3.6085,4.2,2.7546,0.389,-0.5485,0.0,-0.56,0.25,22.4444,29.0713,21.087,2.1028,6649.2,22.0,calce_cs2,1.0167,-0.0005999999999999339,9.999999999998899e-05,7.071300000000001,1.4454000000000002
CS2_36,91,1.0129,0.9335,3.6161,4.2,2.7566,0.3891,-0.5513,0.0,-0.56,0.25,22.4933,28.9845,20.9808,2.0457,6627.64,22.0,calce_cs2,1.0161,-0.0032000000000000917,-0.0010800000000000143,6.984500000000001,1.4434
CS2_36,92,1.0123,0.9329,3.6193,4.2,2.7475,0.3892,-0.5442,0.0,-0.56,0.25,22.414,29.1467,21.0215,2.0359,6638.35,22.0,calce_cs2,1.0129,-0.0005999999999999339,-0.0009399999999999853,7.146699999999999,1.4525000000000001
CS2_36,93,1.0118,0.9326,3.6051,4.2,2.7552,0.3893,-0.5522,0.0,-0.56,0.25,22.3894,29.1056,21.0441,2.1227,6593.46,22.0,calce_cs2,1.0123,-0.0004999999999999449,-0.0014199999999999768,7.105599999999999,1.4448000000000003
CS2_36,94,1.0129,0.9335,3.6156,4.2,2.7509,0.3894,-0.549,0.0,-0.56,0.25,22.2625,29.0938,20.937,2.0246,6624.37,22.0,calce_cs2,1.0118,0.0010999999999998789,-0.0007600000000000051,7.093800000000002,1.4491
CS2_36,95,1.0109,0.9317,3.6099,4.2,2.7578,0.3895,-0.5443,0.0,-0.56,0.25,22.3132,29.1071,20.987,2.2241,6636.69,22.0,calce_cs2,1.0129,-0.0020000000000000018,-0.0010400000000000188,7.107099999999999,1.4422000000000001
CS2_36,96,1.0128,0.9335,3.611,4.2,2.7482,0.3896,-0.5474,0.0,-0.56,0.25,22.143,28.9483,20.9855,2.1625,6642.08,22.0,calce_cs2,1.0109,0.0019000000000000128,-1.9999999999997796e-05,6.9483,1.4518
CS2_36,97,1.0094,0.9303,3.6139,4.2,2.7498,0.3897,-0.5588,0.0,-0.56,0.25,22.4189,28.8546,21.034,2.1341,6582.66,22.0,calce_cs2,1.0128,-0.0033999999999998476,-0.0005799999999999805,6.854600000000001,1.4502000000000002
CS2_36,98,1.0096,0.9305,3.6032,4.2,2.7444,0.3898,-0.5549,0.0,-0.56,0.25,22.5404,28.8573,20.9972,2.0339,6613.99,22.0,calce_cs2,1.0094,0.00019999999999997797,-0.00043999999999999595,6.857299999999999,1.4556
CS2_36,99,1.0064,0.9275,3.6144,4.2,2.7406,0.3899,-0.5542,0.0,-0.56,0.25,22.429,28.7898,21.0653,2.1012,6585.27,22.0,calce_cs2,1.0096,-0.0032000000000000917,-0.00129999999999999,6.7898,1.4594
CS2_36,100,1.0104,0.9312,3.6137,4.2,2.7491,0.39,-0.5444,0.0,-0.56,0.25,22.2786,29.0973,21.065,2.0489,6624.94,22.0,calce_cs2,1.0064,0.0040000000000000036,-9.999999999998899e-05,7.097300000000001,1.4509000000000003
CS2_36,101,1.0068,0.9279,3.6109,4.2,2.7492,0.3901,-0.543,0.0,-0.56,0.25,22.5361,28.845,20.9085,2.0541,6572.24,22.0,calce_cs2,1.0104,-0.0036000000000000476,-0.001200000000000001,6.844999999999999,1.4508
CS2_36,102,1.0058,0.927,3.6202,4.2,2.7529,0.3902,-0.5478,0.0,-0.56,0.25,22.4514,28.8143,21.0653,2.0647,6581.01,22.0,calce_cs2,1.0068,-0.0009999999999998899,-0.0007200000000000095,6.814299999999999,1.4471000000000003
CS2_36,103,1.0035,0.9249,3.6023,4.2,2.7519,0.3903,-0.5469,0.0,-0.56,0.25,22.2768,28.9742,20.9492,2.1379,6546.48,22.0,calce_cs2,1.0058,-0.0022999999999999687,-0.0012199999999999989,6.9742,1.4481000000000002
CS2_36,104,1.0041,0.9254,3.6031,4.2,2.7482,0.3904,-0.5529,0.0,-0.56,0.25,22.5447,29.0065,20.9552,2.0805,6576.73,22.0,calce_cs2,1.0035,0.0005999999999999339,-0.0004599999999999937,7.006499999999999,1.4518
CS2_36,105,1.0023,0.9238,3.6181,4.2,2.7477,0.3905,-0.5435,0.0,-0.56,0.25,22.3345,28.9699,20.9606,2.0889,6558.09,22.0,calce_cs2,1.0041,-0.0018000000000000238,-0.0016199999999999993,6.969899999999999,1.4523000000000001
CS2_36,106,1.0058,0.927,3.6072,4.2,2.752,0.3906,-0.5542,0.0,-0.56,0.25,22.2439,29.1631,21.0218,2.2182,6565.14,22.0,calce_cs2,1.0023,0.0035000000000000586,-0.00019999999999997797,7.1631,1.4480000000000004
CS2_36,107,1.005,0.9262,3.6009,4.2,2.7544,0.3907,-0.5568,0.0,-0.56,0.25,22.6496,28.9965,21.1426,2.2168,6577.79,22.0,calce_cs2,1.0058,-0.0008000000000001339,-0.0001600000000000268,6.996500000000001,1.4456000000000002
CS2_36,108,1.0023,0.9238,3.604,4.2,2.7502,0.3908,-0.5503,0.0,-0.56,0.25,22.4339,29.1196,21.018,2.0933,6554.63,22.0,calce_cs2,1.005,-0.0026999999999999247,-0.00024000000000001798,7.119599999999998,1.4498000000000002
CS2_36,109,1.0032,0.9246,3.6063,4.2,2.7454,0.3909,-0.5454,0.0,-0.56,0.25,22.4878,29.0022,21.2731,2.084,6563.91,22.0,calce_cs2,1.0023,0.0009000000000001229,-0.00017999999999998017,7.002199999999998,1.4546000000000001
CS2_36,110,1.0038,0.9251,3.6077,4.2,2.7559,0.391,-0.548,0.0,-0.56,0.25,22.2885,29.1057,21.0458,2.0177,6587.86,22.0,calce_cs2,1.0032,0.0005999999999999339,0.00030000000000001136,7.105699999999999,1.4441000000000002
CS2_36,111,1.0027,0.9242,3.6046,4.2,2.7525,0.3911,-0.5495,0.0,-0.56,0.25,22.4785,28.896,21.0578,1.9905,6567.36,22.0,calce_cs2,1.0038,-0.001100000000000101,-0.0006200000000000205,6.896000000000001,1.4475000000000002
CS2_36,112,0.9981,0.9199,3.6009,4.2,2.7567,0.3912,-0.5477,0.0,-0.56,0.25,22.4183,29.1654,21.0843,2.0629,6536.49,22.0,calce_cs2,1.0027,-0.0045999999999999375,-0.0013799999999999813,7.165400000000002,1.4433000000000002
CS2_36,113,0.9981,0.9199,3.6057,4.2,2.7487,0.3913,-0.5481,0.0,-0.56,0.25,22.3368,28.8704,21.1048,2.066,6533.82,22.0,calce_cs2,0.9981,0.0,-0.0008399999999999963,6.8704,1.4513000000000003
CS2_36,114,0.9992,0.921,3.6103,4.2,2.7475,0.3914,-0.5503,0.0,-0.56,0.25,22.4732,29.0949,21.0144,2.0718,6541.66,22.0,calce_cs2,0.9981,0.0010999999999999899,-0.0008000000000000229,7.094899999999999,1.4525000000000001
CS2_36,115,1.0009,0.9225,3.607,4.2,2.7474,0.3915,-0.5512,0.0,-0.56,0.25,22.4011,29.3761,21.0622,2.0647,6550.82,22.0,calce_cs2,0.9992,0.0016999999999999238,-0.0005800000000000249,7.376100000000001,1.4526000000000003
CS2_36,116,0.9943,0.9164,3.6036,4.2,2.7555,0.3916,-0.5513,0.0,-0.56,0.25,22.3328,29.134,21.1384,2.0459,6490.24,22.0,calce_cs2,1.0009,-0.006599999999999939,-0.0016799999999999927,7.134,1.4445000000000001
CS2_36,117,0.9942,0.9163,3.6111,4.2,2.7506,0.3917,-0.5428,0.0,-0.56,0.25,22.4325,29.0448,21.0049,2.1578,6492.47,22.0,calce_cs2,0.9943,-9.999999999998899e-05,-0.0007800000000000029,7.044799999999999,1.4494000000000002
CS2_36,118,0.9956,0.9176,3.6046,4.2,2.7508,0.3918,-0.5537,0.0,-0.56,0.25,22.4108,29.0741,20.834,2.0972,6516.69,22.0,calce_cs2,0.9942,0.0014000000000000679,-0.0004999999999999894,7.074100000000001,1.4492000000000003
CS2_36,119,0.9949,0.917,3.6013,4.2,2.7448,0.3919,-0.5531,0.0,-0.56,0.25,22.4123,29.4897,20.9049,2.0347,6496.01,22.0,calce_cs2,0.9956,-0.0007000000000000339,-0.0008599999999999941,7.489699999999999,1.4552
CS2_36,120,0.9965,0.9184,3.6055,4.2,2.7552,0.392,-0.5517,0.0,-0.56,0.25,22.4496,29.1492,20.9862,2.0925,6545.67,22.0,calce_cs2,0.9949,0.0016000000000000458,-0.0008799999999999697,7.1492,1.4448000000000003
CS2_36,121,0.9917,0.914,3.6004,4.2,2.7548,0.3921,-0.5458,0.0,-0.56,0.25,22.4321,29.1005,20.9179,1.967,6491.47,22.0,calce_cs2,0.9965,-0.0048000000000000265,-0.0005199999999999872,7.1005,1.4452000000000003
CS2_36,122,0.9934,0.9156,3.5964,4.2,2.7505,0.3922,-0.5579,0.0,-0.56,0.25,22.5428,29.0854,21.1199,2.148,6508.68,22.0,calce_cs2,0.9917,0.0016999999999999238,-0.0001600000000000046,7.0854,1.4495
CS2_36,123,0.9956,0.9176,3.6045,4.2,2.7516,0.3923,-0.5505,0.0,-0.56,0.25,22.4997,29.4144,21.0875,2.1286,6493.59,22.0,calce_cs2,0.9934,0.0022000000000000908,0.0,7.4144000000000005,1.4484000000000004
CS2_36,124,0.9933,0.9155,3.5955,4.2,2.7471,0.3924,-0.544,0.0,-0.56,0.25,22.7215,29.3076,20.9521,2.0791,6488.08,22.0,calce_cs2,0.9956,-0.0023000000000000798,-0.0003200000000000092,7.307600000000001,1.4529
CS2_36,125,0.9944,0.9165,3.5902,4.2,2.7534,0.3925,-0.5517,0.0,-0.56,0.25,22.6511,29.2747,20.9212,2.0818,6520.59,22.0,calce_cs2,0.9933,0.0010999999999999899,-0.00042000000000002035,7.274699999999999,1.4466
CS2_36,126,0.9882,0.9108,3.606,4.2,2.7508,0.3926,-0.5396,0.0,-0.56,0.25,22.5236,29.2273,21.0125,2.1802,6452.69,22.0,calce_cs2,0.9944,-0.006199999999999983,-0.0007000000000000117,7.2273,1.4492000000000003
CS2_36,127,0.9893,0.9118,3.5918,4.2,2.7476,0.3927,-0.5542,0.0,-0.56,0.25,22.2709,29.2642,20.9779,2.0833,6458.7,22.0,calce_cs2,0.9882,0.0010999999999999899,-0.0008199999999999985,7.264199999999999,1.4524000000000004
CS2_36,128,0.9883,0.9109,3.589,4.2,2.7531,0.3928,-0.5506,0.0,-0.56,0.25,22.3801,29.3671,21.0546,2.0979,6456.19,22.0,calce_cs2,0.9893,-0.0010000000000000009,-0.0014600000000000168,7.367100000000001,1.4469000000000003
CS2_36,129,0.9886,0.9112,3.6076,4.2,2.7479,0.3929,-0.5545,0.0,-0.56,0.25,22.7736,29.5971,20.9565,2.0983,6490.24,22.0,calce_cs2,0.9883,0.000300000000000078,-0.0009399999999999853,7.597100000000001,1.4521000000000002
CS2_36,130,0.989,0.9116,3.5951,4.2,2.751,0.393,-0.5571,0.0,-0.56,0.25,22.4141,29.2297,20.9135,2.1161,6486.7,22.0,calce_cs2,0.9886,0.00039999999999995595,-0.001079999999999992,7.229700000000001,1.4490000000000003
CS2_36,131,0.9865,0.9092,3.5959,4.2,2.7566,0.3931,-0.5537,0.0,-0.56,0.25,22.8543,29.3566,21.0698,2.043,6450.87,22.0,calce_cs2,0.989,-0.0024999999999999467,-0.00033999999999998474,7.3566,1.4434
CS2_36,132,0.9891,0.9116,3.6059,4.2,2.7437,0.3932,-0.5443,0.0,-0.56,0.25,22.548,29.324,20.9742,2.0307,6464.86,22.0,calce_cs2,0.9865,0.0025999999999999357,-3.999999999999559e-05,7.324000000000002,1.4563000000000001
CS2_36,133,0.9895,0.912,3.5995,4.2,2.7433,0.3933,-0.5555,0.0,-0.56,0.25,22.4776,29.3095,20.9418,2.0529,6476.52,22.0,calce_cs2,0.9891,0.00040000000000006697,0.00024000000000001798,7.3095,1.4567
CS2_36,134,0.9864,0.9091,3.5984,4.2,2.7556,0.3934,-0.5447,0.0,-0.56,0.25,22.4005,29.4335,21.0524,2.116,6453.88,22.0,calce_cs2,0.9895,-0.0030999999999999917,-0.00043999999999999595,7.433499999999999,1.4444000000000004
CS2_36,135,0.985,0.9078,3.6049,4.2,2.7545,0.3935,-0.5507,0.0,-0.56,0.25,22.5917,29.2261,20.9321,2.0317,6461.66,22.0,calce_cs2,0.9864,-0.0014000000000000679,-0.0008000000000000007,7.226099999999999,1.4455
CS2_36,136,0.9806,0.9038,3.5893,4.2,2.7518,0.3936,-0.5461,0.0,-0.56,0.25,22.4036,29.3321,20.877,2.0392,6419.23,22.0,calce_cs2,0.985,-0.0043999999999999595,-0.0011800000000000033,7.3321000000000005,1.4482000000000004
CS2_36,137,0.9854,0.9082,3.5993,4.2,2.7475,0.3937,-0.5462,0.0,-0.56,0.25,22.4382,29.4479,20.9935,2.1838,6456.19,22.0,calce_cs2,0.9806,0.0048000000000000265,-0.0007399999999999851,7.447900000000001,1.4525000000000001
CS2_36,138,0.9828,0.9058,3.5918,4.2,2.757,0.3938,-0.5476,0.0,-0.56,0.25,22.4505,29.2052,21.2165,2.1053,6403.81,22.0,calce_cs2,0.9854,-0.0026000000000000467,-0.0013400000000000079,7.205200000000001,1.443
CS2_36,139,0.9818,0.9049,3.5929,4.2,2.7628,0.3939,-0.5426,0.0,-0.56,0.25,22.654,29.2958,20.8983,2.152,6442.35,22.0,calce_cs2,0.9828,-0.0010000000000000009,-0.0009200000000000097,7.2958,1.4372000000000003
CS2_36,140,0.9824,0.9054,3.5936,4.2,2.7398,0.394,-0.5494,0.0,-0.56,0.25,22.7069,29.1101,20.996,2.1111,6410.16,22.0,calce_cs2,0.9818,0.0006000000000000449,-0.0005199999999999872,7.110099999999999,1.4602000000000004
CS2_36,141,0.979,0.9023,3.5955,4.2,2.7486,0.3941,-0.5463,0.0,-0.56,0.25,22.4068,29.3606,20.9935,2.0669,6408.29,22.0,calce_cs2,0.9824,-0.0034000000000000696,-0.0003200000000000092,7.360600000000002,1.4514
CS2_36,142,0.9811,0.9042,3.5816,4.2,2.7453,0.3942,-0.5504,0.0,-0.56,0.25,22.3794,29.4158,21.055,2.1313,6439.55,22.0,calce_cs2,0.979,0.0020999999999999908,-0.0008600000000000164,7.415800000000001,1.4547000000000003
CS2_36,143,0.984,0.9069,3.5946,4.2,2.7458,0.3943,-0.547,0.0,-0.56,0.25,22.7754,29.4331,20.9561,2.0913,6477.23,22.0,calce_cs2,0.9811,0.0029000000000000137,0.00023999999999999578,7.4331,1.4542000000000002
CS2_36,144,0.9769,0.9004,3.595,4.2,2.7471,0.3944,-0.548,0.0,-0.56,0.25,22.5228,29.1862,21.1143,2.0622,6396.83,22.0,calce_cs2,0.984,-0.007099999999999995,-0.000980000000000003,7.1861999999999995,1.4529
CS2_36,145,0.9769,0.9004,3.6022,4.2,2.754,0.3945,-0.5495,0.0,-0.56,0.25,22.4876,29.5467,21.08,2.0099,6395.7,22.0,calce_cs2,0.9769,0.0,-0.001100000000000012,7.546700000000001,1.4460000000000002
CS2_36,146,0.9774,0.9009,3.5904,4.2,2.7536,0.3946,-0.5441,0.0,-0.56,0.25,22.6331,29.6297,20.9836,2.1408,6375.25,22.0,calce_cs2,0.9769,0.000500000000000056,-0.00031999999999998696,7.6297,1.4464000000000001
CS2_36,147,0.976,0.8996,3.5918,4.2,2.7568,0.3947,-0.5536,0.0,-0.56,0.25,22.5254,29.2442,20.9466,2.071,6387.74,22.0,calce_cs2,0.9774,-0.0014000000000000679,-0.0010199999999999988,7.244199999999999,1.4432
CS2_36,148,0.9782,0.9015,3.597,4.2,2.755,0.3948,-0.5442,0.0,-0.56,0.25,22.5127,29.5047,20.9255,2.1428,6409.94,22.0,calce_cs2,0.976,0.0021999999999999797,-0.0011600000000000054,7.5047,1.4450000000000003
CS2_36,149,0.9756,0.8992,3.5919,4.2,2.7535,0.3949,-0.5481,0.0,-0.56,0.25,22.4402,29.3317,21.0562,2.1438,6399.56,22.0,calce_cs2,0.9782,-0.0025999999999999357,-0.0002599999999999936,7.331700000000001,1.4465000000000003
CS2_36,150,0.9769,0.9003,3.5944,4.2,2.7626,0.395,-0.5497,0.0,-0.56,0.25,22.6925,29.3381,20.9977,2.1707,6408.25,22.0,calce_cs2,0.9756,0.0012999999999999678,0.0,7.338100000000001,1.4374000000000002
CS2_36,151,0.9758,0.8993,3.5738,4.2,2.7429,0.3951,-0.5583,0.0,-0.56,0.25,22.5591,29.5807,21.0971,2.0755,6351.94,22.0,calce_cs2,0.9769,-0.0010999999999999899,-0.0003200000000000092,7.5807,1.4571
CS2_36,152,0.9757,0.8992,3.5895,4.2,2.7472,0.3952,-0.5547,0.0,-0.56,0.25,22.5098,29.7504,20.9472,2.1064,6402.3,22.0,calce_cs2,0.9758,-9.999999999998899e-05,-5.9999999999993395e-05,7.750399999999999,1.4528000000000003
CS2_36,153,0.9723,0.8961,3.5832,4.2,2.7611,0.3953,-0.5425,0.0,-0.56,0.25,22.5802,29.4858,20.9955,2.091,6370.94,22.0,calce_cs2,0.9757,-0.0033999999999999586,-0.001179999999999981,7.485800000000001,1.4389000000000003
CS2_36,154,0.9737,0.8974,3.5917,4.2,2.7592,0.3954,-0.5525,0.0,-0.56,0.25,22.5988,29.2879,20.8465,2.1046,6398.06,22.0,calce_cs2,0.9723,0.0013999999999999568,-0.00038000000000000257,7.2879000000000005,1.4408000000000003
CS2_36,155,0.9724,0.8963,3.5927,4.2,2.7493,0.3955,-0.5469,0.0,-0.56,0.25,22.5662,29.5659,20.9943,2.1688,6351.54,22.0,calce_cs2,0.9737,-0.0012999999999999678,-0.0008999999999999897,7.565899999999999,1.4507000000000003
CS2_36,156,0.9747,0.8983,3.5887,4.2,2.751,0.3956,-0.5514,0.0,-0.56,0.25,22.6161,29.6579,21.1196,2.0871,6380.3,22.0,calce_cs2,0.9724,0.0022999999999999687,-0.00021999999999999797,7.6579000000000015,1.4490000000000003
CS2_36,157,0.9709,0.8949,3.5821,4.2,2.7454,0.3957,-0.5484,0.0,-0.56,0.25,22.4138,29.2033,20.9888,2.1449,6344.6,22.0,calce_cs2,0.9747,-0.0038000000000000256,-0.0009600000000000053,7.203299999999999,1.4546000000000001
CS2_36,158,0.9705,0.8945,3.5875,4.2,2.7423,0.3958,-0.5498,0.0,-0.56,0.25,22.5191,29.5111,21.1329,2.0049,6340.56,22.0,calce_cs2,0.9709,-0.00039999999999995595,-0.00036000000000000474,7.511099999999999,1.4577
CS2_36,159,0.9699,0.8939,3.5849,4.2,2.7486,0.3959,-0.5522,0.0,-0.56,0.25,22.7553,29.6533,20.9838,2.0266,6330.35,22.0,calce_cs2,0.9705,-0.0006000000000000449,-0.0007600000000000051,7.6533000000000015,1.4514
CS2_36,160,0.9702,0.8942,3.5813,4.2,2.7468,0.396,-0.5514,0.0,-0.56,0.25,22.6678,29.3855,20.9635,2.113,6360.39,22.0,calce_cs2,0.9699,0.00029999999999996696,-0.0004400000000000182,7.3855,1.4532000000000003
CS2_36,161,0.9633,0.8878,3.588,4.2,2.7484,0.3961,-0.5477,0.0,-0.56,0.25,22.6224,29.4329,21.1035,2.0963,6316.6,22.0,calce_cs2,0.9702,-0.006899999999999906,-0.002279999999999993,7.4329,1.4516
CS2_36,162,0.9657,0.8901,3.5895,4.2,2.7557,0.3962,-0.5542,0.0,-0.56,0.25,22.636,29.5537,21.0457,2.166,6337.97,22.0,calce_cs2,0.9633,0.0023999999999999577,-0.0010399999999999964,7.553699999999999,1.4443000000000001
CS2_36,163,0.968,0.8922,3.5821,4.2,2.7494,0.3963,-0.5501,0.0,-0.56,0.25,22.7055,29.3371,20.9976,2.1189,6313.18,22.0,calce_cs2,0.9657,0.0022999999999999687,-0.0005000000000000115,7.3370999999999995,1.4506000000000001
CS2_36,164,0.9722,0.896,3.5859,4.2,2.7467,0.3964,-0.5449,0.0,-0.56,0.25,22.729,29.3193,21.06,2.0675,6359.74,22.0,calce_cs2,0.968,0.0041999999999999815,0.0004599999999999937,7.319299999999998,1.4533
CS2_36,165,0.9662,0.8905,3.5816,4.2,2.7513,0.3965,-0.5469,0.0,-0.56,0.25,22.6916,28.9188,20.962,2.199,6311.57,22.0,calce_cs2,0.9722,-0.006000000000000005,-0.0008000000000000007,6.918800000000001,1.4487
CS2_36,166,0.9638,0.8883,3.5828,4.2,2.7421,0.3966,-0.5485,0.0,-0.56,0.25,22.6125,29.513,20.8373,2.1474,6324.14,22.0,calce_cs2,0.9662,-0.0023999999999999577,9.999999999998899e-05,7.513000000000002,1.4579
CS2_36,167,0.9606,0.8853,3.5894,4.2,2.7504,0.3967,-0.5524,0.0,-0.56,0.25,22.4644,29.5194,20.9025,2.1785,6282.18,22.0,calce_cs2,0.9638,-0.0031999999999999806,-0.0010199999999999988,7.519400000000001,1.4496000000000002
CS2_36,168,0.9603,0.8851,3.5692,4.2,2.7512,0.3968,-0.5544,0.0,-0.56,0.25,22.5786,29.5887,21.0096,2.1582,6294.61,22.0,calce_cs2,0.9606,-0.00029999999999996696,-0.0015399999999999858,7.588699999999999,1.4488000000000003
CS2_36,169,0.9575,0.8825,3.5904,4.2,2.748,0.3969,-0.5508,0.0,-0.56,0.25,22.5547,29.4399,21.0147,2.1947,6277.16,22.0,calce_cs2,0.9603,-0.0028000000000000247,-0.002939999999999987,7.4399000000000015,1.452
CS2_36,170,0.9595,0.8844,3.5758,4.2,2.7431,0.397,-0.5498,0.0,-0.56,0.25,22.5815,29.5469,21.1031,2.0846,6281.63,22.0,calce_cs2,0.9575,0.0020000000000000018,-0.0013399999999999857,7.546900000000001,1.4569
CS2_36,171,0.9629,0.8874,3.5802,4.2,2.756,0.3971,-0.5473,0.0,-0.56,0.25,22.5449,29.3692,21.0223,2.2033,6291.49,22.0,calce_cs2,0.9595,0.0033999999999999586,-0.00018000000000000237,7.369199999999999,1.4440000000000004
CS2_36,172,0.9585,0.8834,3.5831,4.2,2.7453,0.3972,-0.5481,0.0,-0.56,0.25,22.6603,29.3548,21.1563,2.0227,6283.67,22.0,calce_cs2,0.9629,-0.0043999999999999595,-0.0004199999999999982,7.354800000000001,1.4547000000000003
CS2_36,173,0.9589,0.8838,3.5796,4.2,2.7461,0.3973,-0.5467,0.0,-0.56,0.25,22.6663,29.4577,21.1006,2.0934,6279.86,22.0,calce_cs2,0.9585,0.00039999999999995595,-0.0002800000000000136,7.457699999999999,1.4539
CS2_36,174,0.9598,0.8846,3.5834,4.2,2.7469,0.3974,-0.5543,0.0,-0.56,0.25,22.7355,29.5625,21.1316,2.1431,6279.21,22.0,calce_cs2,0.9589,0.0009000000000000119,0.0004599999999999937,7.5625,1.4531
CS2_36,175,0.9577,0.8827,3.5669,4.2,2.7468,0.3975,-0.5483,0.0,-0.56,0.25,22.802,29.5635,20.9702,2.1365,6270.59,22.0,calce_cs2,0.9598,-0.0020999999999999908,-0.00036000000000000474,7.563500000000001,1.4532000000000003
CS2_36,176,0.9554,0.8805,3.5686,4.2,2.7483,0.3976,-0.5473,0.0,-0.56,0.25,22.6823,29.5824,20.8929,2.1142,6240.85,22.0,calce_cs2,0.9577,-0.0022999999999999687,-0.0014999999999999903,7.5824,1.4517000000000002
CS2_36,177,0.9563,0.8814,3.5763,4.2,2.745,0.3977,-0.5517,0.0,-0.56,0.25,22.7007,29.4563,21.002,2.132,6257.29,22.0,calce_cs2,0.9554,0.0009000000000000119,-0.00043999999999999595,7.456299999999999,1.455
CS2_36,178,0.9569,0.882,3.5715,4.2,2.7478,0.3978,-0.5558,0.0,-0.56,0.25,22.622,29.5838,21.1597,2.0873,6284.14,22.0,calce_cs2,0.9563,0.0005999999999999339,-0.00040000000000000034,7.5838,1.4522000000000004
CS2_36,179,0.9518,0.8772,3.5716,4.2,2.754,0.3979,-0.5642,0.0,-0.56,0.25,22.7703,29.6984,20.9568,2.1314,6200.9,22.0,calce_cs2,0.9569,-0.005099999999999993,-0.0016000000000000014,7.6983999999999995,1.4460000000000002
CS2_36,180,0.956,0.8811,3.5729,4.2,2.7469,0.398,-0.5579,0.0,-0.56,0.25,22.6889,29.5151,20.8708,2.1362,6246.69,22.0,calce_cs2,0.9518,0.0041999999999999815,-0.00034000000000000696,7.5151,1.4531
CS2_36,181,0.9525,0.8778,3.5778,4.2,2.7512,0.3981,-0.5463,0.0,-0.56,0.25,22.6859,29.5966,20.9599,2.0934,6217.35,22.0,calce_cs2,0.956,-0.0034999999999999476,-0.0005800000000000027,7.596599999999999,1.4488000000000003
CS2_36,182,0.9534,0.8787,3.5842,4.2,2.7544,0.3982,-0.5452,0.0,-0.56,0.25,22.5976,29.6106,20.9947,2.1332,6258.98,22.0,calce_cs2,0.9525,0.0009000000000000119,-0.0005800000000000027,7.610600000000002,1.4456000000000002
CS2_36,183,0.9552,0.8804,3.5748,4.2,2.7491,0.3983,-0.5533,0.0,-0.56,0.25,22.5775,29.5088,20.9565,2.1748,6255.99,22.0,calce_cs2,0.9534,0.0018000000000000238,-0.00033999999999998474,7.508800000000001,1.4509000000000003
CS2_36,184,0.9534,0.8787,3.5814,4.2,2.7509,0.3984,-0.5428,0.0,-0.56,0.25,22.7907,29.3878,21.0134,2.1251,6226.52,22.0,calce_cs2,0.9552,-0.0018000000000000238,0.0003200000000000092,7.387799999999999,1.4491
CS2_36,185,0.9541,0.8794,3.5767,4.2,2.7437,0.3985,-0.5555,0.0,-0.56,0.25,22.5439,29.5729,20.9623,2.1233,6242.39,22.0,calce_cs2,0.9534,0.0006999999999999229,-0.00038000000000000257,7.572900000000001,1.4563000000000001
CS2_36,186,0.9466,0.8725,3.5658,4.2,2.7487,0.3986,-0.5419,0.0,-0.56,0.25,22.7723,29.7275,21.0688,2.1703,6191.6,22.0,calce_cs2,0.9541,-0.007499999999999951,-0.0011800000000000033,7.727499999999999,1.4513000000000003
CS2_36,187,0.9509,0.8764,3.5796,4.2,2.7482,0.3987,-0.5487,0.0,-0.56,0.25,22.8706,29.6663,20.9083,2.0455,6222.38,22.0,calce_cs2,0.9466,0.0042999999999999705,-0.0005000000000000115,7.6663,1.4518
CS2_36,188,0.9532,0.8785,3.5763,4.2,2.7492,0.3988,-0.5486,0.0,-0.56,0.25,22.6228,29.4385,20.9198,2.1029,6256.12,22.0,calce_cs2,0.9509,0.0023000000000000798,-0.00040000000000000034,7.438500000000001,1.4508
CS2_36,189,0.952,0.8774,3.5696,4.2,2.7541,0.3989,-0.5511,0.0,-0.56,0.25,22.5682,29.773,21.071,2.0614,6245.58,22.0,calce_cs2,0.9532,-0.0012000000000000899,-0.0002800000000000136,7.773,1.4459
CS2_36,190,0.9474,0.8732,3.5776,4.2,2.7429,0.399,-0.5563,0.0,-0.56,0.25,22.5854,29.5941,20.94,2.1315,6195.03,22.0,calce_cs2,0.952,-0.0045999999999999375,-0.0013399999999999857,7.594100000000001,1.4571
CS2_36,191,0.9422,0.8684,3.5782,4.2,2.7478,0.3991,-0.5487,0.0,-0.56,0.25,22.8808,29.8009,21.0629,2.0853,6173.6,22.0,calce_cs2,0.9474,-0.005199999999999982,-0.0008799999999999919,7.800899999999999,1.4522000000000004
CS2_36,192,0.9473,0.8731,3.577,4.2,2.7497,0.3992,-0.5474,0.0,-0.56,0.25,22.7247,29.6634,20.9604,2.0957,6201.51,22.0,calce_cs2,0.9422,0.005099999999999993,-0.0007199999999999874,7.663399999999999,1.4503000000000004
CS2_36,193,0.9458,0.8717,3.5859,4.2,2.7551,0.3993,-0.5478,0.0,-0.56,0.25,22.7813,29.7432,20.9631,2.0679,6176.69,22.0,calce_cs2,0.9473,-0.0015000000000000568,-0.0014800000000000147,7.743200000000002,1.4449
CS2_36,194,0.9442,0.8703,3.5719,4.2,2.7438,0.3994,-0.5491,0.0,-0.56,0.25,22.7272,29.7407,21.0885,2.1357,6173.35,22.0,calce_cs2,0.9458,-0.0015999999999999348,-0.0015599999999999837,7.7407,1.4562000000000004
CS2_36,195,0.945,0.871,3.5756,4.2,2.7475,0.3995,-0.557,0.0,-0.56,0.25,22.5888,29.4525,21.0376,2.1292,6168.92,22.0,calce_cs2,0.9442,0.0007999999999999119,-0.00048000000000001373,7.452500000000001,1.4525000000000001
CS2_36,196,0.944,0.87,3.5643,4.2,2.7543,0.3996,-0.548,0.0,-0.56,0.25,22.7993,29.7208,21.0644,2.1276,6162.77,22.0,calce_cs2,0.945,-0.0010000000000000009,0.00035999999999998257,7.7208000000000006,1.4457
CS2_36,197,0.9463,0.8721,3.5747,4.2,2.7538,0.3997,-0.5593,0.0,-0.56,0.25,22.5971,29.5727,21.0974,2.0504,6199.92,22.0,calce_cs2,0.944,0.0023000000000000798,-0.00020000000000000017,7.572700000000001,1.4462000000000002
CS2_36,198,0.943,0.8692,3.5768,4.2,2.7509,0.3998,-0.5474,0.0,-0.56,0.25,22.8047,29.4585,21.1201,2.0533,6194.63,22.0,calce_cs2,0.9463,-0.0033000000000000806,-0.0005600000000000049,7.458500000000001,1.4491
CS2_36,199,0.9427,0.8689,3.5709,4.2,2.7579,0.3999,-0.5546,0.0,-0.56,0.25,22.6435,29.6573,21.0715,2.0857,6172.53,22.0,calce_cs2,0.943,-0.00029999999999996696,-0.00030000000000001136,7.657299999999999,1.4421000000000004
CS2_36,200,0.9418,0.868,3.5824,4.2,2.7497,0.4,-0.5422,0.0,-0.56,0.25,22.75,29.8563,20.9609,2.1217,6170.08,22.0,calce_cs2,0.9427,-0.0009000000000000119,-0.0006399999999999961,7.856300000000001,1.4503000000000004
CS2_36,201,0.9398,0.8662,3.57,4.2,2.7608,0.4001,-0.5409,0.0,-0.56,0.25,22.7914,29.7108,21.0869,2.0053,6169.01,22.0,calce_cs2,0.9418,-0.0020000000000000018,-0.0008399999999999963,7.710799999999999,1.4392
CS2_36,202,0.9402,0.8666,3.5612,4.2,2.7467,0.4002,-0.5482,0.0,-0.56,0.25,22.8344,29.9838,21.0743,2.1719,6158.07,22.0,calce_cs2,0.9398,0.00040000000000006697,-0.0012199999999999989,7.983799999999999,1.4533
CS2_36,203,0.9411,0.8673,3.5628,4.2,2.7514,0.4003,-0.5474,0.0,-0.56,0.25,22.605,29.5724,21.0069,2.1715,6155.31,22.0,calce_cs2,0.9402,0.0009000000000000119,-0.00037999999999998034,7.572399999999998,1.4486000000000003
CS2_36,204,0.9421,0.8683,3.5625,4.2,2.7541,0.4004,-0.544,0.0,-0.56,0.25,22.7555,29.9294,21.007,2.0919,6162.62,22.0,calce_cs2,0.9411,0.0010000000000000009,-0.00011999999999998679,7.929400000000001,1.4459
CS2_36,205,0.9454,0.8713,3.5646,4.2,2.7502,0.4005,-0.5519,0.0,-0.56,0.25,22.7831,29.7256,21.0478,2.0707,6173.04,22.0,calce_cs2,0.9421,0.0032999999999999696,0.0007200000000000095,7.7256,1.4498000000000002
CS2_36,206,0.9395,0.8659,3.5623,4.2,2.7493,0.4006,-0.5471,0.0,-0.56,0.25,22.8359,29.8006,21.061,2.0912,6141.7,22.0,calce_cs2,0.9454,-0.005900000000000016,-5.9999999999993395e-05,7.800599999999999,1.4507000000000003
CS2_36,207,0.9351,0.8619,3.5764,4.2,2.7533,0.4007,-0.5541,0.0,-0.56,0.25,22.6634,29.8583,21.0849,2.0961,6096.26,22.0,calce_cs2,0.9395,-0.0043999999999999595,-0.0010199999999999988,7.8583,1.4467000000000003
CS2_36,208,0.9382,0.8647,3.5715,4.2,2.7451,0.4008,-0.5503,0.0,-0.56,0.25,22.7843,29.7259,21.0459,2.0615,6142.93,22.0,calce_cs2,0.9351,0.0030999999999999917,-0.0005800000000000027,7.725899999999999,1.4549000000000003
CS2_36,209,0.9372,0.8638,3.5655,4.2,2.7484,0.4009,-0.5452,0.0,-0.56,0.25,22.6931,29.8221,21.1764,2.1595,6118.81,22.0,calce_cs2,0.9382,-0.0010000000000000009,-0.000980000000000003,7.822099999999999,1.4516
CS2_36,210,0.9404,0.8667,3.5607,4.2,2.75,0.401,-0.5428,0.0,-0.56,0.25,22.6514,29.6058,21.0491,2.1206,6164.15,22.0,calce_cs2,0.9372,0.0031999999999999806,-0.0010000000000000009,7.605799999999999,1.4500000000000002
CS2_36,211,0.9357,0.8624,3.5709,4.2,2.7479,0.4011,-0.5468,0.0,-0.56,0.25,22.6531,29.5739,20.9099,2.1133,6139.4,22.0,calce_cs2,0.9404,-0.0047000000000000375,-0.0007600000000000051,7.573899999999998,1.4521000000000002
CS2_36,212,0.9361,0.8627,3.5703,4.2,2.7479,0.4012,-0.5442,0.0,-0.56,0.25,22.6744,29.7788,20.9531,2.1517,6108.07,22.0,calce_cs2,0.9357,0.00040000000000006697,0.00020000000000000017,7.7788,1.4521000000000002
CS2_36,213,0.9334,0.8603,3.5611,4.2,2.7453,0.4013,-0.5581,0.0,-0.56,0.25,22.6535,29.7384,21.0228,2.0254,6118.38,22.0,calce_cs2,0.9361,-0.0027000000000000357,-0.0009600000000000053,7.738399999999999,1.4547000000000003
CS2_36,214,0.9313,0.8584,3.5712,4.2,2.748,0.4014,-0.5399,0.0,-0.56,0.25,22.862,29.7597,20.9657,2.0766,6127.43,22.0,calce_cs2,0.9334,-0.0020999999999999908,-0.0011800000000000033,7.759699999999999,1.452
CS2_36,215,0.9329,0.8598,3.569,4.2,2.7559,0.4015,-0.5479,0.0,-0.56,0.25,22.7494,29.6259,20.9726,2.0185,6100.2,22.0,calce_cs2,0.9313,0.0015999999999999348,-0.0015000000000000124,7.6259000000000015,1.4441000000000002
CS2_36,216,0.9332,0.8601,3.557,4.2,2.7585,0.4016,-0.5492,0.0,-0.56,0.25,23.1064,29.9532,20.8776,2.1008,6110.83,22.0,calce_cs2,0.9329,0.000300000000000078,-0.0004999999999999894,7.953199999999999,1.4415
CS2_36,217,0.9331,0.86,3.56,4.2,2.7449,0.4017,-0.555,0.0,-0.56,0.25,22.8196,29.9873,21.0263,2.1051,6102.04,22.0,calce_cs2,0.9332,-9.999999999998899e-05,-0.0006000000000000005,7.987300000000001,1.4551000000000003
CS2_36,218,0.9318,0.8588,3.562,4.2,2.7491,0.4018,-0.5509,0.0,-0.56,0.25,22.7474,29.9947,20.9153,2.0207,6096.18,22.0,calce_cs2,0.9331,-0.0013000000000000789,-0.0003200000000000092,7.994700000000002,1.4509000000000003
CS2_36,219,0.9271,0.8544,3.57,4.2,2.7531,0.4019,-0.5494,0.0,-0.56,0.25,23.1424,30.0205,21.0524,2.0854,6067.67,22.0,calce_cs2,0.9318,-0.0046999999999999265,-0.0008399999999999963,8.020499999999998,1.4469000000000003
CS2_36,220,0.9261,0.8536,3.5705,4.2,2.7464,0.402,-0.5502,0.0,-0.56,0.25,22.8378,29.4602,20.898,2.1054,6079.83,22.0,calce_cs2,0.9271,-0.0010000000000000009,-0.0013599999999999834,7.4602,1.4536000000000002
CS2_36,221,0.9247,0.8522,3.5676,4.2,2.7536,0.4021,-0.5479,0.0,-0.56,0.25,22.9929,29.643,21.0296,2.1418,6055.13,22.0,calce_cs2,0.9261,-0.0014000000000000679,-0.0017000000000000127,7.643000000000001,1.4464000000000001
CS2_36,222,0.9304,0.8575,3.5563,4.2,2.7555,0.4022,-0.5582,0.0,-0.56,0.25,22.931,29.9321,20.9824,2.1367,6085.69,22.0,calce_cs2,0.9247,0.005700000000000038,-0.0005400000000000072,7.932099999999998,1.4445000000000001
CS2_36,223,0.9312,0.8583,3.5635,4.2,2.7553,0.4023,-0.5484,0.0,-0.56,0.25,22.8249,29.6595,20.946,2.0313,6101.04,22.0,calce_cs2,0.9304,0.0008000000000000229,-0.00011999999999998679,7.659500000000001,1.4447
CS2_36,224,0.9267,0.8541,3.5715,4.2,2.7494,0.4024,-0.5557,0.0,-0.56,0.25,22.8632,29.4175,20.9599,2.0953,6074.37,22.0,calce_cs2,0.9312,-0.0045000000000000595,-8.00000000000134e-05,7.4175,1.4506000000000001
CS2_36,225,0.9258,0.8533,3.5692,4.2,2.7535,0.4025,-0.5516,0.0,-0.56,0.25,22.5572,30.0233,20.9214,2.0642,6051.65,22.0,calce_cs2,0.9267,-0.0009000000000000119,-6.0000000000015594e-05,8.023299999999999,1.4465000000000003
CS2_36,226,0.9205,0.8484,3.5669,4.2,2.7422,0.4026,-0.5554,0.0,-0.56,0.25,22.9139,29.9764,20.8915,2.0336,6014.51,22.0,calce_cs2,0.9258,-0.005299999999999971,-0.0008399999999999963,7.976400000000002,1.4578000000000002
CS2_36,227,0.9262,0.8536,3.5677,4.2,2.7573,0.4027,-0.5551,0.0,-0.56,0.25,22.9503,29.462,20.9186,2.0688,6077.82,22.0,calce_cs2,0.9205,0.005700000000000038,-0.0008399999999999963,7.462,1.4427000000000003
CS2_36,228,0.9248,0.8523,3.5633,4.2,2.7539,0.4028,-0.5463,0.0,-0.56,0.25,22.9672,29.6664,20.9397,2.1612,6067.16,22.0,calce_cs2,0.9262,-0.0014000000000000679,-0.0012800000000000144,7.666399999999999,1.4461000000000004
CS2_36,229,0.9248,0.8524,3.5555,4.2,2.7524,0.4029,-0.542,0.0,-0.56,0.25,22.8067,29.637,20.9852,2.0673,6048.35,22.0,calce_cs2,0.9248,0.0,-0.00038000000000000257,7.6370000000000005,1.4476
CS2_36,230,0.9225,0.8502,3.5478,4.2,2.7515,0.403,-0.5554,0.0,-0.56,0.25,22.8596,30.0484,21.0237,2.148,6056.55,22.0,calce_cs2,0.9248,-0.0022999999999999687,-0.0006599999999999939,8.0484,1.4485000000000001
CS2_36,231,0.9182,0.8463,3.5621,4.2,2.7396,0.4031,-0.5488,0.0,-0.56,0.25,22.956,29.856,21.0568,2.1056,6013.89,22.0,calce_cs2,0.9225,-0.0042999999999999705,-0.0004599999999999937,7.856000000000002,1.4604000000000004
CS2_36,232,0.9172,0.8453,3.553,4.2,2.7562,0.4032,-0.5499,0.0,-0.56,0.25,22.94,29.7705,21.0708,2.152,6006.28,22.0,calce_cs2,0.9182,-0.0010000000000000009,-0.0018000000000000017,7.770499999999998,1.4438
CS2_36,233,0.9188,0.8468,3.5483,4.2,2.752,0.4033,-0.5501,0.0,-0.56,0.25,22.7633,29.9523,20.8224,2.1468,5982.24,22.0,calce_cs2,0.9172,0.0015999999999999348,-0.001200000000000001,7.952300000000001,1.4480000000000004
CS2_36,234,0.9217,0.8495,3.5507,4.2,2.744,0.4034,-0.546,0.0,-0.56,0.25,23.0465,29.9923,20.971,2.042,6034.54,22.0,calce_cs2,0.9188,0.0029000000000000137,-0.0006199999999999984,7.9923,1.456
CS2_36,235,0.9184,0.8465,3.5493,4.2,2.7454,0.4035,-0.5473,0.0,-0.56,0.25,23.0746,29.6114,20.9451,2.1414,6010.41,22.0,calce_cs2,0.9217,-0.0032999999999999696,-0.0008199999999999985,7.6114,1.4546000000000001
CS2_36,236,0.9178,0.8459,3.5548,4.2,2.7491,0.4036,-0.5472,0.0,-0.56,0.25,23.0448,30.1989,20.937,2.0232,6002.84,22.0,calce_cs2,0.9184,-0.0006000000000000449,-8.00000000000134e-05,8.198899999999998,1.4509000000000003
CS2_36,237,0.9184,0.8465,3.5472,4.2,2.7453,0.4037,-0.5499,0.0,-0.56,0.25,22.9626,29.7282,21.0714,2.0999,5995.7,22.0,calce_cs2,0.9178,0.0006000000000000449,0.00023999999999999578,7.728200000000001,1.4547000000000003
CS2_36,238,0.9153,0.8436,3.5486,4.2,2.7571,0.4038,-0.5458,0.0,-0.56,0.25,22.9248,29.8029,20.7793,2.0999,6008.74,22.0,calce_cs2,0.9184,-0.0030999999999999917,-0.0006999999999999895,7.802900000000001,1.4429000000000003
CS2_36,239,0.9117,0.8403,3.5528,4.2,2.751,0.4039,-0.5459,0.0,-0.56,0.25,23.0509,29.9257,20.965,2.0793,5994.46,22.0,calce_cs2,0.9153,-0.0036000000000000476,-0.0020000000000000018,7.925699999999999,1.4490000000000003
CS2_36,240,0.912,0.8406,3.5553,4.2,2.7512,0.404,-0.5528,0.0,-0.56,0.25,22.896,29.9194,20.9918,2.1012,5939.4,22.0,calce_cs2,0.9117,0.000300000000000078,-0.0012799999999999923,7.9193999999999996,1.4488000000000003
CS2_36,241,0.9136,0.842,3.5482,4.2,2.7462,0.4041,-0.554,0.0,-0.56,0.25,22.9695,29.886,21.0681,2.1082,5977.28,22.0,calce_cs2,0.912,0.0015999999999999348,-0.0008399999999999963,7.885999999999999,1.4538000000000002
CS2_36,242,0.9132,0.8417,3.5577,4.2,2.7521,0.4042,-0.5462,0.0,-0.56,0.25,23.0107,29.7984,21.0521,2.0888,5974.68,22.0,calce_cs2,0.9136,-0.00039999999999995595,-0.0010399999999999964,7.798400000000001,1.4479000000000002
CS2_36,243,0.9102,0.8389,3.5515,4.2,2.7507,0.4043,-0.5522,0.0,-0.56,0.25,22.9465,29.8607,20.8759,2.1609,5955.0,22.0,calce_cs2,0.9132,-0.0030000000000000027,-0.0010199999999999988,7.860700000000001,1.4493
CS2_36,244,0.9127,0.8412,3.5456,4.2,2.7456,0.4044,-0.5519,0.0,-0.56,0.25,22.9335,29.7607,20.9542,2.0766,5961.85,22.0,calce_cs2,0.9102,0.0024999999999999467,0.00020000000000000017,7.7607,1.4544000000000001
CS2_36,245,0.9157,0.844,3.5457,4.2,2.7454,0.4045,-0.5466,0.0,-0.56,0.25,22.7107,29.9985,20.9992,2.0185,5988.56,22.0,calce_cs2,0.9127,0.0030000000000000027,0.0007399999999999851,7.9985,1.4546000000000001
CS2_36,246,0.9103,0.839,3.5539,4.2,2.7476,0.4046,-0.5494,0.0,-0.56,0.25,22.9117,30.2911,20.8794,2.1632,5952.66,22.0,calce_cs2,0.9157,-0.00539999999999996,-0.0006599999999999939,8.2911,1.4524000000000004
CS2_36,247,0.9086,0.8374,3.5549,4.2,2.7422,0.4047,-0.5585,0.0,-0.56,0.25,22.8769,29.7755,21.0107,2.1281,5948.09,22.0,calce_cs2,0.9103,-0.0017000000000000348,-0.0009200000000000097,7.775500000000001,1.4578000000000002
CS2_36,248,0.9116,0.8402,3.5469,4.2,2.7541,0.4048,-0.5449,0.0,-0.56,0.25,22.8123,29.5969,20.8868,2.1403,5958.31,22.0,calce_cs2,0.9086,0.0030000000000000027,0.00027999999999999136,7.5969000000000015,1.4459
CS2_36,249,0.9137,0.8421,3.5591,4.2,2.7513,0.4049,-0.5479,0.0,-0.56,0.25,23.0264,29.6331,21.054,2.0968,5967.89,22.0,calce_cs2,0.9116,0.0020999999999999908,0.00020000000000000017,7.633099999999999,1.4487
CS2_36,250,0.9108,0.8395,3.548,4.2,2.7517,0.405,-0.5468,0.0,-0.56,0.25,22.8964,29.8583,20.9901,2.0761,5952.8,22.0,calce_cs2,0.9137,-0.0028999999999999027,-0.0009799999999999809,7.8583,1.4483000000000001
CS2_36,251,0.909,0.8378,3.5495,4.2,2.7474,0.4051,-0.5545,0.0,-0.56,0.25,22.8275,30.2743,21.0678,2.1067,5948.9,22.0,calce_cs2,0.9108,-0.0018000000000000238,-0.0002599999999999936,8.2743,1.4526000000000003
CS2_36,252,0.906,0.835,3.5552,4.2,2.7535,0.4052,-0.5521,0.0,-0.56,0.25,22.9592,29.946,21.0269,2.1432,5944.66,22.0,calce_cs2,0.909,-0.0030000000000000027,-0.0005199999999999872,7.9460000000000015,1.4465000000000003
CS2_36,253,0.9092,0.838,3.5439,4.2,2.7503,0.4053,-0.5467,0.0,-0.56,0.25,23.0263,29.7635,20.9668,2.1174,5910.88,22.0,calce_cs2,0.906,0.0031999999999999806,-0.00047999999999999156,7.7635000000000005,1.4497
CS2_36,254,0.9028,0.832,3.5429,4.2,2.7555,0.4054,-0.5528,0.0,-0.56,0.25,22.9537,30.0369,20.9537,1.9355,5910.48,22.0,calce_cs2,0.9092,-0.006399999999999961,-0.002179999999999982,8.0369,1.4445000000000001
CS2_36,255,0.902,0.8314,3.5371,4.2,2.7461,0.4055,-0.548,0.0,-0.56,0.25,22.7433,30.1308,21.1601,2.1075,5912.89,22.0,calce_cs2,0.9028,-0.0008000000000000229,-0.001760000000000006,8.1308,1.4539
CS2_36,256,0.9041,0.8333,3.5435,4.2,2.7459,0.4056,-0.5547,0.0,-0.56,0.25,23.1571,30.0895,20.9428,2.0958,5911.47,22.0,calce_cs2,0.902,0.0020999999999999908,-0.000980000000000003,8.089500000000001,1.4541000000000004
CS2_36,257,0.9077,0.8366,3.5541,4.2,2.7488,0.4057,-0.5589,0.0,-0.56,0.25,23.0216,29.8405,21.1008,2.0614,5968.6,22.0,calce_cs2,0.9041,0.0035999999999999366,0.00033999999999998474,7.840499999999999,1.4512
CS2_36,258,0.9,0.8295,3.5556,4.2,2.7497,0.4058,-0.5591,0.0,-0.56,0.25,23.2507,30.1047,21.048,2.0914,5851.48,22.0,calce_cs2,0.9077,-0.007699999999999929,-0.0018399999999999972,8.104700000000001,1.4503000000000004
CS2_36,259,0.9054,0.8345,3.5551,4.2,2.7541,0.4059,-0.561,0.0,-0.56,0.25,22.963,30.1337,21.0306,1.933,5930.24,22.0,calce_cs2,0.9,0.00539999999999996,0.0005199999999999872,8.133700000000001,1.4459
CS2_36,260,0.9033,0.8326,3.5461,4.2,2.7461,0.406,-0.5443,0.0,-0.56,0.25,22.8965,30.0294,21.0081,2.0268,5910.9,22.0,calce_cs2,0.9054,-0.0020999999999999908,0.0002599999999999936,8.029399999999999,1.4539
CS2_36,261,0.9027,0.8319,3.546,4.2,2.7526,0.4061,-0.5431,0.0,-0.56,0.25,23.0363,30.033,20.9666,2.1385,5895.05,22.0,calce_cs2,0.9033,-0.0006000000000000449,-0.0002800000000000136,8.033000000000001,1.4474
CS2_36,262,0.9061,0.8351,3.5349,4.2,2.7491,0.4062,-0.5387,0.0,-0.56,0.25,22.883,29.9607,20.9841,2.0894,5959.11,22.0,calce_cs2,0.9027,0.0034000000000000696,-0.00031999999999998696,7.960699999999999,1.4509000000000003
CS2_36,263,0.9002,0.8297,3.5426,4.2,2.748,0.4063,-0.5544,0.0,-0.56,0.25,22.8384,29.9165,20.9632,2.1097,5912.34,22.0,calce_cs2,0.9061,-0.005900000000000016,3.999999999999559e-05,7.916499999999999,1.452
CS2_36,264,0.9082,0.8371,3.5367,4.2,2.7527,0.4064,-0.5559,0.0,-0.56,0.25,23.1329,30.3662,20.9934,2.099,5959.99,22.0,calce_cs2,0.9002,0.008000000000000007,0.0005600000000000049,8.3662,1.4473000000000003
CS2_36,265,0.8977,0.8274,3.5411,4.2,2.7397,0.4065,-0.5504,0.0,-0.56,0.25,22.9965,29.9154,20.9786,2.1131,5894.16,22.0,calce_cs2,0.9082,-0.010499999999999954,-0.0011199999999999878,7.915400000000002,1.4603000000000002
CS2_36,266,0.8992,0.8288,3.5426,4.2,2.754,0.4066,-0.5459,0.0,-0.56,0.25,22.9417,30.0922,21.0468,1.9904,5881.61,22.0,calce_cs2,0.8977,0.0014999999999999458,-0.0006999999999999895,8.092199999999998,1.4460000000000002
CS2_36,267,0.8981,0.8278,3.5457,4.2,2.7493,0.4067,-0.553,0.0,-0.56,0.25,22.9802,30.204,21.0826,2.1386,5872.88,22.0,calce_cs2,0.8992,-0.0010999999999999899,-0.0016000000000000014,8.204,1.4507000000000003
CS2_36,268,0.8969,0.8266,3.5404,4.2,2.7403,0.4068,-0.5538,0.0,-0.56,0.25,23.004,30.134,21.0575,1.9777,5888.3,22.0,calce_cs2,0.8981,-0.0011999999999999789,-0.0006599999999999939,8.134,1.4597000000000002
CS2_36,269,0.8966,0.8263,3.5378,4.2,2.7491,0.4069,-0.5538,0.0,-0.56,0.25,22.9718,30.1932,20.947,2.1137,5882.07,22.0,calce_cs2,0.8969,-0.000300000000000078,-0.002320000000000011,8.193200000000001,1.4509000000000003
CS2_36,270,0.9013,0.8307,3.5444,4.2,2.7439,0.407,-0.5494,0.0,-0.56,0.25,22.9242,30.0039,21.0003,2.1088,5909.54,22.0,calce_cs2,0.8966,0.0047000000000000375,0.0007199999999999874,8.003900000000002,1.4561000000000002
CS2_36,271,0.8941,0.8241,3.5414,4.2,2.7531,0.4071,-0.5477,0.0,-0.56,0.25,23.0523,30.0834,21.1584,2.1049,5853.94,22.0,calce_cs2,0.9013,-0.007199999999999984,-0.0010199999999999988,8.083400000000001,1.4469000000000003
CS2_36,272,0.8992,0.8288,3.541,4.2,2.7532,0.4072,-0.5565,0.0,-0.56,0.25,22.9727,30.1357,21.002,2.0635,5870.69,22.0,calce_cs2,0.8941,0.005099999999999993,0.00021999999999999797,8.1357,1.4468
CS2_36,273,0.8974,0.8271,3.5447,4.2,2.7434,0.4073,-0.5504,0.0,-0.56,0.25,23.3221,29.9627,21.0711,2.0184,5869.43,22.0,calce_cs2,0.8992,-0.0018000000000000238,9.999999999998899e-05,7.962700000000002,1.4566000000000003
CS2_36,274,0.896,0.8258,3.5437,4.2,2.7514,0.4074,-0.5532,0.0,-0.56,0.25,22.8889,30.1019,20.9757,2.1097,5855.34,22.0,calce_cs2,0.8974,-0.0013999999999999568,-0.00011999999999998679,8.1019,1.4486000000000003
CS2_36,275,0.8936,0.8236,3.5325,4.2,2.7583,0.4075,-0.5469,0.0,-0.56,0.25,22.9941,30.2375,21.0488,2.0823,5840.64,22.0,calce_cs2,0.896,-0.0024000000000000687,-0.001540000000000008,8.2375,1.4417
CS2_36,276,0.8936,0.8236,3.5334,4.2,2.7481,0.4076,-0.5513,0.0,-0.56,0.25,23.0884,30.0912,20.9494,2.0369,5848.24,22.0,calce_cs2,0.8936,0.0,-0.00010000000000001119,8.0912,1.4519000000000002
CS2_36,277,0.8882,0.8186,3.5386,4.2,2.7423,0.4077,-0.5541,0.0,-0.56,0.25,23.07,30.1265,20.9716,2.0548,5788.21,22.0,calce_cs2,0.8936,-0.00539999999999996,-0.002200000000000002,8.1265,1.4577
CS2_36,278,0.8922,0.8223,3.5404,4.2,2.7451,0.4078,-0.5468,0.0,-0.56,0.25,23.1531,30.2928,21.0925,2.0897,5849.87,22.0,calce_cs2,0.8882,0.0040000000000000036,-0.0010399999999999964,8.2928,1.4549000000000003
CS2_36,279,0.8918,0.8219,3.5396,4.2,2.7588,0.4079,-0.5457,0.0,-0.56,0.25,23.0818,30.0749,21.0181,2.0916,5825.57,22.0,calce_cs2,0.8922,-0.00039999999999995595,-0.0008399999999999963,8.0749,1.4412000000000003
CS2_36,280,0.8865,0.817,3.5251,4.2,2.7536,0.408,-0.5472,0.0,-0.56,0.25,23.0834,30.3184,20.8598,2.1342,5795.91,22.0,calce_cs2,0.8918,-0.005300000000000082,-0.001419999999999999,8.3184,1.4464000000000001
CS2_36,281,0.8893,0.8196,3.5315,4.2,2.7552,0.4081,-0.5341,0.0,-0.56,0.25,23.1389,30.2482,20.8876,2.0206,5825.26,22.0,calce_cs2,0.8865,0.0028000000000000247,-0.0008599999999999941,8.2482,1.4448000000000003
CS2_36,282,0.8919,0.8221,3.5368,4.2,2.7621,0.4082,-0.5498,0.0,-0.56,0.25,23.1172,30.2429,20.8654,2.078,5836.37,22.0,calce_cs2,0.8893,0.0026000000000000467,0.0007400000000000074,8.242899999999999,1.4379
CS2_36,283,0.8882,0.8186,3.5433,4.2,2.7528,0.4083,-0.5439,0.0,-0.56,0.25,23.118,30.4671,21.0588,2.1079,5816.95,22.0,calce_cs2,0.8919,-0.0037000000000000366,-0.0008000000000000007,8.467099999999999,1.4472
CS2_36,284,0.8901,0.8204,3.5343,4.2,2.748,0.4084,-0.5445,0.0,-0.56,0.25,23.1482,30.3741,20.8061,2.1465,5830.88,22.0,calce_cs2,0.8882,0.0019000000000000128,-0.00034000000000000696,8.374099999999999,1.452
CS2_36,285,0.8873,0.8178,3.531,4.2,2.756,0.4085,-0.5523,0.0,-0.56,0.25,23.1555,30.0213,20.8947,2.119,5812.86,22.0,calce_cs2,0.8901,-0.0028000000000000247,0.0001600000000000046,8.0213,1.4440000000000004
CS2_36,286,0.886,0.8166,3.5407,4.2,2.7483,0.4086,-0.5426,0.0,-0.56,0.25,23.2579,30.3757,20.9583,2.1087,5783.57,22.0,calce_cs2,0.8873,-0.0012999999999999678,-0.0006599999999999939,8.375699999999998,1.4517000000000002
CS2_36,287,0.8832,0.814,3.5414,4.2,2.7538,0.4087,-0.5429,0.0,-0.56,0.25,22.9532,30.0364,20.9212,2.1011,5791.14,22.0,calce_cs2,0.886,-0.0028000000000000247,-0.0017400000000000083,8.0364,1.4462000000000002
CS2_36,288,0.8847,0.8154,3.5349,4.2,2.7462,0.4088,-0.5477,0.0,-0.56,0.25,23.2548,29.9846,21.0588,2.0955,5808.54,22.0,calce_cs2,0.8832,0.0015000000000000568,-0.0006999999999999895,7.9846,1.4538000000000002
CS2_36,289,0.8856,0.8162,3.5363,4.2,2.7465,0.4089,-0.5447,0.0,-0.56,0.25,23.2234,30.2726,20.9555,1.914,5794.51,22.0,calce_cs2,0.8847,0.0009000000000000119,-0.0008999999999999897,8.2726,1.4535
CS2_36,290,0.8839,0.8147,3.5361,4.2,2.7444,0.409,-0.5508,0.0,-0.56,0.25,22.9386,30.6056,21.0456,2.1519,5820.16,22.0,calce_cs2,0.8856,-0.0017000000000000348,-0.0006799999999999917,8.605599999999999,1.4556
CS2_36,291,0.8855,0.8161,3.5377,4.2,2.7494,0.4091,-0.5558,0.0,-0.56,0.25,22.9428,30.2545,20.9704,2.1671,5777.07,22.0,calce_cs2,0.8839,0.0015999999999999348,-0.00010000000000001119,8.2545,1.4506000000000001
CS2_36,292,0.8831,0.8139,3.5374,4.2,2.7512,0.4092,-0.5515,0.0,-0.56,0.25,22.8301,30.2803,20.9549,2.064,5793.23,22.0,calce_cs2,0.8855,-0.0023999999999999577,-1.9999999999997796e-05,8.2803,1.4488000000000003
CS2_36,293,0.8853,0.816,3.5375,4.2,2.7433,0.4093,-0.5569,0.0,-0.56,0.25,23.1076,30.1141,21.0671,2.0943,5769.9,22.0,calce_cs2,0.8831,0.0021999999999999797,0.00011999999999998679,8.1141,1.4567
CS2_36,294,0.8815,0.8125,3.532,4.2,2.7454,0.4094,-0.5466,0.0,-0.56,0.25,23.095,30.4046,20.9907,2.1263,5781.9,22.0,calce_cs2,0.8853,-0.0038000000000000256,-0.0008200000000000207,8.404599999999999,1.4546000000000001
CS2_36,295,0.879,0.8101,3.5262,4.2,2.7533,0.4095,-0.5498,0.0,-0.56,0.25,22.9904,30.3193,20.8986,1.9768,5770.84,22.0,calce_cs2,0.8815,-0.0024999999999999467,-0.000980000000000003,8.319299999999998,1.4467000000000003
CS2_36,296,0.8794,0.8105,3.535,4.2,2.7478,0.4096,-0.5536,0.0,-0.56,0.25,23.1874,30.116,20.9181,2.1361,5773.53,22.0,calce_cs2,0.879,0.00039999999999995595,-0.0012199999999999989,8.116,1.4522000000000004
CS2_36,297,0.8799,0.811,3.5193,4.2,2.751,0.4097,-0.5641,0.0,-0.56,0.25,23.0173,30.0515,20.8695,2.0474,5790.98,22.0,calce_cs2,0.8794,0.000500000000000056,-0.0006399999999999961,8.0515,1.4490000000000003
CS2_36,298,0.8784,0.8096,3.5357,4.2,2.7486,0.4098,-0.5597,0.0,-0.56,0.25,23.2694,30.4185,20.9103,2.0694,5747.91,22.0,calce_cs2,0.8799,-0.0015000000000000568,-0.0013800000000000034,8.418500000000002,1.4514
CS2_36,299,0.8774,0.8086,3.5373,4.2,2.7426,0.4099,-0.5497,0.0,-0.56,0.25,23.2953,30.1715,20.9907,2.1088,5721.13,22.0,calce_cs2,0.8784,-0.0010000000000000009,-0.0008199999999999985,8.171500000000002,1.4574000000000003
CS2_36,300,0.8763,0.8077,3.5317,4.2,2.7485,0.41,-0.5406,0.0,-0.56,0.25,23.1926,30.2224,20.9027,2.1877,5738.57,22.0,calce_cs2,0.8774,-0.0010999999999999899,-0.0005400000000000072,8.2224,1.4515000000000002
CS2_36,301,0.8759,0.8073,3.5401,4.2,2.7479,0.4101,-0.5542,0.0,-0.56,0.25,23.2275,30.5913,21.0431,2.1547,5734.51,22.0,calce_cs2,0.8763,-0.00039999999999995595,-0.0006999999999999895,8.5913,1.4521000000000002
CS2_36,302,0.877,0.8083,3.5222,4.2,2.7477,0.4102,-0.5486,0.0,-0.56,0.25,23.128,30.1644,21.009,2.1324,5745.04,22.0,calce_cs2,0.8759,0.0010999999999999899,-0.0005800000000000027,8.1644,1.4523000000000001
CS2_36,303,0.8797,0.8108,3.5354,4.2,2.7551,0.4103,-0.5546,0.0,-0.56,0.25,23.0221,30.2356,21.038,2.1665,5741.81,22.0,calce_cs2,0.877,0.0027000000000000357,0.00026000000000001575,8.235600000000002,1.4449
CS2_36,304,0.8758,0.8072,3.5346,4.2,2.7545,0.4104,-0.5498,0.0,-0.56,0.25,23.3868,30.0683,21.1301,2.1394,5731.93,22.0,calce_cs2,0.8797,-0.0039000000000000146,-0.00031999999999998696,8.0683,1.4455
CS2_36,305,0.873,0.8046,3.5272,4.2,2.7475,0.4105,-0.549,0.0,-0.56,0.25,23.0453,30.4686,20.9595,2.1979,5707.32,22.0,calce_cs2,0.8758,-0.0028000000000000247,-0.0006599999999999939,8.468599999999999,1.4525000000000001
CS2_36,306,0.8775,0.8088,3.5206,4.2,2.7451,0.4106,-0.5453,0.0,-0.56,0.25,23.1677,30.4684,20.7755,2.1311,5757.34,22.0,calce_cs2,0.873,0.0044999999999999485,0.00031999999999998696,8.468399999999999,1.4549000000000003
CS2_36,307,0.8733,0.8049,3.5298,4.2,2.7539,0.4107,-0.5526,0.0,-0.56,0.25,23.2683,30.5996,21.0631,2.0279,5736.27,22.0,calce_cs2,0.8775,-0.0041999999999999815,-0.0007400000000000074,8.599599999999999,1.4461000000000004
CS2_36,308,0.8745,0.8059,3.5346,4.2,2.7424,0.4108,-0.5465,0.0,-0.56,0.25,23.0781,30.1786,21.0673,2.1122,5730.53,22.0,calce_cs2,0.8733,0.0012000000000000899,-0.0010399999999999964,8.1786,1.4576000000000002
CS2_36,309,0.8729,0.8045,3.5326,4.2,2.7523,0.4109,-0.5435,0.0,-0.56,0.25,23.1839,30.1722,21.1288,2.1027,5705.0,22.0,calce_cs2,0.8745,-0.0016000000000000458,-0.0005800000000000027,8.1722,1.4477000000000002
CS2_36,310,0.8733,0.8049,3.5412,4.2,2.7497,0.411,-0.5521,0.0,-0.56,0.25,22.8984,30.3021,20.9177,2.1524,5727.88,22.0,calce_cs2,0.8729,0.00039999999999995595,5.9999999999993395e-05,8.3021,1.4503000000000004
CS2_36,311,0.8696,0.8015,3.5297,4.2,2.7533,0.4111,-0.547,0.0,-0.56,0.25,22.9856,30.6652,21.0037,2.0822,5688.22,22.0,calce_cs2,0.8733,-0.0036999999999999256,-0.0015799999999999814,8.665199999999999,1.4467000000000003
CS2_36,312,0.8723,0.804,3.5254,4.2,2.7557,0.4112,-0.5429,0.0,-0.56,0.25,22.9496,30.3666,20.9642,2.0677,5709.96,22.0,calce_cs2,0.8696,0.0026999999999999247,-0.00020000000000000017,8.366599999999998,1.4443000000000001
CS2_36,313,0.8706,0.8024,3.5293,4.2,2.7526,0.4113,-0.5465,0.0,-0.56,0.25,22.902,30.5253,20.9563,2.1048,5682.62,22.0,calce_cs2,0.8723,-0.0016999999999999238,-0.0007800000000000029,8.525300000000001,1.4474
CS2_36,314,0.8697,0.8016,3.5223,4.2,2.7518,0.4114,-0.5519,0.0,-0.56,0.25,23.076,30.1149,21.0229,2.0153,5670.48,22.0,calce_cs2,0.8706,-0.0009000000000000119,-0.0006399999999999961,8.114899999999999,1.4482000000000004
CS2_36,315,0.869,0.8009,3.5314,4.2,2.7496,0.4115,-0.553,0.0,-0.56,0.25,23.0413,30.4425,20.9016,2.081,5698.93,22.0,calce_cs2,0.8697,-0.0007000000000000339,-0.0008599999999999941,8.442499999999999,1.4504000000000001
CS2_36,316,0.8651,0.7973,3.5224,4.2,2.7473,0.4116,-0.5437,0.0,-0.56,0.25,23.0537,30.3107,21.0215,2.0681,5678.46,22.0,calce_cs2,0.869,-0.0039000000000000146,-0.0009000000000000119,8.3107,1.4527
CS2_36,317,0.8683,0.8003,3.5236,4.2,2.7475,0.4117,-0.5505,0.0,-0.56,0.25,23.1766,30.3788,20.9675,2.0585,5698.12,22.0,calce_cs2,0.8651,0.0031999999999999806,-0.0008000000000000007,8.378799999999998,1.4525000000000001
CS2_36,318,0.8766,0.8079,3.5307,4.2,2.7517,0.4118,-0.548,0.0,-0.56,0.25,23.1062,30.5224,21.0032,2.0581,5746.55,22.0,calce_cs2,0.8683,0.008300000000000085,0.001200000000000001,8.522400000000001,1.4483000000000001
CS2_36,319,0.8653,0.7975,3.5086,4.2,2.753,0.4119,-0.5587,0.0,-0.56,0.25,23.2048,30.4607,20.9444,2.1729,5657.76,22.0,calce_cs2,0.8766,-0.011300000000000088,-0.0008800000000000141,8.4607,1.447
CS2_36,320,0.8657,0.7979,3.5277,4.2,2.7496,0.412,-0.5441,0.0,-0.56,0.25,23.0476,30.479,21.1024,2.0479,5651.19,22.0,calce_cs2,0.8653,0.00040000000000006697,-0.0006599999999999939,8.479,1.4504000000000001
CS2_36,321,0.8656,0.7978,3.5158,4.2,2.7528,0.4121,-0.5466,0.0,-0.56,0.25,23.3835,30.255,21.0024,2.0913,5650.28,22.0,calce_cs2,0.8657,-9.999999999998899e-05,0.00010000000000001119,8.254999999999999,1.4472
CS2_36,322,0.8645,0.7968,3.5187,4.2,2.7494,0.4122,-0.5461,0.0,-0.56,0.25,23.2021,30.2363,21.0492,2.1879,5657.57,22.0,calce_cs2,0.8656,-0.0010999999999999899,-0.0007599999999999829,8.2363,1.4506000000000001
CS2_36,323,0.8636,0.7959,3.5206,4.2,2.745,0.4123,-0.5447,0.0,-0.56,0.25,23.1218,30.1855,20.8268,2.137,5656.39,22.0,calce_cs2,0.8645,-0.0009000000000000119,-0.0026000000000000025,8.185500000000001,1.455
CS2_36,324,0.8615,0.794,3.5229,4.2,2.7498,0.4124,-0.5474,0.0,-0.56,0.25,23.4421,30.3934,20.9014,2.0481,5620.5,22.0,calce_cs2,0.8636,-0.0020999999999999908,-0.0007599999999999829,8.3934,1.4502000000000002
CS2_36,325,0.8645,0.7967,3.5205,4.2,2.7555,0.4125,-0.5487,0.0,-0.56,0.25,23.5315,30.4253,21.0373,2.0779,5643.14,22.0,calce_cs2,0.8615,0.0030000000000000027,-0.00023999999999999578,8.4253,1.4445000000000001
CS2_36,326,0.8574,0.7902,3.5104,4.2,2.75,0.4126,-0.5515,0.0,-0.56,0.25,23.248,30.3499,20.9458,2.0808,5612.05,22.0,calce_cs2,0.8645,-0.007099999999999995,-0.001639999999999997,8.349900000000002,1.4500000000000002
CS2_36,327,0.8595,0.7922,3.5152,4.2,2.7543,0.4127,-0.555,0.0,-0.56,0.25,23.3814,30.3679,20.9249,2.1077,5610.0,22.0,calce_cs2,0.8574,0.0020999999999999908,-0.0010000000000000009,8.367899999999999,1.4457
CS2_36,328,0.8598,0.7924,3.5211,4.2,2.7543,0.4128,-0.5551,0.0,-0.56,0.25,23.4059,30.3928,20.99,2.0906,5642.88,22.0,calce_cs2,0.8595,0.00029999999999996696,-0.0007600000000000051,8.392800000000001,1.4457
CS2_36,329,0.8606,0.7931,3.5293,4.2,2.7546,0.4129,-0.551,0.0,-0.56,0.25,23.0506,30.3135,20.9465,2.1572,5654.16,22.0,calce_cs2,0.8598,0.0008000000000000229,-0.00018000000000000237,8.313500000000001,1.4454000000000002
CS2_36,330,0.8598,0.7924,3.5215,4.2,2.7477,0.413,-0.5554,0.0,-0.56,0.25,23.4612,30.4327,20.8722,2.0568,5633.69,22.0,calce_cs2,0.8606,-0.0008000000000000229,-0.0009400000000000075,8.4327,1.4523000000000001
CS2_36,331,0.8574,0.7903,3.5197,4.2,2.7493,0.4131,-0.5566,0.0,-0.56,0.25,23.2855,30.4226,20.9823,2.1007,5627.31,22.0,calce_cs2,0.8598,-0.0023999999999999577,0.0,8.4226,1.4507000000000003
CS2_36,332,0.8578,0.7906,3.5174,4.2,2.7484,0.4132,-0.5525,0.0,-0.56,0.25,23.4306,30.22,20.953,2.0385,5619.65,22.0,calce_cs2,0.8574,0.00039999999999995595,-0.00034000000000000696,8.219999999999999,1.4516
CS2_36,333,0.8622,0.7946,3.5119,4.2,2.756,0.4133,-0.5596,0.0,-0.56,0.25,23.4954,30.4401,21.0659,2.0635,5629.74,22.0,calce_cs2,0.8578,0.0043999999999999595,0.00047999999999999156,8.440100000000001,1.4440000000000004
CS2_36,334,0.8557,0.7886,3.5131,4.2,2.7389,0.4134,-0.5522,0.0,-0.56,0.25,23.3203,30.5061,21.0227,2.1049,5593.1,22.0,calce_cs2,0.8622,-0.00649999999999995,-0.000980000000000003,8.5061,1.4611
CS2_36,335,0.856,0.7889,3.5199,4.2,2.7446,0.4135,-0.5523,0.0,-0.56,0.25,23.1528,30.5912,20.8954,2.0354,5600.77,22.0,calce_cs2,0.8557,0.00029999999999996696,-0.0007600000000000051,8.5912,1.4554
CS2_36,336,0.8552,0.7882,3.5056,4.2,2.7483,0.4136,-0.5531,0.0,-0.56,0.25,23.1442,30.645,21.0107,2.1231,5580.7,22.0,calce_cs2,0.856,-0.0008000000000000229,-0.0004400000000000182,8.645,1.4517000000000002
CS2_36,337,0.8569,0.7898,3.5165,4.2,2.7549,0.4137,-0.5491,0.0,-0.56,0.25,23.2441,30.6944,21.1163,2.0396,5607.15,22.0,calce_cs2,0.8552,0.0017000000000000348,-0.00018000000000000237,8.694400000000002,1.4451
CS2_36,338,0.8552,0.7882,3.5166,4.2,2.7602,0.4138,-0.5503,0.0,-0.56,0.25,23.2337,30.3827,20.8695,2.0636,5603.17,22.0,calce_cs2,0.8569,-0.0017000000000000348,-0.0014000000000000013,8.3827,1.4398
CS2_36,339,0.8553,0.7883,3.5119,4.2,2.7456,0.4139,-0.5569,0.0,-0.56,0.25,23.1788,30.3786,21.0857,2.0593,5596.79,22.0,calce_cs2,0.8552,9.999999999998899e-05,-8.00000000000134e-05,8.378599999999999,1.4544000000000001
CS2_36,340,0.8522,0.7854,3.518,4.2,2.752,0.414,-0.5481,0.0,-0.56,0.25,23.3552,30.3053,21.0494,2.0784,5565.05,22.0,calce_cs2,0.8553,-0.0030999999999999917,-0.0007600000000000051,8.305299999999999,1.4480000000000004
CS2_36,341,0.8532,0.7863,3.5069,4.2,2.7504,0.4141,-0.5494,0.0,-0.56,0.25,23.0224,30.642,21.0027,2.1477,5562.76,22.0,calce_cs2,0.8522,0.0010000000000000009,-0.00040000000000000034,8.642,1.4496000000000002
CS2_36,342,0.8511,0.7844,3.5182,4.2,2.75,0.4142,-0.5495,0.0,-0.56,0.25,23.1623,30.4973,20.9589,2.1298,5577.54,22.0,calce_cs2,0.8532,-0.0020999999999999908,-0.0011600000000000054,8.4973,1.4500000000000002
CS2_36,343,0.8525,0.7857,3.506,4.2,2.7579,0.4143,-0.5338,0.0,-0.56,0.25,23.1832,30.6357,21.0323,1.994,5558.57,22.0,calce_cs2,0.8511,0.0014000000000000679,-0.0005399999999999849,8.6357,1.4421000000000004
CS2_36,344,0.8496,0.783,3.5237,4.2,2.7499,0.4144,-0.5432,0.0,-0.56,0.25,23.3563,30.3214,20.9261,2.1285,5546.82,22.0,calce_cs2,0.8525,-0.0029000000000000137,-0.0011399999999999854,8.3214,1.4501000000000004
CS2_36,345,0.8521,0.7853,3.513,4.2,2.7491,0.4145,-0.5513,0.0,-0.56,0.25,23.4325,30.4781,21.08,2.0868,5604.52,22.0,calce_cs2,0.8496,0.0024999999999999467,-1.9999999999997796e-05,8.478100000000001,1.4509000000000003
CS2_36,346,0.8511,0.7844,3.5219,4.2,2.7544,0.4146,-0.5556,0.0,-0.56,0.25,23.5217,30.6579,21.0196,2.0906,5548.49,22.0,calce_cs2,0.8521,-0.0010000000000000009,-0.0004199999999999982,8.657900000000001,1.4456000000000002
CS2_36,347,0.8463,0.78,3.525,4.2,2.7472,0.4147,-0.5449,0.0,-0.56,0.25,23.5153,30.6417,20.9858,2.1244,5513.74,22.0,calce_cs2,0.8511,-0.0047999999999999154,-0.0009599999999999831,8.6417,1.4528000000000003
CS2_36,348,0.8497,0.7831,3.5021,4.2,2.7508,0.4148,-0.5474,0.0,-0.56,0.25,23.3218,30.4061,21.0596,2.0743,5554.21,22.0,calce_cs2,0.8463,0.0033999999999999586,-0.0005600000000000049,8.406099999999999,1.4492000000000003
CS2_36,349,0.8488,0.7823,3.5065,4.2,2.7478,0.4149,-0.546,0.0,-0.56,0.25,23.3701,30.3173,21.0515,2.0687,5568.99,22.0,calce_cs2,0.8497,-0.0009000000000000119,-0.0001600000000000046,8.3173,1.4522000000000004
CS2_36,350,0.8449,0.7787,3.514,4.2,2.7483,0.415,-0.5523,0.0,-0.56,0.25,23.3447,30.7372,21.0809,2.1035,5560.04,22.0,calce_cs2,0.8488,-0.0039000000000000146,-0.0014399999999999968,8.737200000000001,1.4517000000000002
CS2_36,351,0.8479,0.7815,3.5103,4.2,2.746,0.4151,-0.5518,0.0,-0.56,0.25,23.4419,30.4473,20.942,2.1309,5547.63,22.0,calce_cs2,0.8449,0.0030000000000000027,-0.0006399999999999961,8.447299999999998,1.4540000000000002
CS2_36,352,0.8455,0.7792,3.4941,4.2,2.7504,0.4152,-0.5392,0.0,-0.56,0.25,23.3702,30.4059,21.0615,2.1223,5518.05,22.0,calce_cs2,0.8479,-0.0023999999999999577,-0.0001600000000000046,8.405899999999999,1.4496000000000002
CS2_36,353,0.844,0.7779,3.5013,4.2,2.7457,0.4153,-0.5516,0.0,-0.56,0.25,23.5174,30.7122,21.1528,2.0685,5511.24,22.0,calce_cs2,0.8455,-0.0015000000000000568,-0.0011400000000000078,8.7122,1.4543000000000004
CS2_36,354,0.8486,0.7821,3.5115,4.2,2.7503,0.4154,-0.5428,0.0,-0.56,0.25,23.3239,30.5808,20.8265,2.0773,5574.03,22.0,calce_cs2,0.844,0.0046000000000000485,-3.999999999999559e-05,8.5808,1.4497
CS2_36,355,0.8457,0.7794,3.5115,4.2,2.7623,0.4155,-0.5517,0.0,-0.56,0.25,23.3729,30.5475,20.9552,2.1439,5532.03,22.0,calce_cs2,0.8486,-0.0029000000000000137,0.0001600000000000046,8.5475,1.4377
CS2_36,356,0.8407,0.7749,3.5095,4.2,2.7525,0.4156,-0.5519,0.0,-0.56,0.25,23.4111,30.2665,21.0569,2.0787,5521.53,22.0,calce_cs2,0.8457,-0.0050000000000000044,-0.0014399999999999968,8.2665,1.4475000000000002
CS2_36,357,0.8457,0.7795,3.5042,4.2,2.7439,0.4157,-0.5492,0.0,-0.56,0.25,23.4606,30.4647,21.0658,2.1158,5548.17,22.0,calce_cs2,0.8407,0.0050000000000000044,3.999999999999559e-05,8.4647,1.4561000000000002
CS2_36,358,0.8417,0.7757,3.505,4.2,2.747,0.4158,-0.5543,0.0,-0.56,0.25,23.4122,30.474,21.0886,2.0874,5495.81,22.0,calce_cs2,0.8457,-0.0040000000000000036,-0.0004599999999999937,8.474,1.4530000000000003
CS2_36,359,0.8443,0.7782,3.5059,4.2,2.7488,0.4159,-0.547,0.0,-0.56,0.25,23.4869,30.6333,21.1486,2.1341,5536.44,22.0,calce_cs2,0.8417,0.0026000000000000467,-0.0008599999999999941,8.633299999999998,1.4512
CS2_36,360,0.8408,0.7749,3.5038,4.2,2.7516,0.416,-0.5589,0.0,-0.56,0.25,23.4854,30.7532,20.9762,2.063,5500.98,22.0,calce_cs2,0.8443,-0.0035000000000000586,-0.000980000000000003,8.7532,1.4484000000000004
CS2_36,361,0.8385,0.7728,3.5023,4.2,2.7433,0.4161,-0.556,0.0,-0.56,0.25,23.3715,30.5295,20.9903,2.1284,5486.91,22.0,calce_cs2,0.8408,-0.0022999999999999687,-0.00043999999999999595,8.529499999999999,1.4567
CS2_36,362,0.841,0.7751,3.5081,4.2,2.7473,0.4162,-0.5573,0.0,-0.56,0.25,23.3701,30.5587,20.9888,2.074,5516.52,22.0,calce_cs2,0.8385,0.0024999999999999467,-0.0009400000000000075,8.558700000000002,1.4527
CS2_36,363,0.8447,0.7785,3.4972,4.2,2.7409,0.4163,-0.5492,0.0,-0.56,0.25,23.4336,30.542,20.8516,2.092,5505.73,22.0,calce_cs2,0.841,0.0037000000000000366,0.0006000000000000005,8.542000000000002,1.4591000000000003
CS2_36,364,0.8365,0.771,3.4986,4.2,2.7505,0.4164,-0.5544,0.0,-0.56,0.25,23.326,30.6389,20.9614,2.0295,5459.74,22.0,calce_cs2,0.8447,-0.008199999999999985,-0.0015600000000000058,8.6389,1.4495
CS2_36,365,0.8378,0.7721,3.4978,4.2,2.7585,0.4165,-0.5525,0.0,-0.56,0.25,23.3905,30.7321,21.0332,2.045,5498.54,22.0,calce_cs2,0.8365,0.0012999999999999678,-0.0006000000000000005,8.732099999999999,1.4415
CS2_36,366,0.8422,0.7762,3.5089,4.2,2.7409,0.4166,-0.5561,0.0,-0.56,0.25,23.4096,30.7679,20.9413,2.1423,5492.74,22.0,calce_cs2,0.8378,0.0043999999999999595,0.0007399999999999851,8.767900000000001,1.4591000000000003
CS2_36,367,0.8364,0.7709,3.5027,4.2,2.7424,0.4167,-0.5558,0.0,-0.56,0.25,23.2971,30.7596,21.0052,2.0535,5466.07,22.0,calce_cs2,0.8422,-0.005799999999999916,-0.0009199999999999875,8.759599999999999,1.4576000000000002
CS2_36,368,0.8396,0.7738,3.5143,4.2,2.7394,0.4168,-0.5459,0.0,-0.56,0.25,23.6144,30.7258,21.0718,2.0888,5540.65,22.0,calce_cs2,0.8364,0.0031999999999999806,-0.0010199999999999988,8.7258,1.4606000000000003
CS2_36,369,0.8367,0.7711,3.5039,4.2,2.7498,0.4169,-0.5521,0.0,-0.56,0.25,23.4951,30.5632,20.9779,2.0689,5474.79,22.0,calce_cs2,0.8396,-0.0029000000000000137,3.999999999999559e-05,8.563199999999998,1.4502000000000002
CS2_36,370,0.8393,0.7736,3.4984,4.2,2.7536,0.417,-0.54,0.0,-0.56,0.25,23.3288,30.6768,21.1524,2.0915,5490.16,22.0,calce_cs2,0.8367,0.0026000000000000467,0.00030000000000001136,8.6768,1.4464000000000001
CS2_36,371,0.8373,0.7717,3.4963,4.2,2.7519,0.4171,-0.5454,0.0,-0.56,0.25,23.5726,30.4045,20.984,2.0368,5458.7,22.0,calce_cs2,0.8393,-0.0020000000000000018,-0.0009799999999999809,8.404499999999999,1.4481000000000002
CS2_36,372,0.8333,0.768,3.4979,4.2,2.7444,0.4172,-0.5389,0.0,-0.56,0.25,23.4548,30.7703,20.8788,2.1466,5476.87,22.0,calce_cs2,0.8373,-0.0040000000000000036,-0.0006199999999999984,8.770299999999999,1.4556
CS2_36,373,0.8337,0.7684,3.4939,4.2,2.7535,0.4173,-0.5464,0.0,-0.56,0.25,23.6158,30.9012,21.0305,2.1878,5446.53,22.0,calce_cs2,0.8333,0.00039999999999995595,-0.0011800000000000033,8.9012,1.4465000000000003
CS2_36,374,0.8345,0.7692,3.5019,4.2,2.7489,0.4174,-0.5518,0.0,-0.56,0.25,23.3618,30.8626,21.0966,2.107,5468.37,22.0,calce_cs2,0.8337,0.0008000000000000229,-0.00043999999999999595,8.8626,1.4511000000000003
CS2_36,375,0.8337,0.7684,3.4911,4.2,2.7467,0.4175,-0.5471,0.0,-0.56,0.25,23.4151,30.5995,20.9234,2.0165,5483.23,22.0,calce_cs2,0.8345,-0.0008000000000000229,-0.0011200000000000099,8.599499999999999,1.4533
CS2_36,376,0.8305,0.7654,3.4995,4.2,2.754,0.4176,-0.5453,0.0,-0.56,0.25,23.2709,30.6817,21.0595,2.1333,5431.63,22.0,calce_cs2,0.8337,-0.0031999999999999806,-0.0013600000000000057,8.6817,1.4460000000000002
CS2_36,377,0.8273,0.7625,3.4995,4.2,2.7438,0.4177,-0.5518,0.0,-0.56,0.25,23.5263,30.4873,20.9765,2.1018,5413.82,22.0,calce_cs2,0.8305,-0.0031999999999999806,-0.001200000000000001,8.487300000000001,1.4562000000000004
CS2_36,378,0.8312,0.766,3.5033,4.2,2.7496,0.4178,-0.5509,0.0,-0.56,0.25,23.7168,30.907,21.0709,2.1292,5474.62,22.0,calce_cs2,0.8273,0.0039000000000000146,-0.0004999999999999894,8.907,1.4504000000000001
CS2_36,379,0.8322,0.767,3.4876,4.2,2.7506,0.4179,-0.5511,0.0,-0.56,0.25,23.4339,30.3111,20.9087,2.147,5464.1,22.0,calce_cs2,0.8312,0.0010000000000000009,-0.0004599999999999937,8.3111,1.4494000000000002
CS2_36,380,0.8278,0.763,3.5091,4.2,2.7422,0.418,-0.547,0.0,-0.56,0.25,23.5372,30.6933,21.1228,2.09,5425.94,22.0,calce_cs2,0.8322,-0.0044000000000000705,-0.0011800000000000033,8.6933,1.4578000000000002
CS2_36,381,0.8296,0.7646,3.5034,4.2,2.7374,0.4181,-0.5509,0.0,-0.56,0.25,23.4487,30.8845,20.9964,2.0939,5429.42,22.0,calce_cs2,0.8278,0.0018000000000000238,-0.00018000000000000237,8.8845,1.4626000000000001
CS2_36,382,0.8282,0.7633,3.4966,4.2,2.7438,0.4182,-0.5584,0.0,-0.56,0.25,23.3559,30.7289,20.88,2.081,5418.52,22.0,calce_cs2,0.8296,-0.0013999999999999568,0.00018000000000000237,8.7289,1.4562000000000004
CS2_36,383,0.8299,0.7648,3.4944,4.2,2.7488,0.4183,-0.553,0.0,-0.56,0.25,23.2562,30.7379,20.9487,2.1446,5437.09,22.0,calce_cs2,0.8282,0.0016999999999999238,-0.00026000000000001575,8.7379,1.4512
CS2_36,384,0.8228,0.7583,3.4851,4.2,2.7442,0.4184,-0.5501,0.0,-0.56,0.25,23.4292,30.8472,20.8958,2.0921,5384.47,22.0,calce_cs2,0.8299,-0.007099999999999995,-0.001880000000000015,8.8472,1.4558
CS2_36,385,0.8263,0.7616,3.4929,4.2,2.7544,0.4185,-0.5503,0.0,-0.56,0.25,23.3858,30.6556,21.0631,2.0396,5379.04,22.0,calce_cs2,0.8228,0.0035000000000000586,-0.0002999999999999892,8.6556,1.4456000000000002
CS2_36,386,0.8284,0.7635,3.4931,4.2,2.7518,0.4186,-0.556,0.0,-0.56,0.25,23.5805,30.7827,20.9812,2.1339,5443.45,22.0,calce_cs2,0.8263,0.0020999999999999908,-0.00023999999999999578,8.782699999999998,1.4482000000000004
CS2_36,387,0.8235,0.759,3.4923,4.2,2.7416,0.4187,-0.5539,0.0,-0.56,0.25,23.3228,30.7424,21.019,2.1363,5382.73,22.0,calce_cs2,0.8284,-0.0049000000000000155,-0.0009400000000000075,8.7424,1.4584000000000001
CS2_36,388,0.8242,0.7596,3.4843,4.2,2.7551,0.4188,-0.5515,0.0,-0.56,0.25,23.3775,30.8561,20.9897,2.0703,5423.61,22.0,calce_cs2,0.8235,0.0007000000000000339,-0.0011399999999999854,8.856100000000001,1.4449
CS2_36,389,0.8232,0.7587,3.4977,4.2,2.748,0.4189,-0.543,0.0,-0.56,0.25,23.4986,30.8716,20.9227,2.0628,5396.93,22.0,calce_cs2,0.8242,-0.0010000000000000009,8.00000000000134e-05,8.8716,1.452
CS2_36,390,0.8223,0.7578,3.4907,4.2,2.7472,0.419,-0.5584,0.0,-0.56,0.25,23.2992,30.6175,21.0631,2.0284,5384.53,22.0,calce_cs2,0.8232,-0.0009000000000000119,-0.0008000000000000007,8.6175,1.4528000000000003
CS2_36,391,0.8229,0.7585,3.4902,4.2,2.7466,0.4191,-0.5519,0.0,-0.56,0.25,23.4562,30.7068,21.003,2.067,5386.19,22.0,calce_cs2,0.8223,0.0005999999999999339,-0.001100000000000012,8.706800000000001,1.4534000000000002
CS2_36,392,0.8199,0.7556,3.4884,4.2,2.7507,0.4192,-0.5432,0.0,-0.56,0.25,23.3454,30.8485,21.0396,2.1137,5377.71,22.0,calce_cs2,0.8229,-0.0030000000000000027,-0.0007200000000000095,8.848500000000001,1.4493
CS2_36,393,0.8205,0.7562,3.4874,4.2,2.7557,0.4193,-0.5462,0.0,-0.56,0.25,23.5667,30.8611,20.9041,2.1471,5374.75,22.0,calce_cs2,0.8199,0.0006000000000000449,-0.0007400000000000074,8.8611,1.4443000000000001
CS2_36,394,0.8188,0.7547,3.4987,4.2,2.7534,0.4194,-0.5505,0.0,-0.56,0.25,23.6277,30.8396,20.9582,2.0826,5368.23,22.0,calce_cs2,0.8205,-0.0017000000000000348,-0.0008800000000000141,8.8396,1.4466
CS2_36,395,0.8212,0.7568,3.4945,4.2,2.7461,0.4195,-0.5536,0.0,-0.56,0.25,23.5844,30.8603,21.0043,2.1575,5353.98,22.0,calce_cs2,0.8188,0.0024000000000000687,-0.00021999999999999797,8.860299999999999,1.4539
CS2_36,396,0.8161,0.7521,3.4944,4.2,2.7495,0.4196,-0.5515,0.0,-0.56,0.25,23.6477,30.8787,20.8962,2.0933,5310.55,22.0,calce_cs2,0.8212,-0.005099999999999993,-0.0013599999999999834,8.878699999999998,1.4505000000000003
CS2_36,397,0.8183,0.7542,3.4872,4.2,2.7513,0.4197,-0.5509,0.0,-0.56,0.25,23.4061,30.7954,20.9611,2.1275,5377.97,22.0,calce_cs2,0.8161,0.0021999999999999797,-0.00031999999999998696,8.7954,1.4487
CS2_36,398,0.8172,0.7532,3.4863,4.2,2.7527,0.4198,-0.5474,0.0,-0.56,0.25,23.4746,30.567,21.0243,2.0897,5371.28,22.0,calce_cs2,0.8183,-0.0010999999999999899,-0.0006599999999999939,8.567,1.4473000000000003
CS2_36,399,0.8184,0.7543,3.4834,4.2,2.7462,0.4199,-0.5531,0.0,-0.56,0.25,23.6344,31.1169,20.9438,2.092,5347.19,22.0,calce_cs2,0.8172,0.0011999999999999789,-7.999999999999118e-05,9.116900000000001,1.4538000000000002
CS2_36,400,0.816,0.7521,3.4862,4.2,2.7521,0.42,-0.5426,0.0,-0.56,0.25,23.605,30.9656,21.1025,2.1513,5337.31,22.0,calce_cs2,0.8184,-0.0024000000000000687,-0.0010400000000000188,8.965599999999998,1.4479000000000002
CS2_36,401,0.8157,0.7518,3.4811,4.2,2.7476,0.4201,-0.552,0.0,-0.56,0.25,23.605,30.838,21.2087,2.1802,5318.16,22.0,calce_cs2,0.816,-0.00029999999999996696,-8.00000000000134e-05,8.838000000000001,1.4524000000000004
CS2_36,402,0.8195,0.7553,3.492,4.2,2.7421,0.4202,-0.5637,0.0,-0.56,0.25,23.4022,30.9417,21.026,2.0931,5369.14,22.0,calce_cs2,0.8157,0.0038000000000000256,0.00023999999999999578,8.9417,1.4579
CS2_36,403,0.8161,0.7522,3.4888,4.2,2.7499,0.4203,-0.5552,0.0,-0.56,0.25,23.7744,30.7913,20.9728,2.1197,5337.07,22.0,calce_cs2,0.8195,-0.0033999999999999586,-0.00021999999999999797,8.7913,1.4501000000000004
CS2_36,404,0.8174,0.7534,3.4944,4.2,2.7578,0.4204,-0.5504,0.0,-0.56,0.25,23.5062,30.815,20.928,2.2261,5343.12,22.0,calce_cs2,0.8161,0.0012999999999999678,-0.00020000000000000017,8.815000000000001,1.4422000000000001
CS2_36,405,0.8215,0.7572,3.4875,4.2,2.7524,0.4205,-0.5506,0.0,-0.56,0.25,23.5423,30.9334,21.1119,2.0883,5378.69,22.0,calce_cs2,0.8174,0.0040999999999999925,0.001100000000000012,8.933399999999999,1.4476
CS2_36,406,0.8107,0.7472,3.482,4.2,2.7456,0.4206,-0.5535,0.0,-0.56,0.25,23.5085,30.8633,20.988,2.0564,5300.47,22.0,calce_cs2,0.8215,-0.010800000000000032,-0.0010000000000000009,8.863299999999999,1.4544000000000001
CS2_36,407,0.814,0.7503,3.4875,4.2,2.7451,0.4207,-0.5465,0.0,-0.56,0.25,23.5681,30.673,20.9426,1.9596,5348.04,22.0,calce_cs2,0.8107,0.0032999999999999696,-0.001100000000000012,8.672999999999998,1.4549000000000003
CS2_36,408,0.8141,0.7503,3.4945,4.2,2.7414,0.4208,-0.5588,0.0,-0.56,0.25,23.2313,30.6774,20.9735,2.0384,5305.27,22.0,calce_cs2,0.814,0.00010000000000010001,-0.00040000000000000034,8.677399999999999,1.4586000000000001
CS2_36,409,0.8183,0.7542,3.494,4.2,2.7541,0.4209,-0.5536,0.0,-0.56,0.25,23.6362,31.0057,21.0547,2.0409,5366.83,22.0,calce_cs2,0.8141,0.0041999999999999815,0.00018000000000000237,9.005700000000001,1.4459
CS2_36,410,0.8084,0.7451,3.4842,4.2,2.7576,0.421,-0.5475,0.0,-0.56,0.25,23.6557,30.668,20.874,2.0682,5301.05,22.0,calce_cs2,0.8183,-0.00990000000000002,-0.00262,8.668,1.4424000000000001
CS2_36,411,0.8101,0.7467,3.4836,4.2,2.7504,0.4211,-0.5513,0.0,-0.56,0.25,23.4076,30.6846,21.0991,2.0499,5273.4,22.0,calce_cs2,0.8084,0.0017000000000000348,-0.00011999999999998679,8.6846,1.4496000000000002
CS2_36,412,0.8061,0.743,3.4862,4.2,2.7545,0.4212,-0.5461,0.0,-0.56,0.25,23.6891,30.8871,20.9644,2.0822,5271.89,22.0,calce_cs2,0.8101,-0.0040000000000000036,-0.0015799999999999814,8.8871,1.4455
CS2_36,413,0.8092,0.7458,3.4804,4.2,2.7509,0.4213,-0.561,0.0,-0.56,0.25,23.5486,30.9253,20.99,2.1035,5275.21,22.0,calce_cs2,0.8061,0.0030999999999999917,-0.000980000000000003,8.9253,1.4491
CS2_36,414,0.8084,0.745,3.4833,4.2,2.7497,0.4214,-0.546,0.0,-0.56,0.25,23.5505,30.9185,20.8995,2.1254,5288.9,22.0,calce_cs2,0.8092,-0.0008000000000000229,-0.001980000000000004,8.918500000000002,1.4503000000000004
CS2_36,415,0.8051,0.7421,3.4824,4.2,2.7495,0.4215,-0.5422,0.0,-0.56,0.25,23.5819,31.3818,21.0025,2.0947,5279.52,22.0,calce_cs2,0.8084,-0.0032999999999999696,-0.0006599999999999939,9.381799999999998,1.4505000000000003
CS2_36,416,0.8072,0.744,3.4868,4.2,2.7535,0.4216,-0.5448,0.0,-0.56,0.25,23.5739,31.125,21.0103,2.0956,5268.67,22.0,calce_cs2,0.8051,0.0020999999999999908,-0.0005800000000000027,9.125,1.4465000000000003
CS2_36,417,0.8072,0.7439,3.4927,4.2,2.7574,0.4217,-0.5596,0.0,-0.56,0.25,23.5945,30.933,20.8745,2.1408,5256.2,22.0,calce_cs2,0.8072,0.0,0.00021999999999999797,8.933,1.4426
CS2_36,418,0.8049,0.7419,3.4922,4.2,2.758,0.4218,-0.5493,0.0,-0.56,0.25,23.4671,31.2221,20.9969,1.9983,5265.01,22.0,calce_cs2,0.8072,-0.0023000000000000798,-0.0008600000000000164,9.222100000000001,1.4420000000000002
CS2_36,419,0.8045,0.7415,3.4765,4.2,2.754,0.4219,-0.5544,0.0,-0.56,0.25,23.4828,31.0954,20.9847,2.0237,5300.56,22.0,calce_cs2,0.8049,-0.00039999999999995595,-0.0007800000000000029,9.095400000000001,1.4460000000000002
CS2_36,420,0.8032,0.7402,3.4875,4.2,2.7499,0.422,-0.5573,0.0,-0.56,0.25,23.4665,30.8969,20.9084,2.101,5247.99,22.0,calce_cs2,0.8045,-0.0012999999999999678,-0.00038000000000000257,8.896899999999999,1.4501000000000004
CS2_36,421,0.8028,0.7399,3.4826,4.2,2.7502,0.4221,-0.5497,0.0,-0.56,0.25,23.5578,30.8852,20.982,2.0563,5265.46,22.0,calce_cs2,0.8032,-0.00040000000000006697,-0.0008800000000000141,8.885200000000001,1.4498000000000002
CS2_36,422,0.8015,0.7387,3.4805,4.2,2.7486,0.4222,-0.5458,0.0,-0.56,0.25,23.6564,30.9017,21.0316,2.1363,5220.46,22.0,calce_cs2,0.8028,-0.0012999999999999678,-0.0011400000000000078,8.901700000000002,1.4514
CS2_36,423,0.8028,0.7399,3.4813,4.2,2.7535,0.4223,-0.5562,0.0,-0.56,0.25,23.684,30.7588,21.004,2.0756,5276.91,22.0,calce_cs2,0.8015,0.0012999999999999678,-0.0004199999999999982,8.7588,1.4465000000000003
CS2_36,424,0.8016,0.7388,3.4891,4.2,2.7489,0.4224,-0.5452,0.0,-0.56,0.25,23.688,30.9726,20.9367,2.1078,5263.82,22.0,calce_cs2,0.8028,-0.0011999999999999789,-0.0005800000000000027,8.9726,1.4511000000000003
CS2_36,425,0.7985,0.736,3.4762,4.2,2.751,0.4225,-0.5557,0.0,-0.56,0.25,23.6288,30.6225,21.0777,2.2015,5221.6,22.0,calce_cs2,0.8016,-0.0030999999999999917,-0.0009400000000000075,8.622499999999999,1.4490000000000003
CS2_36,426,0.7999,0.7372,3.4829,4.2,2.747,0.4226,-0.5503,0.0,-0.56,0.25,23.6569,30.7205,20.9783,2.0771,5248.23,22.0,calce_cs2,0.7985,0.0014000000000000679,-0.0005799999999999805,8.720500000000001,1.4530000000000003
CS2_36,427,0.7969,0.7345,3.4731,4.2,2.7576,0.4227,-0.5483,0.0,-0.56,0.25,23.6137,30.8699,21.0444,2.0468,5206.17,22.0,calce_cs2,0.7999,-0.0030000000000000027,-0.0009199999999999875,8.869900000000001,1.4424000000000001
CS2_36,428,0.798,0.7355,3.4886,4.2,2.7472,0.4228,-0.5476,0.0,-0.56,0.25,23.5012,30.8215,20.8842,2.1136,5243.49,22.0,calce_cs2,0.7969,0.0010999999999999899,-0.0009599999999999831,8.8215,1.4528000000000003
CS2_36,429,0.7938,0.7316,3.482,4.2,2.7494,0.4229,-0.5426,0.0,-0.56,0.25,23.7124,30.7805,21.1181,2.1376,5201.92,22.0,calce_cs2,0.798,-0.0042000000000000925,-0.0015600000000000058,8.7805,1.4506000000000001
CS2_36,430,0.7922,0.7301,3.4792,4.2,2.7509,0.423,-0.5471,0.0,-0.56,0.25,23.5835,31.0424,20.9817,2.0675,5182.81,22.0,calce_cs2,0.7938,-0.0015999999999999348,-0.0012599999999999944,9.0424,1.4491
CS2_36,431,0.7896,0.7278,3.4802,4.2,2.7596,0.4231,-0.5561,0.0,-0.56,0.25,23.5826,31.068,20.9491,2.058,5150.96,22.0,calce_cs2,0.7922,-0.0026000000000000467,-0.0020600000000000175,9.068000000000001,1.4404000000000003
CS2_36,432,0.7914,0.7294,3.4659,4.2,2.746,0.4232,-0.5522,0.0,-0.56,0.25,23.7121,31.1204,21.0056,2.0557,5167.42,22.0,calce_cs2,0.7896,0.0018000000000000238,-0.001100000000000012,9.1204,1.4540000000000002
CS2_36,433,0.7902,0.7283,3.4715,4.2,2.7492,0.4233,-0.5539,0.0,-0.56,0.25,23.6367,31.0929,21.0012,2.0455,5181.71,22.0,calce_cs2,0.7914,-0.0011999999999999789,-0.0015600000000000058,9.0929,1.4508
CS2_36,434,0.7907,0.7287,3.4617,4.2,2.7555,0.4234,-0.5532,0.0,-0.56,0.25,23.7303,31.2374,21.0441,2.0923,5189.01,22.0,calce_cs2,0.7902,0.0004999999999999449,-0.0006199999999999984,9.237400000000001,1.4445000000000001
CS2_36,435,0.7906,0.7287,3.4661,4.2,2.7373,0.4235,-0.5501,0.0,-0.56,0.25,23.7771,31.1996,20.8979,2.1605,5182.32,22.0,calce_cs2,0.7907,-9.999999999998899e-05,-0.0003200000000000092,9.1996,1.4627000000000003
CS2_36,436,0.7855,0.724,3.4829,4.2,2.7519,0.4236,-0.5414,0.0,-0.56,0.25,23.7966,31.0718,21.1728,2.0337,5139.83,22.0,calce_cs2,0.7906,-0.005099999999999993,-0.0008199999999999985,9.0718,1.4481000000000002
CS2_36,437,0.7879,0.7261,3.4733,4.2,2.7467,0.4237,-0.5472,0.0,-0.56,0.25,23.5208,31.1075,21.0242,2.1202,5183.32,22.0,calce_cs2,0.7855,0.0024000000000000687,-0.0006999999999999895,9.107500000000002,1.4533
CS2_36,438,0.7856,0.724,3.4781,4.2,2.7544,0.4238,-0.5504,0.0,-0.56,0.25,23.7109,31.0218,20.9772,2.0356,5123.41,22.0,calce_cs2,0.7879,-0.0023000000000000798,-0.0009200000000000097,9.021799999999999,1.4456000000000002
CS2_36,439,0.7836,0.7222,3.4746,4.2,2.7525,0.4239,-0.5454,0.0,-0.56,0.25,23.5107,31.3032,21.042,2.1077,5114.33,22.0,calce_cs2,0.7856,-0.0020000000000000018,-0.001419999999999999,9.3032,1.4475000000000002
CS2_36,440,0.7839,0.7225,3.476,4.2,2.7428,0.424,-0.555,0.0,-0.56,0.25,23.7461,30.9898,21.0221,2.0698,5138.32,22.0,calce_cs2,0.7836,0.000300000000000078,-0.0013399999999999857,8.989799999999999,1.4572000000000003
CS2_36,441,0.7815,0.7203,3.4713,4.2,2.7521,0.4241,-0.5483,0.0,-0.56,0.25,23.6328,30.9983,20.8735,2.1611,5088.03,22.0,calce_cs2,0.7839,-0.0024000000000000687,-0.0008000000000000007,8.9983,1.4479000000000002
CS2_36,442,0.7791,0.718,3.4755,4.2,2.7513,0.4242,-0.5478,0.0,-0.56,0.25,23.7334,31.1167,20.9106,2.0983,5078.92,22.0,calce_cs2,0.7815,-0.0023999999999999577,-0.001760000000000006,9.116700000000002,1.4487
CS2_36,443,0.7788,0.7178,3.4806,4.2,2.7511,0.4243,-0.5507,0.0,-0.56,0.25,23.7573,31.1394,20.8301,2.0876,5094.24,22.0,calce_cs2,0.7791,-0.00029999999999996696,-0.0013599999999999834,9.139399999999998,1.4489
CS2_36,444,0.7786,0.7176,3.4702,4.2,2.7536,0.4244,-0.5441,0.0,-0.56,0.25,23.7013,31.095,21.001,2.118,5095.25,22.0,calce_cs2,0.7788,-0.000200000000000089,-0.0010000000000000009,9.094999999999999,1.4464000000000001
CS2_36,445,0.7755,0.7147,3.475,4.2,2.7463,0.4245,-0.5489,0.0,-0.56,0.25,23.8292,31.2065,21.0433,2.1151,5079.23,22.0,calce_cs2,0.7786,-0.0030999999999999917,-0.0016800000000000148,9.206499999999998,1.4537
CS2_36,446,0.7762,0.7154,3.4654,4.2,2.7581,0.4246,-0.5546,0.0,-0.56,0.25,23.7034,31.0505,20.9243,2.1581,5061.47,22.0,calce_cs2,0.7755,0.0007000000000000339,-0.0010599999999999943,9.0505,1.4419
CS2_36,447,0.779,0.718,3.4637,4.2,2.7515,0.4247,-0.5447,0.0,-0.56,0.25,23.7253,31.1933,21.0611,2.1012,5094.83,22.0,calce_cs2,0.7762,0.0028000000000000247,-1.9999999999997796e-05,9.1933,1.4485000000000001
CS2_36,448,0.7698,0.7095,3.4785,4.2,2.7477,0.4248,-0.5449,0.0,-0.56,0.25,23.7237,31.0724,21.007,2.0284,5045.6,22.0,calce_cs2,0.779,-0.009199999999999986,-0.0018000000000000017,9.072399999999998,1.4523000000000001
CS2_36,449,0.7731,0.7125,3.4673,4.2,2.7459,0.4249,-0.5424,0.0,-0.56,0.25,23.8279,31.0389,20.8699,2.0142,5041.54,22.0,calce_cs2,0.7698,0.0032999999999999696,-0.0010999999999999899,9.038900000000002,1.4541000000000004
CS2_36,450,0.7695,0.7092,3.4777,4.2,2.7489,0.425,-0.5469,0.0,-0.56,0.25,23.8208,31.0644,20.9794,2.087,5045.52,22.0,calce_cs2,0.7731,-0.0036000000000000476,-0.001200000000000001,9.0644,1.4511000000000003
CS2_36,451,0.7726,0.7121,3.4672,4.2,2.7486,0.4251,-0.5562,0.0,-0.56,0.25,23.8832,31.1946,20.9838,2.1794,5058.15,22.0,calce_cs2,0.7695,0.0030999999999999917,-0.0007200000000000095,9.194600000000001,1.4514
CS2_36,452,0.7701,0.7098,3.4617,4.2,2.7527,0.4252,-0.5514,0.0,-0.56,0.25,23.5483,31.16,21.0195,2.0122,5060.91,22.0,calce_cs2,0.7726,-0.0024999999999999467,-0.0017800000000000038,9.16,1.4473000000000003
CS2_36,453,0.7629,0.7032,3.4683,4.2,2.7441,0.4253,-0.5516,0.0,-0.56,0.25,23.5899,31.068,21.0342,2.1057,4994.38,22.0,calce_cs2,0.7701,-0.007199999999999984,-0.0013800000000000034,9.068000000000001,1.4559000000000002
CS2_36,454,0.7687,0.7085,3.4692,4.2,2.7566,0.4254,-0.5498,0.0,-0.56,0.25,23.8083,31.1593,21.1761,2.1214,5040.7,22.0,calce_cs2,0.7629,0.005800000000000027,-0.0008799999999999919,9.159300000000002,1.4434
CS2_36,455,0.7649,0.705,3.4739,4.2,2.76,0.4255,-0.5531,0.0,-0.56,0.25,23.7785,31.3279,20.9636,2.1706,4987.9,22.0,calce_cs2,0.7687,-0.0038000000000000256,-0.0009199999999999875,9.3279,1.4400000000000004
CS2_36,456,0.7655,0.7055,3.4644,4.2,2.75,0.4256,-0.5561,0.0,-0.56,0.25,23.6458,31.327,20.9982,2.0687,4993.19,22.0,calce_cs2,0.7649,0.0005999999999999339,-0.001419999999999999,9.327000000000002,1.4500000000000002
CS2_36,457,0.7601,0.7005,3.4716,4.2,2.7499,0.4257,-0.5511,0.0,-0.56,0.25,23.8266,31.1031,21.1005,2.0483,4979.98,22.0,calce_cs2,0.7655,-0.00539999999999996,-0.0020000000000000018,9.103100000000001,1.4501000000000004
CS2_36,458,0.7614,0.7018,3.4634,4.2,2.7552,0.4258,-0.5503,0.0,-0.56,0.25,23.7101,31.0954,21.135,2.0471,4990.47,22.0,calce_cs2,0.7601,0.0012999999999999678,-0.00030000000000001136,9.095400000000001,1.4448000000000003
CS2_36,459,0.7604,0.7008,3.4745,4.2,2.7458,0.4259,-0.5567,0.0,-0.56,0.25,23.7303,30.9529,20.9277,2.0729,4969.73,22.0,calce_cs2,0.7614,-0.0010000000000000009,-0.001660000000000017,8.9529,1.4542000000000002
CS2_36,460,0.7611,0.7015,3.4627,4.2,2.7448,0.426,-0.5433,0.0,-0.56,0.25,23.7542,31.0991,20.9378,2.1405,4978.05,22.0,calce_cs2,0.7604,0.0007000000000000339,-0.0007600000000000051,9.0991,1.4552
CS2_36,461,0.7563,0.6971,3.4697,4.2,2.7467,0.4261,-0.5501,0.0,-0.56,0.25,23.6594,31.3553,21.126,2.063,4946.21,22.0,calce_cs2,0.7611,-0.0048000000000000265,-0.0018399999999999972,9.3553,1.4533
CS2_36,462,0.7526,0.6936,3.4639,4.2,2.7598,0.4262,-0.5468,0.0,-0.56,0.25,24.0074,31.3097,21.1578,2.0882,4937.27,22.0,calce_cs2,0.7563,-0.0036999999999999256,-0.0014999999999999903,9.3097,1.4402000000000004
CS2_36,463,0.7574,0.6981,3.4642,4.2,2.7497,0.4263,-0.5495,0.0,-0.56,0.25,23.9209,31.1503,20.9674,2.1166,4967.83,22.0,calce_cs2,0.7526,0.0047999999999999154,-0.0008000000000000007,9.150300000000001,1.4503000000000004
CS2_36,464,0.7543,0.6952,3.4569,4.2,2.751,0.4264,-0.5448,0.0,-0.56,0.25,23.8318,31.292,20.8855,2.0739,4924.37,22.0,calce_cs2,0.7574,-0.0030999999999999917,-0.0012199999999999989,9.292000000000002,1.4490000000000003
CS2_36,465,0.7514,0.6925,3.4561,4.2,2.745,0.4265,-0.5419,0.0,-0.56,0.25,23.6736,31.2726,20.928,2.0727,4905.09,22.0,calce_cs2,0.7543,-0.0029000000000000137,-0.0019400000000000083,9.2726,1.455
CS2_36,466,0.7521,0.6932,3.4673,4.2,2.7474,0.4266,-0.542,0.0,-0.56,0.25,23.9364,31.4256,20.8915,2.0038,4903.43,22.0,calce_cs2,0.7514,0.0007000000000000339,-0.0008399999999999963,9.4256,1.4526000000000003
CS2_36,467,0.7523,0.6934,3.4614,4.2,2.7547,0.4267,-0.5505,0.0,-0.56,0.25,23.8923,31.2835,20.877,2.1224,4904.6,22.0,calce_cs2,0.7521,0.00019999999999997797,-6.0000000000015594e-05,9.2835,1.4453
CS2_36,468,0.7538,0.6947,3.4583,4.2,2.7553,0.4268,-0.5532,0.0,-0.56,0.25,23.7827,31.1799,21.0976,2.1249,4946.18,22.0,calce_cs2,0.7523,0.0015000000000000568,-0.0007199999999999874,9.1799,1.4447
CS2_36,469,0.7442,0.6859,3.4601,4.2,2.7601,0.4269,-0.5535,0.0,-0.56,0.25,23.844,31.2416,20.8878,2.0662,4863.1,22.0,calce_cs2,0.7538,-0.009600000000000053,-0.0020199999999999997,9.241599999999998,1.4399000000000002
CS2_36,470,0.7459,0.6875,3.4592,4.2,2.7505,0.427,-0.5571,0.0,-0.56,0.25,23.832,31.2577,21.0433,2.0859,4893.01,22.0,calce_cs2,0.7442,0.0017000000000000348,-0.0010999999999999899,9.2577,1.4495
CS2_36,471,0.7421,0.6839,3.4655,4.2,2.7445,0.4271,-0.5496,0.0,-0.56,0.25,23.8057,31.2629,20.9807,2.1834,4888.09,22.0,calce_cs2,0.7459,-0.0038000000000000256,-0.0020000000000000018,9.262899999999998,1.4555000000000002
CS2_36,472,0.7396,0.6817,3.4531,4.2,2.757,0.4272,-0.5516,0.0,-0.56,0.25,23.8799,31.3442,20.9562,2.0319,4829.29,22.0,calce_cs2,0.7421,-0.0024999999999999467,-0.0025399999999999867,9.3442,1.443
CS2_36,473,0.7384,0.6806,3.4563,4.2,2.7518,0.4273,-0.5523,0.0,-0.56,0.25,23.8107,31.2312,20.8828,2.0671,4824.94,22.0,calce_cs2,0.7396,-0.0012000000000000899,-0.003080000000000016,9.231200000000001,1.4482000000000004
CS2_36,474,0.739,0.6811,3.4628,4.2,2.7478,0.4274,-0.5575,0.0,-0.56,0.25,23.864,31.1904,20.9825,2.0574,4845.38,22.0,calce_cs2,0.7384,0.0006000000000000449,-0.0010399999999999964,9.1904,1.4522000000000004
CS2_36,475,0.7409,0.6829,3.4626,4.2,2.7446,0.4275,-0.5425,0.0,-0.56,0.25,23.9503,31.278,21.1981,2.0704,4868.74,22.0,calce_cs2,0.739,0.0019000000000000128,-0.0010000000000000009,9.277999999999999,1.4554
CS2_36,476,0.7354,0.6778,3.4646,4.2,2.7457,0.4276,-0.5507,0.0,-0.56,0.25,24.0542,31.1428,20.8907,2.0678,4810.44,22.0,calce_cs2,0.7409,-0.005499999999999949,-0.0013399999999999857,9.142800000000001,1.4543000000000004
CS2_36,477,0.7375,0.6797,3.4551,4.2,2.7506,0.4277,-0.5504,0.0,-0.56,0.25,23.8872,30.9651,20.8759,2.0533,4846.89,22.0,calce_cs2,0.7354,0.0020999999999999908,-0.0004199999999999982,8.9651,1.4494000000000002
CS2_36,478,0.7357,0.6781,3.4572,4.2,2.7544,0.4278,-0.5628,0.0,-0.56,0.25,23.703,31.3616,20.9824,2.1719,4800.4,22.0,calce_cs2,0.7375,-0.0018000000000000238,-0.0005399999999999849,9.3616,1.4456000000000002
CS2_36,479,0.7318,0.6745,3.4583,4.2,2.7549,0.4279,-0.5454,0.0,-0.56,0.25,24.0289,31.298,20.9522,2.0938,4788.47,22.0,calce_cs2,0.7357,-0.0039000000000000146,-0.0014399999999999968,9.297999999999998,1.4451
CS2_36,480,0.7303,0.6731,3.4508,4.2,2.7518,0.428,-0.5469,0.0,-0.56,0.25,23.596,31.3545,21.006,2.1387,4771.12,22.0,calce_cs2,0.7318,-0.0015000000000000568,-0.0021200000000000108,9.354500000000002,1.4482000000000004
CS2_36,481,0.7274,0.6704,3.461,4.2,2.745,0.4281,-0.5535,0.0,-0.56,0.25,23.8203,31.3706,20.9227,2.1513,4743.27,22.0,calce_cs2,0.7303,-0.0028999999999999027,-0.0016000000000000014,9.3706,1.455
CS2_36,482,0.7279,0.6709,3.4586,4.2,2.7558,0.4282,-0.5473,0.0,-0.56,0.25,23.7202,31.2433,20.9925,2.1186,4773.87,22.0,calce_cs2,0.7274,0.0004999999999999449,-0.0019200000000000107,9.243300000000001,1.4442000000000004
CS2_36,483,0.7248,0.668,3.4598,4.2,2.7453,0.4283,-0.551,0.0,-0.56,0.25,23.8295,31.2401,21.0755,2.1492,4753.2,22.0,calce_cs2,0.7279,-0.0030999999999999917,-0.002180000000000004,9.240100000000002,1.4547000000000003
CS2_36,484,0.7239,0.6672,3.4595,4.2,2.7388,0.4284,-0.547,0.0,-0.56,0.25,23.7629,31.3527,21.0223,2.1065,4738.35,22.0,calce_cs2,0.7248,-0.0009000000000000119,-0.0015800000000000037,9.352699999999999,1.4612000000000003
CS2_36,485,0.722,0.6654,3.4598,4.2,2.7482,0.4285,-0.5519,0.0,-0.56,0.25,23.804,31.3744,21.1039,2.142,4723.2,22.0,calce_cs2,0.7239,-0.0019000000000000128,-0.0016599999999999948,9.374400000000001,1.4518
CS2_36,486,0.7219,0.6654,3.4589,4.2,2.7457,0.4286,-0.5561,0.0,-0.56,0.25,23.8939,31.3446,20.9182,2.1385,4709.71,22.0,calce_cs2,0.722,-9.999999999998899e-05,-0.001100000000000012,9.3446,1.4543000000000004
CS2_36,487,0.7173,0.6611,3.4487,4.2,2.7429,0.4287,-0.5486,0.0,-0.56,0.25,23.7279,31.1032,20.7822,2.1583,4677.91,22.0,calce_cs2,0.7219,-0.0045999999999999375,-0.0021199999999999886,9.103200000000001,1.4571
CS2_36,488,0.7193,0.6629,3.4562,4.2,2.7537,0.4288,-0.5471,0.0,-0.56,0.25,24.0505,31.2618,21.0687,2.09,4690.41,22.0,calce_cs2,0.7173,0.0020000000000000018,-0.0010999999999999899,9.261800000000001,1.4463000000000004
CS2_36,489,0.7202,0.6638,3.4455,4.2,2.7541,0.4289,-0.5542,0.0,-0.56,0.25,23.8804,31.5706,20.9307,2.0828,4716.2,22.0,calce_cs2,0.7193,0.0008999999999999009,-0.0007400000000000074,9.570599999999999,1.4459
CS2_36,490,0.715,0.6589,3.4576,4.2,2.7439,0.429,-0.5465,0.0,-0.56,0.25,24.0162,31.2965,21.0444,2.0919,4694.8,22.0,calce_cs2,0.7202,-0.005199999999999982,-0.0014000000000000013,9.296500000000002,1.4561000000000002
CS2_36,491,0.7181,0.6619,3.4449,4.2,2.7615,0.4291,-0.5519,0.0,-0.56,0.25,23.8491,31.1379,20.9808,2.1302,4692.44,22.0,calce_cs2,0.715,0.0030999999999999917,-0.0007600000000000051,9.137899999999998,1.4385000000000003
CS2_36,492,0.7156,0.6596,3.4478,4.2,2.7555,0.4292,-0.5456,0.0,-0.56,0.25,23.9113,31.4281,21.0588,2.1105,4666.09,22.0,calce_cs2,0.7181,-0.0024999999999999467,-0.00034000000000000696,9.4281,1.4445000000000001
CS2_36,493,0.7133,0.6575,3.449,4.2,2.7547,0.4293,-0.5568,0.0,-0.56,0.25,23.9321,31.2907,21.1002,2.1291,4659.79,22.0,calce_cs2,0.7156,-0.0022999999999999687,-0.001200000000000001,9.290700000000001,1.4453
CS2_36,494,0.7114,0.6557,3.4406,4.2,2.7534,0.4294,-0.5481,0.0,-0.56,0.25,23.819,31.3617,21.1188,2.1205,4679.15,22.0,calce_cs2,0.7133,-0.0019000000000000128,-0.0017599999999999838,9.361699999999999,1.4466
CS2_36,495,0.7072,0.6518,3.4512,4.2,2.7543,0.4295,-0.5585,0.0,-0.56,0.25,23.971,31.3392,21.1088,2.1472,4638.12,22.0,calce_cs2,0.7114,-0.0041999999999999815,-0.0015599999999999837,9.339200000000002,1.4457
CS2_36,496,0.7059,0.6506,3.4522,4.2,2.7433,0.4296,-0.5525,0.0,-0.56,0.25,23.8409,31.5656,21.0593,2.1094,4631.2,22.0,calce_cs2,0.7072,-0.0013000000000000789,-0.0024399999999999977,9.5656,1.4567
CS2_36,497,0.7037,0.6485,3.4595,4.2,2.7504,0.4297,-0.5461,0.0,-0.56,0.25,23.9512,31.5724,20.8832,2.1117,4621.71,22.0,calce_cs2,0.7059,-0.0021999999999999797,-0.0023800000000000045,9.572399999999998,1.4496000000000002
CS2_36,498,0.7018,0.6468,3.4602,4.2,2.7414,0.4298,-0.5436,0.0,-0.56,0.25,24.0314,31.6307,20.982,2.0763,4596.0,22.0,calce_cs2,0.7037,-0.0019000000000000128,-0.002300000000000013,9.630700000000001,1.4586000000000001
CS2_36,499,0.7032,0.6481,3.4593,4.2,2.7445,0.4299,-0.5548,0.0,-0.56,0.25,23.8623,31.5586,20.8853,1.9846,4613.29,22.0,calce_cs2,0.7018,0.0014000000000000679,-0.001639999999999997,9.558599999999998,1.4555000000000002
CS2_36,500,0.7022,0.6472,3.4501,4.2,2.7392,0.43,-0.5513,0.0,-0.56,0.25,23.8207,31.4772,21.0858,2.1356,4570.25,22.0,calce_cs2,0.7032,-0.0010000000000000009,-0.0010000000000000009,9.4772,1.4608000000000003
CS2_36,501,0.6987,0.6439,3.4529,4.2,2.7439,0.4301,-0.5439,0.0,-0.56,0.25,23.9278,31.1462,21.1174,2.0469,4590.14,22.0,calce_cs2,0.7022,-0.0035000000000000586,-0.0014399999999999968,9.1462,1.4561000000000002
CS2_36,502,0.6936,0.6392,3.4515,4.2,2.7543,0.4302,-0.5457,0.0,-0.56,0.25,23.7852,31.4544,21.0092,2.0801,4547.16,22.0,calce_cs2,0.6987,-0.005099999999999993,-0.0020199999999999997,9.4544,1.4457
CS2_36,503,0.6979,0.6432,3.4546,4.2,2.7454,0.4303,-0.5463,0.0,-0.56,0.25,23.9795,31.3159,20.965,2.162,4549.15,22.0,calce_cs2,0.6936,0.0042999999999999705,-0.0007800000000000029,9.3159,1.4546000000000001
CS2_36,504,0.6978,0.6431,3.4521,4.2,2.7551,0.4304,-0.5574,0.0,-0.56,0.25,24.0356,31.5424,21.0583,2.0556,4549.83,22.0,calce_cs2,0.6979,-9.999999999998899e-05,-0.0010800000000000143,9.5424,1.4449
CS2_36,505,0.6922,0.638,3.4523,4.2,2.7481,0.4305,-0.5426,0.0,-0.56,0.25,24.1374,31.4942,20.7943,2.0674,4529.09,22.0,calce_cs2,0.6978,-0.005599999999999938,-0.0020000000000000018,9.4942,1.4519000000000002
CS2_36,506,0.6894,0.6354,3.453,4.2,2.7457,0.4306,-0.552,0.0,-0.56,0.25,24.185,31.2096,21.1048,2.1306,4537.81,22.0,calce_cs2,0.6922,-0.0028000000000000247,-0.001859999999999995,9.209599999999998,1.4543000000000004
CS2_36,507,0.6871,0.6332,3.4504,4.2,2.7551,0.4307,-0.5547,0.0,-0.56,0.25,23.9558,31.6921,20.9593,2.1589,4484.87,22.0,calce_cs2,0.6894,-0.0022999999999999687,-0.00129999999999999,9.6921,1.4449
CS2_36,508,0.6848,0.6312,3.4464,4.2,2.7573,0.4308,-0.5444,0.0,-0.56,0.25,23.9494,31.3597,20.8917,2.1214,4500.47,22.0,calce_cs2,0.6871,-0.0023000000000000798,-0.00262,9.3597,1.4427000000000003
CS2_36,509,0.688,0.6341,3.4473,4.2,2.7572,0.4309,-0.5405,0.0,-0.56,0.25,23.8901,31.4106,20.9784,2.1432,4503.64,22.0,calce_cs2,0.6848,0.0031999999999999806,-0.001960000000000006,9.410599999999999,1.4428
CS2_36,510,0.6844,0.6308,3.4374,4.2,2.7493,0.431,-0.5422,0.0,-0.56,0.25,24.0333,31.5476,20.9798,2.155,4494.62,22.0,calce_cs2,0.688,-0.0035999999999999366,-0.0015600000000000058,9.5476,1.4507000000000003
CS2_36,511,0.6841,0.6305,3.4379,4.2,2.7493,0.4311,-0.5446,0.0,-0.56,0.25,24.126,31.7761,20.9532,2.0553,4477.39,22.0,calce_cs2,0.6844,-0.00029999999999996696,-0.0010599999999999943,9.7761,1.4507000000000003
CS2_36,512,0.6783,0.6252,3.4495,4.2,2.7473,0.4312,-0.5422,0.0,-0.56,0.25,24.0254,31.696,20.9493,2.1118,4437.94,22.0,calce_cs2,0.6841,-0.005800000000000027,-0.001760000000000006,9.696000000000002,1.4527
CS2_36,513,0.678,0.6249,3.4496,4.2,2.7493,0.4313,-0.5479,0.0,-0.56,0.25,24.031,31.5778,20.9684,2.0669,4478.35,22.0,calce_cs2,0.6783,-0.00029999999999996696,-0.0013599999999999834,9.5778,1.4507000000000003
CS2_36,514,0.6791,0.6259,3.4371,4.2,2.7553,0.4314,-0.5488,0.0,-0.56,0.25,24.0393,31.591,21.064,2.0839,4435.87,22.0,calce_cs2,0.678,0.0010999999999999899,-0.0017799999999999817,9.591000000000001,1.4447
CS2_36,515,0.6765,0.6235,3.4355,4.2,2.7443,0.4315,-0.5515,0.0,-0.56,0.25,24.0042,31.5325,21.0783,2.0799,4443.27,22.0,calce_cs2,0.6791,-0.0026000000000000467,-0.0015800000000000037,9.532499999999999,1.4557000000000002
CS2_36,516,0.6742,0.6214,3.4474,4.2,2.7538,0.4316,-0.5463,0.0,-0.56,0.25,24.1383,31.5036,21.1377,2.0763,4432.29,22.0,calce_cs2,0.6765,-0.0022999999999999687,-0.001980000000000004,9.503599999999999,1.4462000000000002
CS2_36,517,0.6745,0.6217,3.452,4.2,2.749,0.4317,-0.5494,0.0,-0.56,0.25,23.9618,31.655,21.0931,2.1379,4407.2,22.0,calce_cs2,0.6742,0.00029999999999996696,-0.0007600000000000051,9.655000000000001,1.451
CS2_36,518,0.6692,0.6168,3.4494,4.2,2.7504,0.4318,-0.5514,0.0,-0.56,0.25,24.0355,31.4381,20.9448,2.183,4392.01,22.0,calce_cs2,0.6745,-0.005299999999999971,-0.001760000000000006,9.438099999999999,1.4496000000000002
CS2_36,519,0.6686,0.6162,3.4404,4.2,2.7516,0.4319,-0.5486,0.0,-0.56,0.25,24.0095,31.4486,20.9864,2.1774,4370.04,22.0,calce_cs2,0.6692,-0.0006000000000000449,-0.002100000000000013,9.448599999999999,1.4484000000000004
CS2_36,520,0.6681,0.6158,3.4454,4.2,2.7459,0.432,-0.5519,0.0,-0.56,0.25,24.0135,31.4387,21.0129,2.0841,4363.13,22.0,calce_cs2,0.6686,-0.0004999999999999449,-0.0016799999999999927,9.4387,1.4541000000000004
CS2_36,521,0.6681,0.6157,3.4384,4.2,2.7547,0.4321,-0.5507,0.0,-0.56,0.25,24.1447,31.5393,20.9606,2.0873,4390.4,22.0,calce_cs2,0.6681,0.0,-0.0012199999999999989,9.5393,1.4453
CS2_36,522,0.6639,0.6119,3.4411,4.2,2.7489,0.4322,-0.5406,0.0,-0.56,0.25,24.075,31.6822,20.957,2.1096,4351.46,22.0,calce_cs2,0.6681,-0.0041999999999999815,-0.0021199999999999886,9.682200000000002,1.4511000000000003
CS2_36,523,0.6627,0.6108,3.4442,4.2,2.755,0.4323,-0.5578,0.0,-0.56,0.25,23.8399,31.5285,21.0861,2.1291,4358.86,22.0,calce_cs2,0.6639,-0.0012000000000000899,-0.0013000000000000123,9.528500000000001,1.4450000000000003
CS2_36,524,0.6628,0.6109,3.4327,4.2,2.7574,0.4324,-0.5543,0.0,-0.56,0.25,23.9929,31.5002,20.8949,2.0896,4366.1,22.0,calce_cs2,0.6627,9.999999999998899e-05,-0.0011600000000000054,9.5002,1.4426
CS2_36,525,0.663,0.611,3.4422,4.2,2.7546,0.4325,-0.5439,0.0,-0.56,0.25,24.2097,31.4714,21.0369,2.1006,4348.77,22.0,calce_cs2,0.6628,0.000200000000000089,-0.0010199999999999988,9.4714,1.4454000000000002
CS2_36,526,0.6575,0.6059,3.4479,4.2,2.7507,0.4326,-0.5573,0.0,-0.56,0.25,24.1917,31.5927,21.0241,1.9778,4308.29,22.0,calce_cs2,0.663,-0.00550000000000006,-0.0021200000000000108,9.5927,1.4493
CS2_36,527,0.6546,0.6033,3.451,4.2,2.7469,0.4327,-0.5497,0.0,-0.56,0.25,24.0365,31.4629,20.8823,2.1406,4294.21,22.0,calce_cs2,0.6575,-0.0029000000000000137,-0.0018600000000000172,9.462900000000001,1.4531
CS2_36,528,0.6589,0.6073,3.4367,4.2,2.7423,0.4328,-0.5416,0.0,-0.56,0.25,24.181,31.7745,21.0981,2.0538,4323.9,22.0,calce_cs2,0.6546,0.0043000000000000815,-0.0007599999999999829,9.7745,1.4577
CS2_36,529,0.6515,0.6005,3.4316,4.2,2.752,0.4329,-0.5579,0.0,-0.56,0.25,23.9657,31.6894,21.0331,2.0484,4267.92,22.0,calce_cs2,0.6589,-0.007400000000000073,-0.0022599999999999955,9.6894,1.4480000000000004
CS2_36,530,0.6498,0.5989,3.4386,4.2,2.7567,0.433,-0.5554,0.0,-0.56,0.25,23.9628,31.6036,20.9986,2.0542,4254.86,22.0,calce_cs2,0.6515,-0.0016999999999999238,-0.002639999999999998,9.6036,1.4433000000000002
CS2_36,531,0.6562,0.6048,3.4408,4.2,2.7537,0.4331,-0.5478,0.0,-0.56,0.25,24.2076,31.5337,21.0311,2.0178,4289.77,22.0,calce_cs2,0.6498,0.006399999999999961,-0.0002599999999999936,9.5337,1.4463000000000004
CS2_36,532,0.6451,0.5945,3.4469,4.2,2.7511,0.4332,-0.5513,0.0,-0.56,0.25,24.0416,31.7674,21.1588,2.0919,4191.28,22.0,calce_cs2,0.6562,-0.011099999999999999,-0.0018999999999999907,9.767399999999999,1.4489
CS2_36,533,0.6495,0.5987,3.4319,4.2,2.7477,0.4333,-0.5537,0.0,-0.56,0.25,24.1887,31.2255,21.02,2.1232,4244.18,22.0,calce_cs2,0.6451,0.0043999999999999595,-0.001880000000000015,9.2255,1.4523000000000001
CS2_36,534,0.6376,0.5876,3.4454,4.2,2.7596,0.4334,-0.5433,0.0,-0.56,0.25,24.0657,31.9247,21.1363,2.152,4155.22,22.0,calce_cs2,0.6495,-0.011900000000000022,-0.0027800000000000047,9.924700000000001,1.4404000000000003
CS2_36,535,0.6407,0.5905,3.4404,4.2,2.7497,0.4335,-0.5425,0.0,-0.56,0.25,24.0877,31.7366,21.0276,2.1386,4205.94,22.0,calce_cs2,0.6376,0.0031000000000001027,-0.0018199999999999994,9.7366,1.4503000000000004
CS2_36,536,0.6418,0.5916,3.4325,4.2,2.7477,0.4336,-0.5426,0.0,-0.56,0.25,24.1499,31.6933,21.0245,2.094,4203.22,22.0,calce_cs2,0.6407,0.0010999999999999899,-0.0028799999999999937,9.6933,1.4523000000000001
CS2_36,537,0.644,0.5936,3.4366,4.2,2.7471,0.4337,-0.5548,0.0,-0.56,0.25,23.8615,31.5082,21.2144,2.0789,4207.53,22.0,calce_cs2,0.6418,0.0021999999999999797,-0.00021999999999999797,9.508199999999999,1.4529
CS2_36,538,0.6379,0.5879,3.4363,4.2,2.7551,0.4338,-0.5496,0.0,-0.56,0.25,24.0817,31.7523,20.91,1.9874,4190.11,22.0,calce_cs2,0.644,-0.006099999999999994,-0.0023199999999999887,9.752300000000002,1.4449
CS2_36,539,0.6344,0.5847,3.4417,4.2,2.7488,0.4339,-0.5568,0.0,-0.56,0.25,24.1374,31.7492,21.0179,2.1501,4147.99,22.0,calce_cs2,0.6379,-0.0035000000000000586,-0.0006399999999999961,9.749199999999998,1.4512
CS2_36,540,0.6317,0.5822,3.4376,4.2,2.755,0.434,-0.543,0.0,-0.56,0.25,24.0721,31.475,21.0563,2.1245,4140.76,22.0,calce_cs2,0.6344,-0.0026999999999999247,-0.0018000000000000017,9.475000000000001,1.4450000000000003
CS2_36,541,0.6327,0.5831,3.4297,4.2,2.745,0.4341,-0.5523,0.0,-0.56,0.25,24.081,31.7869,21.0442,2.206,4135.93,22.0,calce_cs2,0.6317,0.0010000000000000009,-0.0018199999999999994,9.7869,1.455
CS2_36,542,0.6282,0.579,3.4366,4.2,2.7515,0.4342,-0.5477,0.0,-0.56,0.25,24.0193,31.7445,20.9805,2.0035,4118.35,22.0,calce_cs2,0.6327,-0.0045000000000000595,-0.0031600000000000074,9.744499999999999,1.4485000000000001
CS2_36,543,0.6282,0.5789,3.4318,4.2,2.7561,0.4343,-0.5433,0.0,-0.56,0.25,24.2647,31.7261,20.9516,2.1168,4106.56,22.0,calce_cs2,0.6282,0.0,-0.0019400000000000083,9.726099999999999,1.4439000000000002
CS2_36,544,0.6279,0.5787,3.4352,4.2,2.7529,0.4344,-0.5549,0.0,-0.56,0.25,24.1848,31.9837,21.2885,2.0033,4131.74,22.0,calce_cs2,0.6282,-0.00029999999999996696,-0.00129999999999999,9.983699999999999,1.4471000000000003
CS2_36,545,0.6227,0.574,3.4324,4.2,2.7549,0.4345,-0.5483,0.0,-0.56,0.25,23.9969,31.6176,20.9281,2.1484,4053.68,22.0,calce_cs2,0.6279,-0.005199999999999982,-0.0018000000000000017,9.6176,1.4451
CS2_36,546,0.6215,0.5728,3.427,4.2,2.7585,0.4346,-0.5518,0.0,-0.56,0.25,24.1247,31.6172,20.902,2.0856,4092.42,22.0,calce_cs2,0.6227,-0.0011999999999999789,-0.0022399999999999976,9.6172,1.4415
CS2_36,547,0.6194,0.5709,3.4298,4.2,2.7569,0.4347,-0.5532,0.0,-0.56,0.25,24.1087,31.8031,20.9877,2.0676,4038.38,22.0,calce_cs2,0.6215,-0.002100000000000102,-0.001760000000000006,9.8031,1.4431000000000003
CS2_36,548,0.6169,0.5686,3.4392,4.2,2.7514,0.4348,-0.5473,0.0,-0.56,0.25,24.1168,31.8462,20.8485,2.1874,4061.31,22.0,calce_cs2,0.6194,-0.0024999999999999467,-0.0022599999999999955,9.8462,1.4486000000000003
CS2_36,549,0.6185,0.57,3.4345,4.2,2.7514,0.4349,-0.5432,0.0,-0.56,0.25,23.9438,31.6284,20.9497,2.1367,4059.96,22.0,calce_cs2,0.6169,0.0016000000000000458,-0.0018799999999999928,9.6284,1.4486000000000003
CS2_36,550,0.6142,0.5661,3.4271,4.2,2.7541,0.435,-0.5613,0.0,-0.56,0.25,23.98,31.4886,21.1877,2.1084,4031.12,22.0,calce_cs2,0.6185,-0.0043000000000000815,-0.0017000000000000127,9.488600000000002,1.4459
CS2_36,551,0.6161,0.5678,3.4229,4.2,2.7513,0.4351,-0.5473,0.0,-0.56,0.25,24.1395,31.6129,21.1007,2.1387,4033.09,22.0,calce_cs2,0.6142,0.0019000000000000128,-0.0010800000000000143,9.6129,1.4487
CS2_36,552,0.6104,0.5625,3.4306,4.2,2.7568,0.4352,-0.5532,0.0,-0.56,0.25,24.2539,31.7977,20.9229,2.0106,3971.5,22.0,calce_cs2,0.6161,-0.005699999999999927,-0.0017999999999999794,9.797699999999999,1.4432
CS2_36,553,0.613,0.565,3.43,4.2,2.7514,0.4353,-0.5521,0.0,-0.56,0.25,24.3171,31.7797,20.9551,2.1681,4000.21,22.0,calce_cs2,0.6104,0.0025999999999999357,-0.0007800000000000029,9.779699999999998,1.4486000000000003
CS2_36,554,0.6062,0.5587,3.4281,4.2,2.7462,0.4354,-0.5478,0.0,-0.56,0.25,24.1925,31.8286,21.0525,2.1371,3957.21,22.0,calce_cs2,0.613,-0.006800000000000028,-0.0024600000000000177,9.828600000000002,1.4538000000000002
CS2_36,555,0.611,0.5631,3.4278,4.2,2.7513,0.4355,-0.5463,0.0,-0.56,0.25,24.3187,31.8929,20.9802,2.0924,3990.15,22.0,calce_cs2,0.6062,0.0048000000000000265,-0.0006399999999999961,9.892900000000001,1.4487
CS2_36,556,0.6035,0.5562,3.4346,4.2,2.7444,0.4356,-0.5501,0.0,-0.56,0.25,23.9212,31.8593,21.0761,2.1481,3934.61,22.0,calce_cs2,0.611,-0.007499999999999951,-0.002519999999999989,9.859300000000001,1.4556
CS2_36,557,0.6009,0.5539,3.4313,4.2,2.7491,0.4357,-0.5492,0.0,-0.56,0.25,24.167,31.8022,20.99,2.0887,3928.4,22.0,calce_cs2,0.6035,-0.0026000000000000467,-0.0019000000000000128,9.8022,1.4509000000000003
CS2_36,558,0.5982,0.5513,3.4351,4.2,2.7507,0.4358,-0.5472,0.0,-0.56,0.25,24.0598,31.8243,21.0417,2.1238,3927.4,22.0,calce_cs2,0.6009,-0.0027000000000000357,-0.002960000000000007,9.824300000000001,1.4493
CS2_36,559,0.6036,0.5563,3.4211,4.2,2.7571,0.4359,-0.547,0.0,-0.56,0.25,24.2546,31.6933,20.9218,2.0499,3961.05,22.0,calce_cs2,0.5982,0.005400000000000071,-0.0005199999999999872,9.6933,1.4429000000000003
CS2_36,560,0.5942,0.5477,3.4289,4.2,2.7562,0.436,-0.547,0.0,-0.56,0.25,24.1294,31.7049,20.9376,2.1065,3886.5,22.0,calce_cs2,0.6036,-0.009400000000000075,-0.0033600000000000075,9.704899999999999,1.4438
CS2_36,561,0.5941,0.5475,3.4204,4.2,2.751,0.4361,-0.5514,0.0,-0.56,0.25,24.0171,31.9366,20.989,2.145,3902.74,22.0,calce_cs2,0.5942,-9.999999999998899e-05,-0.001880000000000015,9.936599999999999,1.4490000000000003
CS2_36,562,0.5951,0.5484,3.4249,4.2,2.7594,0.4362,-0.5496,0.0,-0.56,0.25,24.1167,31.7947,20.9527,2.0803,3909.39,22.0,calce_cs2,0.5941,0.0010000000000000009,-0.0011600000000000054,9.794699999999999,1.4406000000000003
CS2_36,563,0.5896,0.5434,3.4328,4.2,2.7473,0.4363,-0.5507,0.0,-0.56,0.25,24.2158,31.9901,20.848,2.1437,3832.01,22.0,calce_cs2,0.5951,-0.005499999999999949,-0.0017199999999999882,9.990100000000002,1.4527
CS2_36,564,0.5884,0.5423,3.4165,4.2,2.7465,0.4364,-0.5638,0.0,-0.56,0.25,24.2583,31.8129,21.1839,2.1339,3858.18,22.0,calce_cs2,0.5896,-0.0011999999999999789,-0.0030399999999999984,9.812899999999999,1.4535
CS2_36,565,0.5951,0.5485,3.4141,4.2,2.754,0.4365,-0.5491,0.0,-0.56,0.25,24.3899,31.619,20.9441,2.131,3901.17,22.0,calce_cs2,0.5884,0.006699999999999928,0.00018000000000000237,9.619,1.4460000000000002
CS2_36,566,0.5869,0.541,3.4217,4.2,2.7434,0.4366,-0.5411,0.0,-0.56,0.25,24.1341,32.0212,20.9629,2.1544,3824.62,22.0,calce_cs2,0.5951,-0.008199999999999985,-0.0014399999999999968,10.0212,1.4566000000000003
CS2_36,567,0.5831,0.5374,3.424,4.2,2.7431,0.4367,-0.5513,0.0,-0.56,0.25,24.2119,31.7543,21.0704,2.029,3826.08,22.0,calce_cs2,0.5869,-0.0038000000000000256,-0.002400000000000002,9.7543,1.4569
CS2_36,568,0.5816,0.536,3.4262,4.2,2.7486,0.4368,-0.5555,0.0,-0.56,0.25,24.1846,31.8609,21.0718,2.1221,3797.6,22.0,calce_cs2,0.5831,-0.0014999999999999458,-0.0016000000000000014,9.8609,1.4514
CS2_36,569,0.5795,0.5341,3.4249,4.2,2.746,0.4369,-0.5505,0.0,-0.56,0.25,24.0144,31.8501,21.1358,2.0514,3783.11,22.0,calce_cs2,0.5816,-0.0020999999999999908,-0.0017800000000000038,9.850100000000001,1.4540000000000002
CS2_36,570,0.5777,0.5324,3.4282,4.2,2.756,0.437,-0.5455,0.0,-0.56,0.25,24.1517,31.7339,20.9497,2.1194,3771.04,22.0,calce_cs2,0.5795,-0.0018000000000000238,-0.0034799999999999944,9.733899999999998,1.4440000000000004
CS2_36,571,0.5774,0.5322,3.422,4.2,2.7459,0.4371,-0.5515,0.0,-0.56,0.25,24.1649,31.676,21.1347,2.0203,3743.03,22.0,calce_cs2,0.5777,-0.00029999999999996696,-0.0018999999999999907,9.675999999999998,1.4541000000000004
CS2_36,572,0.574,0.5291,3.4159,4.2,2.757,0.4372,-0.5504,0.0,-0.56,0.25,24.0171,31.8656,20.796,2.0696,3747.59,22.0,calce_cs2,0.5774,-0.0034000000000000696,-0.0018199999999999994,9.8656,1.443
CS2_36,573,0.5735,0.5285,3.4243,4.2,2.7505,0.4373,-0.5521,0.0,-0.56,0.25,24.4441,31.7385,20.9806,2.1139,3778.77,22.0,calce_cs2,0.574,-0.0004999999999999449,-0.0016199999999999993,9.738499999999998,1.4495
CS2_36,574,0.5673,0.5229,3.4239,4.2,2.7379,0.4374,-0.5504,0.0,-0.56,0.25,24.099,32.0817,21.0137,2.0299,3704.69,22.0,calce_cs2,0.5735,-0.006199999999999983,-0.0024399999999999977,10.081699999999998,1.4621000000000004
CS2_36,575,0.5695,0.5249,3.4115,4.2,2.7501,0.4375,-0.5488,0.0,-0.56,0.25,24.1492,31.6857,20.9975,2.0791,3723.86,22.0,calce_cs2,0.5673,0.0021999999999999797,-0.001639999999999997,9.6857,1.4499
CS2_36,576,0.5715,0.5267,3.4315,4.2,2.759,0.4376,-0.5489,0.0,-0.56,0.25,23.9953,31.8232,20.9831,2.1223,3744.66,22.0,calce_cs2,0.5695,0.0020000000000000018,-0.0011800000000000033,9.8232,1.4410000000000003
CS2_36,577,0.5631,0.519,3.4097,4.2,2.7435,0.4377,-0.5459,0.0,-0.56,0.25,24.4464,32.1621,21.0124,2.1713,3693.19,22.0,calce_cs2,0.5715,-0.008399999999999963,-0.002179999999999982,10.162100000000002,1.4565000000000001
CS2_36,578,0.5602,0.5163,3.4129,4.2,2.7548,0.4378,-0.5484,0.0,-0.56,0.25,24.2546,31.9242,20.996,2.1271,3664.32,22.0,calce_cs2,0.5631,-0.0029000000000000137,-0.0026599999999999957,9.924199999999999,1.4452000000000003
CS2_36,579,0.5589,0.5152,3.4075,4.2,2.7471,0.4379,-0.5564,0.0,-0.56,0.25,24.3169,31.8574,21.0497,2.08,3666.71,22.0,calce_cs2,0.5602,-0.0013000000000000789,-0.0016800000000000148,9.857399999999998,1.4529
CS2_36,580,0.5626,0.5185,3.4144,4.2,2.7499,0.438,-0.5518,0.0,-0.56,0.25,24.2462,31.9902,21.0444,2.1332,3683.44,22.0,calce_cs2,0.5589,0.0037000000000000366,-0.0013800000000000034,9.990200000000002,1.4501000000000004
CS2_36,581,0.5575,0.5138,3.4197,4.2,2.7466,0.4381,-0.55,0.0,-0.56,0.25,24.4561,32.1655,20.949,2.0945,3657.21,22.0,calce_cs2,0.5626,-0.005099999999999993,-0.0028000000000000026,10.165500000000002,1.4534000000000002
CS2_36,582,0.5562,0.5126,3.4167,4.2,2.7523,0.4382,-0.5638,0.0,-0.56,0.25,24.4315,32.0196,20.962,2.0577,3632.98,22.0,calce_cs2,0.5575,-0.0012999999999999678,-0.0013800000000000034,10.019599999999997,1.4477000000000002
CS2_36,583,0.5534,0.5101,3.4215,4.2,2.7524,0.4383,-0.552,0.0,-0.56,0.25,24.4223,31.7825,21.07,2.0611,3636.32,22.0,calce_cs2,0.5562,-0.0028000000000000247,-0.0013600000000000057,9.782499999999999,1.4476
CS2_36,584,0.5542,0.5108,3.4183,4.2,2.7551,0.4384,-0.5519,0.0,-0.56,0.25,24.2967,31.8853,21.0082,2.0961,3603.26,22.0,calce_cs2,0.5534,0.0008000000000000229,-0.0009399999999999853,9.8853,1.4449
CS2_36,585,0.5513,0.5081,3.4137,4.2,2.7523,0.4385,-0.5546,0.0,-0.56,0.25,24.6499,31.6659,20.819,2.1006,3598.81,22.0,calce_cs2,0.5542,-0.0029000000000000137,-0.0022599999999999955,9.6659,1.4477000000000002
CS2_36,586,0.5451,0.5024,3.4096,4.2,2.7472,0.4386,-0.5598,0.0,-0.56,0.25,24.1304,31.9274,21.0088,2.0286,3582.43,22.0,calce_cs2,0.5513,-0.006199999999999983,-0.0024799999999999935,9.927399999999999,1.4528000000000003
CS2_36,587,0.5448,0.5021,3.4139,4.2,2.7431,0.4387,-0.5444,0.0,-0.56,0.25,24.2821,31.8512,20.9992,2.1027,3558.41,22.0,calce_cs2,0.5451,-0.000300000000000078,-0.0022800000000000155,9.851199999999999,1.4569
CS2_36,588,0.5431,0.5005,3.4085,4.2,2.7486,0.4388,-0.5508,0.0,-0.56,0.25,24.3867,32.0283,21.0411,1.9696,3559.64,22.0,calce_cs2,0.5448,-0.0016999999999999238,-0.002059999999999995,10.028300000000002,1.4514
CS2_36,589,0.5395,0.4973,3.4068,4.2,2.749,0.4389,-0.551,0.0,-0.56,0.25,24.396,32.1056,20.9799,2.0478,3505.64,22.0,calce_cs2,0.5431,-0.0036000000000000476,-0.0029400000000000094,10.105600000000003,1.451
CS2_36,590,0.5385,0.4963,3.4143,4.2,2.7482,0.439,-0.5549,0.0,-0.56,0.25,24.2668,32.1842,21.1486,2.1155,3550.72,22.0,calce_cs2,0.5395,-0.0010000000000000009,-0.0025600000000000067,10.184199999999997,1.4518
CS2_36,591,0.5379,0.4958,3.4161,4.2,2.7469,0.4391,-0.5494,0.0,-0.56,0.25,24.338,31.9989,20.9869,2.1081,3514.11,22.0,calce_cs2,0.5385,-0.0005999999999999339,-0.0014399999999999968,9.998899999999999,1.4531
CS2_36,592,0.5407,0.4983,3.4195,4.2,2.7561,0.4392,-0.5528,0.0,-0.56,0.25,24.3612,31.9908,21.0558,2.0467,3548.41,22.0,calce_cs2,0.5379,0.0027999999999999137,-0.0008199999999999985,9.9908,1.4439000000000002
CS2_36,593,0.5309,0.4893,3.4127,4.2,2.7427,0.4393,-0.5506,0.0,-0.56,0.25,24.2515,32.0289,21.0437,2.1016,3458.37,22.0,calce_cs2,0.5407,-0.00979999999999992,-0.0024399999999999977,10.0289,1.4573
CS2_36,594,0.5325,0.4908,3.4137,4.2,2.7447,0.4394,-0.5542,0.0,-0.56,0.25,24.2678,32.1433,21.0185,2.0774,3502.4,22.0,calce_cs2,0.5309,0.0015999999999999348,-0.0014000000000000013,10.143300000000004,1.4553000000000003
CS2_36,595,0.5307,0.4891,3.3954,4.2,2.7474,0.4395,-0.5453,0.0,-0.56,0.25,24.5832,31.9879,20.8925,2.1356,3450.41,22.0,calce_cs2,0.5325,-0.0018000000000000238,-0.0015600000000000058,9.9879,1.4526000000000003
CS2_36,596,0.5275,0.4862,3.4121,4.2,2.7522,0.4396,-0.5541,0.0,-0.56,0.25,24.3462,31.814,21.1287,2.0981,3459.63,22.0,calce_cs2,0.5307,-0.0031999999999999806,-0.002080000000000015,9.814,1.4478
CS2_36,597,0.5237,0.4826,3.4037,4.2,2.7486,0.4397,-0.5586,0.0,-0.56,0.25,24.3208,32.0413,21.0377,2.035,3424.76,22.0,calce_cs2,0.5275,-0.0037999999999999146,-0.0033999999999999807,10.0413,1.4514
CS2_36,598,0.5206,0.4798,3.4194,4.2,2.7429,0.4398,-0.5442,0.0,-0.56,0.25,24.1891,32.0504,21.1067,2.1081,3418.02,22.0,calce_cs2,0.5237,-0.0031000000000001027,-0.0020600000000000175,10.050400000000003,1.4571
CS2_36,599,0.528,0.4866,3.4064,4.2,2.7407,0.4399,-0.549,0.0,-0.56,0.25,24.1787,32.2224,20.8704,2.0706,3468.59,22.0,calce_cs2,0.5206,0.007400000000000073,-0.0008999999999999897,10.2224,1.4593000000000003
CS2_36,600,0.5202,0.4794,3.406,4.2,2.7592,0.44,-0.5385,0.0,-0.56,0.25,24.2859,32.1546,21.0117,2.0476,3383.19,22.0,calce_cs2,0.528,-0.007800000000000029,-0.0020999999999999908,10.154600000000002,1.4408000000000003
CS2_36,601,0.5156,0.4752,3.4083,4.2,2.7539,0.4401,-0.5542,0.0,-0.56,0.25,24.1228,31.6762,21.1025,2.1296,3360.31,22.0,calce_cs2,0.5202,-0.0046000000000000485,-0.0023800000000000045,9.676200000000001,1.4461000000000004
CS2_36,602,0.5158,0.4754,3.3961,4.2,2.7489,0.4402,-0.5399,0.0,-0.56,0.25,24.4296,31.8222,20.8704,2.1845,3387.09,22.0,calce_cs2,0.5156,0.000200000000000089,-0.0015800000000000037,9.822199999999999,1.4511000000000003
CS2_36,603,0.5145,0.4742,3.4126,4.2,2.7599,0.4403,-0.5542,0.0,-0.56,0.25,24.1846,32.0253,21.0624,2.0447,3381.56,22.0,calce_cs2,0.5158,-0.0013000000000000789,-0.0012199999999999989,10.025300000000001,1.4401000000000002
CS2_36,604,0.5121,0.472,3.4099,4.2,2.7538,0.4404,-0.543,0.0,-0.56,0.25,24.4725,31.8563,20.9616,2.0971,3357.85,22.0,calce_cs2,0.5145,-0.0023999999999999577,-0.003180000000000005,9.856300000000001,1.4462000000000002
CS2_36,605,0.5121,0.472,3.4118,4.2,2.7553,0.4405,-0.5534,0.0,-0.56,0.25,24.5125,32.1136,21.1094,2.0878,3342.55,22.0,calce_cs2,0.5121,0.0,-0.0016199999999999993,10.113599999999998,1.4447
CS2_36,606,0.5046,0.4651,3.407,4.2,2.7405,0.4406,-0.5412,0.0,-0.56,0.25,24.4467,32.1382,21.1411,2.1236,3301.31,22.0,calce_cs2,0.5121,-0.007499999999999951,-0.0021999999999999797,10.138199999999998,1.4595000000000002
CS2_36,607,0.5095,0.4696,3.4082,4.2,2.7456,0.4407,-0.5547,0.0,-0.56,0.25,24.4832,32.2691,21.1446,2.0477,3326.39,22.0,calce_cs2,0.5046,0.004899999999999904,-0.0012600000000000167,10.269100000000002,1.4544000000000001
CS2_36,608,0.5048,0.4653,3.399,4.2,2.7538,0.4408,-0.5467,0.0,-0.56,0.25,24.2595,32.0513,20.8967,2.0577,3292.26,22.0,calce_cs2,0.5095,-0.0046999999999999265,-0.0019399999999999862,10.051299999999998,1.4462000000000002
CS2_36,609,0.4993,0.4602,3.4116,4.2,2.7526,0.4409,-0.5547,0.0,-0.56,0.25,24.2049,31.9969,21.0395,2.0614,3300.22,22.0,calce_cs2,0.5048,-0.005500000000000005,-0.0025599999999999954,9.9969,1.4474
CS2_36,610,0.4989,0.4598,3.4077,4.2,2.753,0.441,-0.5419,0.0,-0.56,0.25,24.4786,31.9821,20.7911,2.1555,3265.16,22.0,calce_cs2,0.4993,-0.00040000000000001146,-0.002639999999999998,9.982099999999999,1.447
CS2_36,611,0.4969,0.458,3.3965,4.2,2.7506,0.4411,-0.5559,0.0,-0.56,0.25,24.4056,32.2149,20.9727,2.0644,3263.93,22.0,calce_cs2,0.4989,-0.0020000000000000018,-0.001540000000000008,10.2149,1.4494000000000002
CS2_36,612,0.4951,0.4563,3.4022,4.2,2.7578,0.4412,-0.5458,0.0,-0.56,0.25,24.1171,31.909,20.9062,2.1175,3237.83,22.0,calce_cs2,0.4969,-0.0018000000000000238,-0.0028799999999999937,9.908999999999999,1.4422000000000001
CS2_36,613,0.4965,0.4576,3.4137,4.2,2.7473,0.4413,-0.5576,0.0,-0.56,0.25,24.4703,32.2539,20.9014,2.0753,3270.79,22.0,calce_cs2,0.4951,0.0014000000000000123,-0.0016600000000000059,10.253900000000002,1.4527
CS2_36,614,0.4937,0.455,3.4071,4.2,2.7559,0.4414,-0.5453,0.0,-0.56,0.25,24.4357,32.0279,21.002,2.1178,3225.42,22.0,calce_cs2,0.4965,-0.002799999999999969,-0.0011199999999999988,10.027900000000002,1.4441000000000002
CS2_36,615,0.4898,0.4514,3.3957,4.2,2.7532,0.4415,-0.5552,0.0,-0.56,0.25,24.2772,32.1492,20.9317,2.1222,3214.44,22.0,calce_cs2,0.4937,-0.0039000000000000146,-0.0018199999999999994,10.1492,1.4468
CS2_36,616,0.4843,0.4463,3.4098,4.2,2.7626,0.4416,-0.5611,0.0,-0.56,0.25,24.3781,32.0007,20.9168,2.0463,3173.84,22.0,calce_cs2,0.4898,-0.005500000000000005,-0.00252,10.000700000000002,1.4374000000000002
CS2_36,617,0.4874,0.4492,3.3936,4.2,2.7485,0.4417,-0.552,0.0,-0.56,0.25,24.347,32.0436,20.9362,2.0186,3206.87,22.0,calce_cs2,0.4843,0.0030999999999999917,-0.0015399999999999969,10.043599999999998,1.4515000000000002
CS2_36,618,0.483,0.4452,3.4034,4.2,2.7554,0.4418,-0.5479,0.0,-0.56,0.25,24.3909,32.2075,21.0764,2.1061,3147.38,22.0,calce_cs2,0.4874,-0.004400000000000015,-0.0027000000000000023,10.207500000000003,1.4446000000000003
CS2_36,619,0.4836,0.4457,3.3996,4.2,2.7437,0.4419,-0.542,0.0,-0.56,0.25,24.4634,31.7928,21.1474,2.1678,3150.78,22.0,calce_cs2,0.483,0.0005999999999999894,-0.0020200000000000105,9.7928,1.4563000000000001
CS2_36,620,0.479,0.4415,3.401,4.2,2.7379,0.442,-0.5447,0.0,-0.56,0.25,24.4732,32.0858,21.059,2.1303,3137.61,22.0,calce_cs2,0.4836,-0.004599999999999993,-0.0021600000000000065,10.085799999999999,1.4621000000000004
CS2_36,621,0.4774,0.44,3.4072,4.2,2.7507,0.4421,-0.5483,0.0,-0.56,0.25,24.4013,32.3874,20.8961,2.0824,3122.61,22.0,calce_cs2,0.479,-0.0015999999999999903,-0.0013800000000000034,10.3874,1.4493
CS2_36,622,0.4762,0.4389,3.4007,4.2,2.7448,0.4422,-0.5454,0.0,-0.56,0.25,24.4089,32.2159,21.0781,2.0469,3143.7,22.0,calce_cs2,0.4774,-0.0011999999999999789,-0.0022399999999999976,10.215899999999998,1.4552
CS2_36,623,0.4735,0.4364,3.3997,4.2,2.7455,0.4423,-0.555,0.0,-0.56,0.25,24.3274,32.2335,20.923,2.1022,3090.56,22.0,calce_cs2,0.4762,-0.0027000000000000357,-0.0019000000000000017,10.2335,1.4545000000000003
CS2_36,624,0.4706,0.4338,3.3999,4.2,2.751,0.4424,-0.5443,0.0,-0.56,0.25,24.5235,32.1053,21.1591,2.0855,3067.61,22.0,calce_cs2,0.4735,-0.002899999999999958,-0.002599999999999991,10.1053,1.4490000000000003
CS2_36,625,0.4686,0.4319,3.4057,4.2,2.7541,0.4425,-0.5481,0.0,-0.56,0.25,24.4148,31.9773,21.1089,1.9985,3056.56,22.0,calce_cs2,0.4706,-0.0020000000000000018,-0.002079999999999993,9.9773,1.4459
CS2_36,626,0.4662,0.4297,3.3956,4.2,2.7477,0.4426,-0.5579,0.0,-0.56,0.25,24.4366,32.0017,20.9231,2.1364,3060.96,22.0,calce_cs2,0.4686,-0.0024000000000000132,-0.0022399999999999976,10.0017,1.4523000000000001
CS2_36,627,0.4631,0.4268,3.3927,4.2,2.7576,0.4427,-0.5517,0.0,-0.56,0.25,24.4545,32.2208,21.0686,2.1172,3059.77,22.0,calce_cs2,0.4662,-0.0030999999999999917,-0.00262,10.220799999999997,1.4424000000000001
CS2_36,628,0.4592,0.4232,3.4021,4.2,2.7497,0.4428,-0.5461,0.0,-0.56,0.25,24.4029,32.0855,21.0255,2.0869,3033.27,22.0,calce_cs2,0.4631,-0.0039000000000000146,-0.002859999999999996,10.085500000000003,1.4503000000000004
CS2_36,629,0.4558,0.4201,3.3908,4.2,2.7486,0.4429,-0.5522,0.0,-0.56,0.25,24.3275,32.1689,21.0383,2.1262,2975.69,22.0,calce_cs2,0.4592,-0.003400000000000014,-0.002960000000000007,10.1689,1.4514
CS2_36,630,0.4559,0.4201,3.3947,4.2,2.7518,0.443,-0.5427,0.0,-0.56,0.25,24.2443,32.0336,20.9399,2.1017,2970.31,22.0,calce_cs2,0.4558,0.0001000000000000445,-0.002539999999999998,10.0336,1.4482000000000004
CS2_36,631,0.4569,0.4211,3.399,4.2,2.7446,0.4431,-0.556,0.0,-0.56,0.25,24.2545,32.1028,21.0101,2.1012,2960.02,22.0,calce_cs2,0.4559,0.0009999999999999454,-0.0018600000000000062,10.102800000000002,1.4554
CS2_36,632,0.4569,0.4211,3.4097,4.2,2.7504,0.4432,-0.5535,0.0,-0.56,0.25,24.458,32.2274,20.9851,2.1307,3000.71,22.0,calce_cs2,0.4569,0.0,-0.0012400000000000078,10.227400000000003,1.4496000000000002
CS2_36,633,0.4492,0.414,3.388,4.2,2.7426,0.4433,-0.5531,0.0,-0.56,0.25,24.2771,32.2923,20.9918,2.0119,2952.75,22.0,calce_cs2,0.4569,-0.007699999999999985,-0.0020000000000000018,10.292299999999997,1.4574000000000003
CS2_36,634,0.4492,0.414,3.3998,4.2,2.7511,0.4434,-0.5495,0.0,-0.56,0.25,24.4962,32.5001,20.9968,2.0931,2948.22,22.0,calce_cs2,0.4492,0.0,-0.001319999999999999,10.500100000000003,1.4489
CS2_36,635,0.448,0.4129,3.3935,4.2,2.7579,0.4435,-0.547,0.0,-0.56,0.25,24.4313,32.203,20.966,2.1682,2940.71,22.0,calce_cs2,0.4492,-0.0011999999999999789,-0.0015800000000000037,10.203000000000003,1.4421000000000004
CS2_36,636,0.4484,0.4132,3.3995,4.2,2.7456,0.4436,-0.5408,0.0,-0.56,0.25,24.448,31.8694,20.9982,2.1272,2908.52,22.0,calce_cs2,0.448,0.00040000000000001146,-0.0016999999999999904,9.869399999999999,1.4544000000000001
CS2_36,637,0.441,0.4065,3.4037,4.2,2.7476,0.4437,-0.5421,0.0,-0.56,0.25,24.4995,32.1776,20.948,2.0874,2887.35,22.0,calce_cs2,0.4484,-0.007400000000000018,-0.003179999999999994,10.177599999999998,1.4524000000000004
CS2_36,638,0.441,0.4065,3.3974,4.2,2.7488,0.4438,-0.545,0.0,-0.56,0.25,24.2132,32.1378,20.8572,2.1308,2904.73,22.0,calce_cs2,0.441,0.0,-0.001639999999999997,10.137799999999999,1.4512
CS2_36,639,0.439,0.4046,3.3971,4.2,2.7394,0.4439,-0.5513,0.0,-0.56,0.25,24.4106,32.216,20.9275,2.1028,2852.46,22.0,calce_cs2,0.441,-0.0020000000000000018,-0.0020399999999999975,10.216000000000001,1.4606000000000003
CS2_36,640,0.4356,0.4015,3.3955,4.2,2.7498,0.444,-0.5471,0.0,-0.56,0.25,24.6996,32.1997,21.1105,2.0991,2827.55,22.0,calce_cs2,0.439,-0.003400000000000014,-0.0024800000000000043,10.1997,1.4502000000000002
CS2_36,641,0.4364,0.4022,3.3879,4.2,2.7541,0.4441,-0.5432,0.0,-0.56,0.25,24.6426,32.5025,20.9365,2.159,2879.27,22.0,calce_cs2,0.4356,0.0008000000000000229,-0.002400000000000002,10.502499999999998,1.4459
CS2_36,642,0.4357,0.4016,3.3866,4.2,2.7507,0.4442,-0.5425,0.0,-0.56,0.25,24.3729,32.1309,21.0701,2.0913,2836.67,22.0,calce_cs2,0.4364,-0.0007000000000000339,-0.0010600000000000054,10.130899999999997,1.4493
CS2_36,643,0.4325,0.3986,3.3947,4.2,2.7362,0.4443,-0.5487,0.0,-0.56,0.25,24.4443,32.2279,20.9865,2.1608,2828.53,22.0,calce_cs2,0.4357,-0.0031999999999999806,-0.0017000000000000014,10.227899999999998,1.4638
CS2_36,644,0.4293,0.3957,3.3956,4.2,2.7397,0.4444,-0.538,0.0,-0.56,0.25,24.2955,32.4471,20.8982,2.1356,2803.39,22.0,calce_cs2,0.4325,-0.0031999999999999806,-0.0019399999999999973,10.447099999999999,1.4603000000000002
CS2_36,645,0.4271,0.3937,3.3833,4.2,2.7519,0.4445,-0.5522,0.0,-0.56,0.25,24.4928,32.2244,21.0996,2.0754,2812.99,22.0,calce_cs2,0.4293,-0.0022000000000000353,-0.0017000000000000014,10.224400000000003,1.4481000000000002
CS2_36,646,0.4272,0.3938,3.378,4.2,2.7575,0.4446,-0.5508,0.0,-0.56,0.25,24.43,32.1184,21.0424,2.0965,2777.27,22.0,calce_cs2,0.4271,0.0001000000000000445,-0.0018399999999999972,10.118400000000001,1.4425000000000003
CS2_36,647,0.4227,0.3896,3.3924,4.2,2.7372,0.4447,-0.5533,0.0,-0.56,0.25,24.4397,32.3882,21.0473,2.0814,2738.67,22.0,calce_cs2,0.4272,-0.004500000000000004,-0.002599999999999991,10.388199999999998,1.4628
CS2_36,648,0.4202,0.3873,3.3957,4.2,2.7616,0.4448,-0.5429,0.0,-0.56,0.25,24.6372,32.2167,20.9281,2.0479,2746.47,22.0,calce_cs2,0.4227,-0.0025000000000000022,-0.0024599999999999956,10.216700000000003,1.4384000000000001
CS2_36,649,0.416,0.3835,3.3907,4.2,2.7425,0.4449,-0.5518,0.0,-0.56,0.25,24.5252,32.4646,21.002,2.1139,2733.01,22.0,calce_cs2,0.4202,-0.004200000000000037,-0.002660000000000007,10.464599999999997,1.4575
CS2_36,650,0.4105,0.3783,3.3895,4.2,2.7419,0.445,-0.5426,0.0,-0.56,0.25,24.6545,32.5994,21.0062,2.0489,2713.6,22.0,calce_cs2,0.416,-0.005500000000000005,-0.003320000000000001,10.599400000000003,1.4581000000000004
CS2_37,1,1.0884,0.9967,3.648,4.2,2.7519,0.3801,-0.5519,0.0,-0.56,0.25,21.8736,28.8549,21.0345,2.1216,7109.07,22.0,calce_cs2,1.0884,0.0,0.0,6.854900000000001,1.4481000000000002
CS2_37,2,1.0886,0.9969,3.6527,4.2,2.7494,0.3802,-0.5451,0.0,-0.56,0.25,22.1991,28.3314,20.8899,2.1527,7124.77,22.0,calce_cs2,1.0884,0.00019999999999997797,0.0,6.331399999999999,1.4506000000000001
CS2_37,3,1.0903,0.9984,3.6568,4.2,2.7564,0.3803,-0.5588,0.0,-0.56,0.25,22.0853,28.745,20.9843,2.0591,7122.17,22.0,calce_cs2,1.0886,0.0017000000000000348,0.0,6.745000000000001,1.4436
CS2_37,4,1.0884,0.9967,3.6448,4.2,2.7492,0.3804,-0.5559,0.0,-0.56,0.25,22.0513,28.3812,20.8525,2.1405,7113.1,22.0,calce_cs2,1.0903,-0.0019000000000000128,0.0,6.3812,1.4508
CS2_37,5,1.0862,0.9947,3.6483,4.2,2.7487,0.3805,-0.5492,0.0,-0.56,0.25,22.0991,28.7838,21.0843,2.1146,7097.6,22.0,calce_cs2,1.0884,-0.0021999999999999797,0.0,6.783799999999999,1.4513000000000003
CS2_37,6,1.0864,0.9949,3.6491,4.2,2.7586,0.3806,-0.5519,0.0,-0.56,0.25,21.7712,28.4446,20.9585,1.9894,7105.21,22.0,calce_cs2,1.0862,0.00019999999999997797,-0.00040000000000000034,6.444600000000001,1.4414000000000002
CS2_37,7,1.0848,0.9934,3.6488,4.2,2.7477,0.3807,-0.5477,0.0,-0.56,0.25,21.9036,28.5668,21.0475,2.0846,7086.64,22.0,calce_cs2,1.0864,-0.0016000000000000458,-0.0007600000000000051,6.566800000000001,1.4523000000000001
CS2_37,8,1.0831,0.9919,3.6529,4.2,2.7576,0.3808,-0.5474,0.0,-0.56,0.25,22.2334,28.5487,21.0673,2.0955,7105.14,22.0,calce_cs2,1.0848,-0.0017000000000000348,-0.001440000000000019,6.5487,1.4424000000000001
CS2_37,9,1.0847,0.9933,3.6441,4.2,2.7495,0.3809,-0.5408,0.0,-0.56,0.25,22.1156,28.3437,20.9537,2.0876,7091.89,22.0,calce_cs2,1.0831,0.0016000000000000458,-0.0007400000000000074,6.343699999999998,1.4505000000000003
CS2_37,10,1.0838,0.9925,3.6405,4.2,2.7498,0.381,-0.5496,0.0,-0.56,0.25,22.1627,28.3727,20.9923,2.0154,7104.05,22.0,calce_cs2,1.0847,-0.0008999999999999009,-0.00047999999999999156,6.372699999999998,1.4502000000000002
CS2_37,11,1.0828,0.9916,3.646,4.2,2.7528,0.3811,-0.5586,0.0,-0.56,0.25,22.0916,28.4717,21.1297,2.1126,7114.12,22.0,calce_cs2,1.0838,-0.001000000000000112,-0.0007200000000000095,6.4716999999999985,1.4472
CS2_37,12,1.0847,0.9933,3.6424,4.2,2.7469,0.3812,-0.5531,0.0,-0.56,0.25,22.1049,28.8087,20.9461,2.0905,7073.58,22.0,calce_cs2,1.0828,0.0019000000000000128,-1.9999999999997796e-05,6.808700000000002,1.4531
CS2_37,13,1.0832,0.9919,3.6468,4.2,2.7655,0.3813,-0.5528,0.0,-0.56,0.25,22.0337,28.4766,21.0249,2.0961,7105.22,22.0,calce_cs2,1.0847,-0.0015000000000000568,1.9999999999997796e-05,6.476600000000001,1.4345000000000003
CS2_37,14,1.0796,0.9886,3.6424,4.2,2.7453,0.3814,-0.5513,0.0,-0.56,0.25,21.9603,28.5337,20.9572,2.1373,7084.57,22.0,calce_cs2,1.0832,-0.0036000000000000476,-0.0010200000000000209,6.5337,1.4547000000000003
CS2_37,15,1.0772,0.9864,3.6476,4.2,2.7521,0.3815,-0.5551,0.0,-0.56,0.25,21.92,28.8679,21.1069,2.012,7040.17,22.0,calce_cs2,1.0796,-0.0023999999999999577,-0.0013200000000000323,6.867899999999999,1.4479000000000002
CS2_37,16,1.0791,0.9882,3.6431,4.2,2.744,0.3816,-0.5477,0.0,-0.56,0.25,22.0124,28.8807,21.1363,2.0289,7061.18,22.0,calce_cs2,1.0772,0.0019000000000000128,-0.0007400000000000074,6.880700000000001,1.456
CS2_37,17,1.0761,0.9854,3.6305,4.2,2.7462,0.3817,-0.5488,0.0,-0.56,0.25,21.9026,28.67,21.001,2.0958,7068.1,22.0,calce_cs2,1.0791,-0.0029999999999998916,-0.0017199999999999882,6.670000000000002,1.4538000000000002
CS2_37,18,1.0745,0.984,3.6382,4.2,2.7527,0.3818,-0.5512,0.0,-0.56,0.25,22.1295,28.4782,21.0292,2.1828,7017.97,22.0,calce_cs2,1.0761,-0.0016000000000000458,-0.001739999999999986,6.478200000000001,1.4473000000000003
CS2_37,19,1.0742,0.9837,3.6472,4.2,2.7513,0.3819,-0.5541,0.0,-0.56,0.25,21.9903,28.5342,21.027,2.1028,7007.16,22.0,calce_cs2,1.0745,-0.00029999999999996696,-0.0010799999999999699,6.5341999999999985,1.4487
CS2_37,20,1.0735,0.983,3.6351,4.2,2.7472,0.382,-0.5551,0.0,-0.56,0.25,22.2153,28.7419,21.1944,2.1373,7047.99,22.0,calce_cs2,1.0742,-0.000700000000000145,-0.0007400000000000074,6.741900000000001,1.4528000000000003
CS2_37,21,1.0706,0.9804,3.6414,4.2,2.7596,0.3821,-0.5512,0.0,-0.56,0.25,21.9806,28.8571,20.9844,2.0982,7011.21,22.0,calce_cs2,1.0735,-0.0028999999999999027,-0.0016999999999999904,6.857099999999999,1.4404000000000003
CS2_37,22,1.0694,0.9793,3.6221,4.2,2.7477,0.3822,-0.5547,0.0,-0.56,0.25,21.8991,28.7456,20.9687,2.0443,7001.82,22.0,calce_cs2,1.0706,-0.0012000000000000899,-0.00134000000000003,6.7456,1.4523000000000001
CS2_37,23,1.0726,0.9823,3.6395,4.2,2.7524,0.3823,-0.5578,0.0,-0.56,0.25,22.0235,28.6126,21.0553,2.0913,7013.89,22.0,calce_cs2,1.0694,0.0032000000000000917,-0.00038000000000000257,6.6126000000000005,1.4476
CS2_37,24,1.0708,0.9805,3.6454,4.2,2.7497,0.3824,-0.5445,0.0,-0.56,0.25,21.9076,28.4367,20.973,2.0737,7014.92,22.0,calce_cs2,1.0726,-0.0018000000000000238,-0.0006800000000000139,6.436699999999998,1.4503000000000004
CS2_37,25,1.0717,0.9814,3.6449,4.2,2.7431,0.3825,-0.552,0.0,-0.56,0.25,22.286,28.6922,21.068,2.0757,7017.1,22.0,calce_cs2,1.0708,0.0009000000000001229,-0.00035999999999996034,6.6922,1.4569
CS2_37,26,1.0724,0.982,3.6391,4.2,2.76,0.3826,-0.5603,0.0,-0.56,0.25,22.0363,28.6766,20.9585,2.019,7021.83,22.0,calce_cs2,1.0717,0.0006999999999999229,0.00036000000000000474,6.6766000000000005,1.4400000000000004
CS2_37,27,1.0679,0.978,3.6466,4.2,2.7466,0.3827,-0.5548,0.0,-0.56,0.25,22.1334,28.7204,21.0483,2.0865,7004.98,22.0,calce_cs2,1.0724,-0.0044999999999999485,-0.00029999999999996696,6.7204000000000015,1.4534000000000002
CS2_37,28,1.0758,0.9852,3.6315,4.2,2.7512,0.3828,-0.5556,0.0,-0.56,0.25,22.0519,28.8683,20.7915,2.1668,7062.47,22.0,calce_cs2,1.0679,0.007900000000000018,0.0006400000000000184,6.868300000000001,1.4488000000000003
CS2_37,29,1.0648,0.9751,3.6405,4.2,2.7558,0.3829,-0.5517,0.0,-0.56,0.25,22.1958,28.7025,21.0408,2.1112,6975.02,22.0,calce_cs2,1.0758,-0.01100000000000012,-0.001200000000000001,6.702500000000001,1.4442000000000004
CS2_37,30,1.0685,0.9785,3.6359,4.2,2.7494,0.383,-0.5492,0.0,-0.56,0.25,22.2123,28.44,20.8945,2.0266,6995.81,22.0,calce_cs2,1.0648,0.0037000000000000366,-0.0006400000000000184,6.440000000000001,1.4506000000000001
CS2_37,31,1.064,0.9744,3.6416,4.2,2.752,0.3831,-0.5495,0.0,-0.56,0.25,22.2083,28.3366,20.9903,1.9809,6935.83,22.0,calce_cs2,1.0685,-0.0044999999999999485,-0.0016799999999999927,6.336600000000001,1.4480000000000004
CS2_37,32,1.0653,0.9755,3.6361,4.2,2.741,0.3832,-0.5473,0.0,-0.56,0.25,22.1238,28.8409,21.0342,2.1033,6975.14,22.0,calce_cs2,1.064,0.0012999999999998568,-0.0005200000000000315,6.840900000000001,1.459
CS2_37,33,1.0613,0.9719,3.6473,4.2,2.7489,0.3833,-0.5572,0.0,-0.56,0.25,22.2,28.5824,21.0016,2.0836,6943.13,22.0,calce_cs2,1.0653,-0.0040000000000000036,-0.002900000000000036,6.5824,1.4511000000000003
CS2_37,34,1.064,0.9743,3.6356,4.2,2.7477,0.3834,-0.5467,0.0,-0.56,0.25,22.2244,28.7182,20.894,2.1059,6967.36,22.0,calce_cs2,1.0613,0.0027000000000001467,-0.00015999999999998237,6.7181999999999995,1.4523000000000001
CS2_37,35,1.0643,0.9747,3.6412,4.2,2.7487,0.3835,-0.5458,0.0,-0.56,0.25,22.2803,28.8357,20.8937,2.0487,6987.2,22.0,calce_cs2,1.064,0.00029999999999996696,-0.0008399999999999963,6.835699999999999,1.4513000000000003
CS2_37,36,1.062,0.9726,3.6314,4.2,2.7514,0.3836,-0.5493,0.0,-0.56,0.25,22.2058,28.6815,21.0315,2.1202,6949.72,22.0,calce_cs2,1.0643,-0.0022999999999999687,-0.00040000000000000034,6.6815,1.4486000000000003
CS2_37,37,1.0643,0.9746,3.6319,4.2,2.7577,0.3837,-0.5521,0.0,-0.56,0.25,22.152,28.7943,20.9963,2.092,6944.86,22.0,calce_cs2,1.062,0.0022999999999999687,-0.00019999999999997797,6.7943,1.4423000000000004
CS2_37,38,1.0595,0.9702,3.6363,4.2,2.7543,0.3838,-0.5568,0.0,-0.56,0.25,22.0149,28.5208,20.9735,2.0191,6934.21,22.0,calce_cs2,1.0643,-0.0047999999999999154,-0.00035999999999996034,6.520800000000001,1.4457
CS2_37,39,1.0601,0.9708,3.6317,4.2,2.7579,0.3839,-0.5483,0.0,-0.56,0.25,22.1624,28.7458,20.8649,2.1212,6932.07,22.0,calce_cs2,1.0595,0.0005999999999999339,-0.0007800000000000029,6.745799999999999,1.4421000000000004
CS2_37,40,1.0627,0.9731,3.6379,4.2,2.7573,0.384,-0.5425,0.0,-0.56,0.25,22.2402,28.5496,20.958,2.1465,6969.79,22.0,calce_cs2,1.0601,0.0025999999999999357,-0.0003200000000000092,6.549600000000002,1.4427000000000003
CS2_37,41,1.0597,0.9704,3.6412,4.2,2.7507,0.3841,-0.5533,0.0,-0.56,0.25,22.3816,28.9192,21.0334,2.0904,6913.78,22.0,calce_cs2,1.0627,-0.0029999999999998916,-0.0004599999999999937,6.9192,1.4493
CS2_37,42,1.0637,0.9741,3.6354,4.2,2.7516,0.3842,-0.5405,0.0,-0.56,0.25,21.964,28.8512,21.0841,2.0927,6960.44,22.0,calce_cs2,1.0597,0.0040000000000000036,-0.00011999999999998679,6.851199999999999,1.4484000000000004
CS2_37,43,1.0642,0.9746,3.6326,4.2,2.7469,0.3843,-0.5492,0.0,-0.56,0.25,22.28,28.6606,21.1249,1.99,6956.67,22.0,calce_cs2,1.0637,0.0004999999999999449,0.0009399999999999853,6.660599999999999,1.4531
CS2_37,44,1.055,0.9661,3.6311,4.2,2.7624,0.3844,-0.5473,0.0,-0.56,0.25,22.3276,28.7468,21.0995,2.1319,6929.08,22.0,calce_cs2,1.0642,-0.009200000000000097,-0.0010200000000000209,6.7468,1.4376000000000002
CS2_37,45,1.055,0.9661,3.6436,4.2,2.7496,0.3845,-0.5489,0.0,-0.56,0.25,22.1919,28.839,20.9718,2.0904,6906.79,22.0,calce_cs2,1.055,0.0,-0.001540000000000008,6.838999999999999,1.4504000000000001
CS2_37,46,1.0535,0.9648,3.6417,4.2,2.7463,0.3846,-0.5518,0.0,-0.56,0.25,22.1851,28.9166,21.0842,2.0971,6912.21,22.0,calce_cs2,1.055,-0.0014999999999998348,-0.0012399999999999967,6.916599999999999,1.4537
CS2_37,47,1.0533,0.9646,3.6253,4.2,2.7478,0.3847,-0.5414,0.0,-0.56,0.25,22.2262,28.9896,20.8803,2.0783,6881.61,22.0,calce_cs2,1.0535,-0.00020000000000020002,-0.0020800000000000375,6.989599999999999,1.4522000000000004
CS2_37,48,1.0554,0.9665,3.6284,4.2,2.7578,0.3848,-0.5387,0.0,-0.56,0.25,22.2034,28.8315,20.9759,2.1532,6886.72,22.0,calce_cs2,1.0533,0.0020999999999999908,-0.0017600000000000283,6.831499999999998,1.4422000000000001
CS2_37,49,1.05,0.9615,3.6246,4.2,2.7527,0.3849,-0.5481,0.0,-0.56,0.25,22.1923,28.6611,20.9395,2.1014,6865.22,22.0,calce_cs2,1.0554,-0.005399999999999849,-0.0009999999999999788,6.661100000000001,1.4473000000000003
CS2_37,50,1.0532,0.9645,3.6217,4.2,2.7526,0.385,-0.5492,0.0,-0.56,0.25,22.3082,28.9404,21.0471,2.1471,6896.96,22.0,calce_cs2,1.05,0.0031999999999998696,-0.00036000000000000474,6.9404,1.4474
CS2_37,51,1.0538,0.965,3.6209,4.2,2.7538,0.3851,-0.5483,0.0,-0.56,0.25,22.0994,28.8231,21.0146,2.1134,6904.72,22.0,calce_cs2,1.0532,0.000600000000000156,5.9999999999993395e-05,6.8231,1.4462000000000002
CS2_37,52,1.0526,0.964,3.635,4.2,2.7471,0.3852,-0.543,0.0,-0.56,0.25,22.0934,28.8146,20.9912,1.998,6895.52,22.0,calce_cs2,1.0538,-0.0012000000000000899,-0.0001399999999999846,6.814599999999999,1.4529
CS2_37,53,1.0484,0.96,3.6399,4.2,2.7454,0.3853,-0.5481,0.0,-0.56,0.25,22.1578,29.0902,20.9533,2.2073,6851.08,22.0,calce_cs2,1.0526,-0.0041999999999999815,-0.001399999999999979,7.090199999999999,1.4546000000000001
CS2_37,54,1.0513,0.9627,3.6292,4.2,2.7547,0.3854,-0.5433,0.0,-0.56,0.25,21.9794,29.0474,20.8955,2.0976,6881.84,22.0,calce_cs2,1.0484,0.0028999999999999027,0.00025999999999997135,7.0474,1.4453
CS2_37,55,1.0462,0.958,3.6166,4.2,2.7455,0.3855,-0.553,0.0,-0.56,0.25,22.3569,28.8486,21.0268,2.206,6840.06,22.0,calce_cs2,1.0513,-0.005099999999999882,-0.001399999999999979,6.848600000000001,1.4545000000000003
CS2_37,56,1.0516,0.963,3.624,4.2,2.7532,0.3856,-0.5464,0.0,-0.56,0.25,22.4172,28.9975,20.8868,2.1126,6883.94,22.0,calce_cs2,1.0462,0.005400000000000071,-0.00043999999999999595,6.997499999999999,1.4468
CS2_37,57,1.0478,0.9595,3.6241,4.2,2.7587,0.3857,-0.5543,0.0,-0.56,0.25,22.1983,28.7446,20.9762,2.123,6867.39,22.0,calce_cs2,1.0516,-0.0038000000000000256,-0.0009599999999999831,6.744599999999998,1.4413
CS2_37,58,1.045,0.957,3.6286,4.2,2.7511,0.3858,-0.5379,0.0,-0.56,0.25,22.0172,28.8353,20.9565,2.1732,6846.74,22.0,calce_cs2,1.0478,-0.0028000000000001357,-0.0006800000000000139,6.8353,1.4489
CS2_37,59,1.0468,0.9586,3.628,4.2,2.748,0.3859,-0.5448,0.0,-0.56,0.25,22.1511,28.768,21.0032,2.061,6848.16,22.0,calce_cs2,1.045,0.0018000000000000238,-0.0008999999999999897,6.768000000000001,1.452
CS2_37,60,1.0437,0.9558,3.6327,4.2,2.7573,0.386,-0.5491,0.0,-0.56,0.25,22.2047,28.9427,21.0053,2.0634,6839.46,22.0,calce_cs2,1.0468,-0.0030999999999998806,-0.0004999999999999894,6.9426999999999985,1.4427000000000003
CS2_37,61,1.045,0.9569,3.6329,4.2,2.7583,0.3861,-0.557,0.0,-0.56,0.25,21.9884,28.8531,20.9479,2.0581,6834.65,22.0,calce_cs2,1.0437,0.0012999999999998568,-0.0013200000000000323,6.853100000000001,1.4417
CS2_37,62,1.0472,0.959,3.6296,4.2,2.7515,0.3862,-0.5563,0.0,-0.56,0.25,22.3284,28.9859,20.9424,2.1195,6853.05,22.0,calce_cs2,1.045,0.0021999999999999797,-0.00012000000000003119,6.985900000000001,1.4485000000000001
CS2_37,63,1.0459,0.9578,3.619,4.2,2.7465,0.3863,-0.5551,0.0,-0.56,0.25,22.3758,28.6935,21.1191,2.0411,6866.69,22.0,calce_cs2,1.0472,-0.0012999999999998568,0.0001800000000000246,6.6935,1.4535
CS2_37,64,1.0462,0.958,3.6155,4.2,2.7494,0.3864,-0.5426,0.0,-0.56,0.25,22.3025,28.9641,21.067,2.1784,6843.55,22.0,calce_cs2,1.0459,0.00029999999999996696,-0.00011999999999998679,6.964099999999998,1.4506000000000001
CS2_37,65,1.0432,0.9553,3.6235,4.2,2.7478,0.3865,-0.5533,0.0,-0.56,0.25,22.1881,28.8653,20.7925,2.1106,6837.73,22.0,calce_cs2,1.0462,-0.0030000000000001137,-0.0001000000000000334,6.865300000000001,1.4522000000000004
CS2_37,66,1.0442,0.9562,3.6256,4.2,2.7494,0.3866,-0.5533,0.0,-0.56,0.25,22.2256,28.6826,20.9113,2.0978,6823.2,22.0,calce_cs2,1.0432,0.001000000000000112,-0.00015999999999998237,6.682600000000001,1.4506000000000001
CS2_37,67,1.0409,0.9532,3.6205,4.2,2.7579,0.3867,-0.5421,0.0,-0.56,0.25,22.2054,28.9412,21.02,2.1277,6807.62,22.0,calce_cs2,1.0442,-0.0033000000000000806,-0.0012599999999999944,6.9411999999999985,1.4421000000000004
CS2_37,68,1.0392,0.9517,3.6095,4.2,2.7506,0.3868,-0.5582,0.0,-0.56,0.25,22.3475,29.0328,21.0281,2.112,6795.81,22.0,calce_cs2,1.0409,-0.0017000000000000348,-0.00134000000000003,7.032800000000002,1.4494000000000002
CS2_37,69,1.0404,0.9528,3.6173,4.2,2.7593,0.3869,-0.5502,0.0,-0.56,0.25,22.1261,29.0042,21.0143,2.0362,6813.91,22.0,calce_cs2,1.0392,0.0012000000000000899,-0.0011600000000000054,7.004200000000001,1.4407
CS2_37,70,1.0376,0.9502,3.6145,4.2,2.7455,0.387,-0.5457,0.0,-0.56,0.25,22.3661,28.9697,21.0229,2.1012,6801.59,22.0,calce_cs2,1.0404,-0.0027999999999999137,-0.0011199999999999654,6.9697,1.4545000000000003
CS2_37,71,1.0395,0.9519,3.6227,4.2,2.7527,0.3871,-0.5521,0.0,-0.56,0.25,22.2948,29.0409,21.0781,2.1784,6802.3,22.0,calce_cs2,1.0376,0.0019000000000000128,-0.0009399999999999853,7.040900000000001,1.4473000000000003
CS2_37,72,1.034,0.9469,3.6142,4.2,2.7514,0.3872,-0.5498,0.0,-0.56,0.25,22.3445,28.8648,21.0252,2.0923,6775.86,22.0,calce_cs2,1.0395,-0.00550000000000006,-0.0013799999999999813,6.864799999999999,1.4486000000000003
CS2_37,73,1.0363,0.949,3.6189,4.2,2.752,0.3873,-0.5534,0.0,-0.56,0.25,22.1925,28.8797,20.8352,2.0713,6741.96,22.0,calce_cs2,1.034,0.0022999999999999687,-0.0005799999999999805,6.8797,1.4480000000000004
CS2_37,74,1.0349,0.9477,3.6204,4.2,2.7514,0.3874,-0.5508,0.0,-0.56,0.25,22.2402,28.8363,20.9006,2.0605,6790.45,22.0,calce_cs2,1.0363,-0.0014000000000000679,-0.001100000000000012,6.836300000000001,1.4486000000000003
CS2_37,75,1.0384,0.9509,3.6276,4.2,2.7616,0.3875,-0.5489,0.0,-0.56,0.25,22.3863,28.8623,20.9574,2.1087,6807.89,22.0,calce_cs2,1.0349,0.0035000000000000586,0.00015999999999998237,6.862300000000001,1.4384000000000001
CS2_37,76,1.0331,0.9461,3.6231,4.2,2.7493,0.3876,-0.5568,0.0,-0.56,0.25,22.2791,29.0544,20.9704,2.1034,6762.41,22.0,calce_cs2,1.0384,-0.005300000000000082,-0.0012800000000000368,7.054400000000001,1.4507000000000003
CS2_37,77,1.04,0.9523,3.6179,4.2,2.753,0.3877,-0.5407,0.0,-0.56,0.25,22.1953,28.7994,21.1209,2.0893,6810.94,22.0,calce_cs2,1.0331,0.006900000000000128,0.001200000000000001,6.799399999999999,1.447
CS2_37,78,1.0348,0.9476,3.6226,4.2,2.7588,0.3878,-0.5525,0.0,-0.56,0.25,22.2045,28.9111,20.9967,2.1552,6772.29,22.0,calce_cs2,1.04,-0.0052000000000000934,-0.00030000000000001136,6.911100000000001,1.4412000000000003
CS2_37,79,1.0365,0.9492,3.6126,4.2,2.7487,0.3879,-0.5549,0.0,-0.56,0.25,22.5351,28.9504,20.924,2.0964,6784.63,22.0,calce_cs2,1.0348,0.0017000000000000348,0.0003200000000000092,6.950399999999998,1.4513000000000003
CS2_37,80,1.033,0.946,3.62,4.2,2.7537,0.388,-0.5437,0.0,-0.56,0.25,22.4833,28.7963,21.0157,2.133,6759.06,22.0,calce_cs2,1.0365,-0.0035000000000000586,-0.0010800000000000143,6.796299999999999,1.4463000000000004
CS2_37,81,1.0322,0.9453,3.6161,4.2,2.7492,0.3881,-0.5477,0.0,-0.56,0.25,22.3748,29.055,21.0362,2.0084,6769.0,22.0,calce_cs2,1.033,-0.0007999999999999119,-0.00017999999999998017,7.055,1.4508
CS2_37,82,1.0284,0.9418,3.6148,4.2,2.7577,0.3882,-0.5484,0.0,-0.56,0.25,22.28,28.9708,20.7938,1.9875,6737.69,22.0,calce_cs2,1.0322,-0.0038000000000000256,-0.002320000000000011,6.9708000000000006,1.4423000000000004
CS2_37,83,1.0289,0.9422,3.6214,4.2,2.7539,0.3883,-0.5524,0.0,-0.56,0.25,22.4212,29.164,21.0868,2.0972,6760.59,22.0,calce_cs2,1.0284,0.0004999999999999449,-0.0011800000000000033,7.1640000000000015,1.4461000000000004
CS2_37,84,1.03,0.9433,3.6214,4.2,2.7499,0.3884,-0.5464,0.0,-0.56,0.25,22.2999,29.0319,20.9779,2.119,6750.5,22.0,calce_cs2,1.0289,0.001100000000000101,-0.00129999999999999,7.0319,1.4501000000000004
CS2_37,85,1.0288,0.9421,3.6228,4.2,2.7491,0.3885,-0.5591,0.0,-0.56,0.25,22.1891,28.9877,20.8406,1.9948,6734.97,22.0,calce_cs2,1.03,-0.0012000000000000899,-0.0008399999999999963,6.9877,1.4509000000000003
CS2_37,86,1.029,0.9423,3.6165,4.2,2.7562,0.3886,-0.5415,0.0,-0.56,0.25,22.2718,29.267,21.0388,2.0263,6735.61,22.0,calce_cs2,1.0288,0.00019999999999997797,-0.0006400000000000184,7.2669999999999995,1.4438
CS2_37,87,1.033,0.946,3.6153,4.2,2.75,0.3887,-0.5424,0.0,-0.56,0.25,22.2637,29.1341,20.9187,2.0715,6746.2,22.0,calce_cs2,1.029,0.0040000000000000036,0.0009199999999999875,7.1341,1.4500000000000002
CS2_37,88,1.0243,0.938,3.6155,4.2,2.7493,0.3888,-0.5536,0.0,-0.56,0.25,22.328,28.9468,21.0195,2.1233,6707.04,22.0,calce_cs2,1.033,-0.00869999999999993,-0.0009199999999999875,6.9468,1.4507000000000003
CS2_37,89,1.0281,0.9415,3.6117,4.2,2.744,0.3889,-0.5548,0.0,-0.56,0.25,22.2305,28.9871,21.0846,2.0382,6733.12,22.0,calce_cs2,1.0243,0.0038000000000000256,-0.00038000000000000257,6.987100000000002,1.456
CS2_37,90,1.0256,0.9392,3.6189,4.2,2.7488,0.389,-0.5485,0.0,-0.56,0.25,22.2385,29.2358,21.0446,2.1062,6720.84,22.0,calce_cs2,1.0281,-0.0024999999999999467,-0.0006399999999999739,7.235800000000001,1.4512
CS2_37,91,1.025,0.9386,3.627,4.2,2.7628,0.3891,-0.5522,0.0,-0.56,0.25,22.3123,28.8231,21.117,2.1229,6707.0,22.0,calce_cs2,1.0256,-0.000600000000000156,-0.0008000000000000007,6.8231,1.4372000000000003
CS2_37,92,1.0236,0.9373,3.6164,4.2,2.7593,0.3892,-0.561,0.0,-0.56,0.25,22.3187,29.3362,20.9438,2.1416,6701.49,22.0,calce_cs2,1.025,-0.0013999999999998458,-0.0018799999999999707,7.336200000000002,1.4407
CS2_37,93,1.0304,0.9435,3.6019,4.2,2.7487,0.3893,-0.5533,0.0,-0.56,0.25,22.5265,29.1453,21.0313,2.105,6749.48,22.0,calce_cs2,1.0236,0.006799999999999917,0.0012199999999999989,7.145299999999999,1.4513000000000003
CS2_37,94,1.0208,0.9348,3.6109,4.2,2.7494,0.3894,-0.5393,0.0,-0.56,0.25,22.3036,29.1014,20.991,2.0997,6670.94,22.0,calce_cs2,1.0304,-0.009600000000000053,-0.0014600000000000168,7.101400000000002,1.4506000000000001
CS2_37,95,1.0237,0.9375,3.6148,4.2,2.7525,0.3895,-0.5491,0.0,-0.56,0.25,22.5596,29.1414,20.8748,2.1704,6717.31,22.0,calce_cs2,1.0208,0.0029000000000001247,-0.00038000000000000257,7.141400000000001,1.4475000000000002
CS2_37,96,1.0246,0.9383,3.6043,4.2,2.7546,0.3896,-0.5507,0.0,-0.56,0.25,22.4188,29.1095,21.0874,2.1587,6702.95,22.0,calce_cs2,1.0237,0.0008999999999999009,-7.999999999999118e-05,7.109500000000001,1.4454000000000002
CS2_37,97,1.0249,0.9386,3.6209,4.2,2.751,0.3897,-0.5451,0.0,-0.56,0.25,22.4808,28.9409,20.907,2.0783,6679.05,22.0,calce_cs2,1.0246,0.00029999999999996696,0.00025999999999997135,6.940899999999999,1.4490000000000003
CS2_37,98,1.0215,0.9355,3.6086,4.2,2.7534,0.3898,-0.553,0.0,-0.56,0.25,22.4378,28.9566,20.9212,2.0361,6685.71,22.0,calce_cs2,1.0249,-0.0033999999999998476,-0.0017799999999999817,6.956600000000002,1.4466
CS2_37,99,1.0196,0.9337,3.6062,4.2,2.7509,0.3899,-0.5506,0.0,-0.56,0.25,22.4559,29.2746,21.0311,2.1178,6674.23,22.0,calce_cs2,1.0215,-0.0019000000000000128,-0.00023999999999997358,7.2745999999999995,1.4491
CS2_37,100,1.0186,0.9328,3.6106,4.2,2.7484,0.39,-0.5574,0.0,-0.56,0.25,22.2232,28.9495,20.9184,2.1203,6699.92,22.0,calce_cs2,1.0196,-0.001000000000000112,-0.0010200000000000209,6.9495000000000005,1.4516
CS2_37,101,1.0186,0.9328,3.6114,4.2,2.7543,0.3901,-0.5448,0.0,-0.56,0.25,22.4513,29.0565,20.9745,2.0708,6700.84,22.0,calce_cs2,1.0186,0.0,-0.001200000000000001,7.0565,1.4457
CS2_37,102,1.0182,0.9324,3.6197,4.2,2.7545,0.3902,-0.5464,0.0,-0.56,0.25,22.2667,29.2817,21.0552,2.1315,6655.02,22.0,calce_cs2,1.0186,-0.00039999999999995595,-0.0013399999999999857,7.281700000000001,1.4455
CS2_37,103,1.0248,0.9385,3.6103,4.2,2.7569,0.3903,-0.5543,0.0,-0.56,0.25,22.2956,29.0602,21.0177,2.0937,6723.16,22.0,calce_cs2,1.0182,0.006599999999999939,0.0006599999999999717,7.060199999999998,1.4431000000000003
CS2_37,104,1.0236,0.9373,3.6056,4.2,2.7523,0.3904,-0.5452,0.0,-0.56,0.25,22.4658,29.1684,21.0959,2.1003,6691.98,22.0,calce_cs2,1.0248,-0.0011999999999998678,0.0008000000000000007,7.168399999999998,1.4477000000000002
CS2_37,105,1.0195,0.9336,3.6128,4.2,2.7429,0.3905,-0.5536,0.0,-0.56,0.25,22.3928,29.0633,21.0365,2.1458,6666.63,22.0,calce_cs2,1.0236,-0.0040999999999999925,0.0001800000000000246,7.063300000000002,1.4571
CS2_37,106,1.0139,0.9284,3.6002,4.2,2.7506,0.3906,-0.5505,0.0,-0.56,0.25,22.1989,29.1391,21.1425,2.1134,6635.13,22.0,calce_cs2,1.0195,-0.005600000000000049,-0.0009399999999999853,7.139099999999999,1.4494000000000002
CS2_37,107,1.012,0.9267,3.6191,4.2,2.7554,0.3907,-0.552,0.0,-0.56,0.25,22.4257,29.0322,20.9062,2.1113,6584.42,22.0,calce_cs2,1.0139,-0.0019000000000000128,-0.0012399999999999967,7.0322,1.4446000000000003
CS2_37,108,1.0148,0.9293,3.6085,4.2,2.758,0.3908,-0.5583,0.0,-0.56,0.25,22.4769,29.3201,21.0349,2.0543,6636.63,22.0,calce_cs2,1.012,0.0027999999999999137,-0.0020000000000000018,7.3201,1.4420000000000002
CS2_37,109,1.0134,0.928,3.6128,4.2,2.7594,0.3909,-0.5516,0.0,-0.56,0.25,22.4603,28.9801,20.9652,2.0647,6638.38,22.0,calce_cs2,1.0148,-0.0013999999999998458,-0.0020399999999999975,6.9801,1.4406000000000003
CS2_37,110,1.0134,0.928,3.6161,4.2,2.7465,0.391,-0.5536,0.0,-0.56,0.25,22.3668,29.2034,21.0108,2.0904,6641.16,22.0,calce_cs2,1.0134,0.0,-0.0012199999999999989,7.2033999999999985,1.4535
CS2_37,111,1.015,0.9295,3.6081,4.2,2.7554,0.3911,-0.5549,0.0,-0.56,0.25,22.3791,28.8391,20.9306,2.1457,6647.87,22.0,calce_cs2,1.0134,0.0015999999999998238,0.00021999999999997578,6.839099999999998,1.4446000000000003
CS2_37,112,1.011,0.9258,3.6062,4.2,2.746,0.3912,-0.5455,0.0,-0.56,0.25,22.4495,29.1618,21.0766,2.0691,6593.86,22.0,calce_cs2,1.015,-0.0040000000000000036,-0.00020000000000002237,7.1617999999999995,1.4540000000000002
CS2_37,113,1.0131,0.9278,3.5978,4.2,2.748,0.3913,-0.5423,0.0,-0.56,0.25,22.6244,29.0148,21.0052,2.1272,6640.62,22.0,calce_cs2,1.011,0.0020999999999999908,-0.00034000000000000696,7.014800000000001,1.452
CS2_37,114,1.0125,0.9272,3.5979,4.2,2.7556,0.3914,-0.5519,0.0,-0.56,0.25,22.2862,29.1209,20.9398,2.1343,6633.68,22.0,calce_cs2,1.0131,-0.0005999999999999339,-0.0001800000000000246,7.120899999999999,1.4444000000000004
CS2_37,115,1.0089,0.9239,3.6129,4.2,2.7588,0.3915,-0.5503,0.0,-0.56,0.25,22.387,29.1653,21.0772,2.0971,6610.37,22.0,calce_cs2,1.0125,-0.0036000000000000476,-0.0009000000000000341,7.1652999999999984,1.4412000000000003
CS2_37,116,1.0071,0.9222,3.6179,4.2,2.7467,0.3916,-0.544,0.0,-0.56,0.25,22.4448,29.321,21.0612,2.0929,6598.49,22.0,calce_cs2,1.0089,-0.0017999999999998018,-0.0015799999999999593,7.3210000000000015,1.4533
CS2_37,117,1.0071,0.9223,3.6062,4.2,2.7454,0.3917,-0.5519,0.0,-0.56,0.25,22.6854,28.7699,21.0735,2.1011,6595.79,22.0,calce_cs2,1.0071,0.0,-0.0007799999999999585,6.7699,1.4546000000000001
CS2_37,118,1.0079,0.923,3.6035,4.2,2.7412,0.3918,-0.5405,0.0,-0.56,0.25,22.4937,29.3086,20.9673,2.1373,6606.5,22.0,calce_cs2,1.0071,0.0007999999999999119,-0.0010399999999999743,7.308599999999998,1.4588
CS2_37,119,1.0077,0.9228,3.5954,4.2,2.7502,0.3919,-0.5524,0.0,-0.56,0.25,22.6238,29.3171,21.0918,2.1302,6597.37,22.0,calce_cs2,1.0079,-0.00019999999999997797,-0.0009599999999999831,7.3171,1.4498000000000002
CS2_37,120,1.0106,0.9255,3.6076,4.2,2.7382,0.392,-0.554,0.0,-0.56,0.25,22.4313,29.5178,20.8814,2.0251,6631.07,22.0,calce_cs2,1.0077,0.0028999999999999027,0.00034000000000000696,7.517800000000001,1.4618000000000002
CS2_37,121,1.0054,0.9207,3.6084,4.2,2.7554,0.3921,-0.5455,0.0,-0.56,0.25,22.4702,29.0959,21.0344,2.0607,6589.74,22.0,calce_cs2,1.0106,-0.005199999999999871,-0.00034000000000000696,7.0959,1.4446000000000003
CS2_37,122,1.0067,0.9219,3.5953,4.2,2.7568,0.3922,-0.5506,0.0,-0.56,0.25,22.5209,29.1146,21.0121,2.1046,6605.27,22.0,calce_cs2,1.0054,0.0012999999999998568,-8.00000000000356e-05,7.114599999999999,1.4432
CS2_37,123,1.0051,0.9204,3.5966,4.2,2.7496,0.3923,-0.5488,0.0,-0.56,0.25,22.3367,29.3282,21.0438,2.078,6587.07,22.0,calce_cs2,1.0067,-0.0015999999999998238,-0.0005599999999999827,7.328199999999999,1.4504000000000001
CS2_37,124,1.0115,0.9263,3.6036,4.2,2.7476,0.3924,-0.5512,0.0,-0.56,0.25,22.7232,29.3883,21.0541,2.0738,6600.11,22.0,calce_cs2,1.0051,0.006399999999999961,0.0007600000000000051,7.388300000000001,1.4524000000000004
CS2_37,125,1.0023,0.9179,3.5931,4.2,2.7549,0.3925,-0.5515,0.0,-0.56,0.25,22.8337,29.3079,20.9966,2.104,6567.32,22.0,calce_cs2,1.0115,-0.009200000000000097,-0.0016599999999999948,7.3079,1.4451
CS2_37,126,1.0038,0.9192,3.5883,4.2,2.7533,0.3926,-0.5511,0.0,-0.56,0.25,22.6962,29.3803,20.9024,2.2078,6569.39,22.0,calce_cs2,1.0023,0.0015000000000000568,-0.0003200000000000092,7.380299999999998,1.4467000000000003
CS2_37,127,1.002,0.9176,3.5951,4.2,2.7442,0.3927,-0.5429,0.0,-0.56,0.25,22.3344,29.4684,21.0793,2.0836,6546.61,22.0,calce_cs2,1.0038,-0.0018000000000000238,-0.0009399999999999853,7.468399999999999,1.4558
CS2_37,128,0.999,0.9148,3.6052,4.2,2.7582,0.3928,-0.5452,0.0,-0.56,0.25,22.4655,29.1333,21.09,2.049,6559.23,22.0,calce_cs2,1.002,-0.0030000000000000027,-0.001220000000000021,7.133299999999998,1.4418000000000002
CS2_37,129,0.9974,0.9133,3.5989,4.2,2.7479,0.3929,-0.5501,0.0,-0.56,0.25,22.7051,29.3057,20.9522,2.2147,6536.25,22.0,calce_cs2,0.999,-0.0016000000000000458,-0.0028200000000000226,7.305700000000002,1.4521000000000002
CS2_37,130,0.9998,0.9156,3.6044,4.2,2.7458,0.393,-0.5512,0.0,-0.56,0.25,22.6749,28.9816,21.0282,2.0814,6546.16,22.0,calce_cs2,0.9974,0.0024000000000000687,-0.0004999999999999894,6.9816,1.4542000000000002
CS2_37,131,0.9948,0.911,3.5917,4.2,2.7577,0.3931,-0.5424,0.0,-0.56,0.25,22.6046,29.1236,21.0509,2.1288,6488.26,22.0,calce_cs2,0.9998,-0.0050000000000000044,-0.0018000000000000017,7.1236,1.4423000000000004
CS2_37,132,1.0001,0.9158,3.6027,4.2,2.7582,0.3932,-0.5395,0.0,-0.56,0.25,22.5819,29.2852,20.9473,2.2269,6553.38,22.0,calce_cs2,0.9948,0.005299999999999971,-0.00038000000000000257,7.2852,1.4418000000000002
CS2_37,133,0.9976,0.9136,3.5965,4.2,2.7466,0.3933,-0.5469,0.0,-0.56,0.25,22.4381,29.0894,21.1231,2.0725,6534.22,22.0,calce_cs2,1.0001,-0.0024999999999999467,-0.00027999999999999136,7.089400000000001,1.4534000000000002
CS2_37,134,0.9951,0.9112,3.5951,4.2,2.7567,0.3934,-0.5412,0.0,-0.56,0.25,22.6473,29.2784,20.9138,2.1716,6517.45,22.0,calce_cs2,0.9976,-0.0025000000000000577,-0.0004599999999999937,7.278400000000001,1.4433000000000002
CS2_37,135,1.0018,0.9174,3.5891,4.2,2.755,0.3935,-0.5521,0.0,-0.56,0.25,22.2292,29.2921,21.0216,2.0953,6563.69,22.0,calce_cs2,0.9951,0.006700000000000039,0.00040000000000000034,7.292100000000001,1.4450000000000003
CS2_37,136,0.997,0.913,3.5974,4.2,2.7549,0.3936,-0.5412,0.0,-0.56,0.25,22.494,29.2711,21.0171,2.1441,6508.52,22.0,calce_cs2,1.0018,-0.0048000000000000265,0.00043999999999999595,7.271100000000001,1.4451
CS2_37,137,0.9961,0.9122,3.5937,4.2,2.7516,0.3937,-0.544,0.0,-0.56,0.25,22.5197,29.4575,21.019,2.0234,6513.77,22.0,calce_cs2,0.997,-0.0009000000000000119,-0.0008000000000000007,7.4575,1.4484000000000004
CS2_37,138,0.997,0.913,3.5996,4.2,2.7508,0.3938,-0.5451,0.0,-0.56,0.25,22.5104,29.4023,20.9454,2.0306,6516.48,22.0,calce_cs2,0.9961,0.0009000000000000119,-0.00012000000000000899,7.4023,1.4492000000000003
CS2_37,139,0.9974,0.9133,3.6009,4.2,2.7384,0.3939,-0.5525,0.0,-0.56,0.25,22.5656,29.1805,21.0509,2.0918,6512.46,22.0,calce_cs2,0.997,0.00039999999999995595,0.0004599999999999937,7.1804999999999986,1.4616000000000002
CS2_37,140,0.9937,0.9099,3.5913,4.2,2.7568,0.394,-0.5495,0.0,-0.56,0.25,22.4797,29.1376,21.0294,2.0899,6510.9,22.0,calce_cs2,0.9974,-0.0036999999999999256,-0.0016199999999999993,7.137599999999999,1.4432
CS2_37,141,0.9963,0.9124,3.5956,4.2,2.739,0.3941,-0.547,0.0,-0.56,0.25,22.5946,29.3468,21.0526,2.1004,6533.9,22.0,calce_cs2,0.9937,0.0025999999999999357,-0.0001400000000000068,7.346800000000002,1.4610000000000003
CS2_37,142,0.9948,0.911,3.6026,4.2,2.748,0.3942,-0.5531,0.0,-0.56,0.25,22.5447,29.2504,20.9409,2.2215,6495.6,22.0,calce_cs2,0.9963,-0.0014999999999999458,-0.0002599999999999936,7.250399999999999,1.452
CS2_37,143,0.9941,0.9103,3.5871,4.2,2.7402,0.3943,-0.5532,0.0,-0.56,0.25,22.4964,29.2739,21.1208,2.1336,6513.62,22.0,calce_cs2,0.9948,-0.0007000000000000339,-0.0005800000000000027,7.273900000000001,1.4598
CS2_37,144,0.9961,0.9121,3.5984,4.2,2.7465,0.3944,-0.5596,0.0,-0.56,0.25,22.5182,29.1076,20.8929,2.1885,6531.96,22.0,calce_cs2,0.9941,0.0020000000000000018,-0.0002599999999999936,7.1076000000000015,1.4535
CS2_37,145,0.9937,0.91,3.5939,4.2,2.7556,0.3945,-0.5501,0.0,-0.56,0.25,22.519,29.0946,21.0894,2.0386,6516.62,22.0,calce_cs2,0.9961,-0.0023999999999999577,0.0,7.0946,1.4444000000000004
CS2_37,146,0.9954,0.9115,3.5904,4.2,2.7546,0.3946,-0.5523,0.0,-0.56,0.25,22.6357,28.9994,20.912,2.0961,6507.55,22.0,calce_cs2,0.9937,0.0016999999999999238,-0.00018000000000000237,6.999400000000001,1.4454000000000002
CS2_37,147,0.9963,0.9124,3.5995,4.2,2.7608,0.3947,-0.5491,0.0,-0.56,0.25,22.2866,29.5021,21.004,2.1385,6515.17,22.0,calce_cs2,0.9954,0.0009000000000000119,0.0002999999999999892,7.502099999999999,1.4392
CS2_37,148,0.9884,0.9052,3.5968,4.2,2.7468,0.3948,-0.5532,0.0,-0.56,0.25,22.6003,29.3896,20.9597,2.1443,6499.54,22.0,calce_cs2,0.9963,-0.007900000000000018,-0.0011400000000000078,7.3896000000000015,1.4532000000000003
CS2_37,149,0.9916,0.9081,3.596,4.2,2.754,0.3949,-0.5474,0.0,-0.56,0.25,22.5186,29.4373,20.9889,2.0861,6478.51,22.0,calce_cs2,0.9884,0.0032000000000000917,-0.0008999999999999897,7.4373000000000005,1.4460000000000002
CS2_37,150,0.9876,0.9044,3.5893,4.2,2.7525,0.395,-0.5547,0.0,-0.56,0.25,22.7552,29.5327,21.0209,2.2068,6464.52,22.0,calce_cs2,0.9916,-0.0040000000000000036,-0.0012199999999999989,7.532699999999998,1.4475000000000002
CS2_37,151,0.9833,0.9005,3.5917,4.2,2.7553,0.3951,-0.5494,0.0,-0.56,0.25,22.5098,29.4395,21.0247,2.0858,6439.17,22.0,calce_cs2,0.9876,-0.0043000000000000815,-0.00242,7.439499999999999,1.4447
CS2_37,152,0.9851,0.9021,3.5898,4.2,2.7527,0.3952,-0.5493,0.0,-0.56,0.25,22.5059,29.3923,20.9955,1.9944,6462.29,22.0,calce_cs2,0.9833,0.0018000000000000238,-0.0022399999999999976,7.392299999999999,1.4473000000000003
CS2_37,153,0.9843,0.9014,3.5792,4.2,2.7601,0.3953,-0.5508,0.0,-0.56,0.25,22.7205,29.4278,20.8798,2.1512,6444.0,22.0,calce_cs2,0.9851,-0.0008000000000000229,-0.0008199999999999985,7.427800000000001,1.4399000000000002
CS2_37,154,0.9856,0.9025,3.5838,4.2,2.7464,0.3954,-0.56,0.0,-0.56,0.25,22.4196,29.4437,21.0785,2.0733,6443.89,22.0,calce_cs2,0.9843,0.0013000000000000789,-0.001200000000000001,7.4437,1.4536000000000002
CS2_37,155,0.984,0.9011,3.5928,4.2,2.7531,0.3955,-0.5401,0.0,-0.56,0.25,22.5923,29.2979,20.9981,2.0998,6451.38,22.0,calce_cs2,0.9856,-0.0016000000000000458,-0.0007200000000000095,7.2978999999999985,1.4469000000000003
CS2_37,156,0.9831,0.9003,3.5905,4.2,2.7492,0.3956,-0.5573,0.0,-0.56,0.25,22.4872,29.613,20.9942,2.0169,6449.36,22.0,calce_cs2,0.984,-0.0009000000000000119,-3.999999999999559e-05,7.6129999999999995,1.4508
CS2_37,157,0.9842,0.9013,3.5978,4.2,2.7475,0.3957,-0.5433,0.0,-0.56,0.25,22.5826,29.678,20.8102,2.0676,6431.74,22.0,calce_cs2,0.9831,0.0010999999999999899,-0.00018000000000000237,7.678000000000001,1.4525000000000001
CS2_37,158,0.9786,0.8961,3.5862,4.2,2.7526,0.3958,-0.5459,0.0,-0.56,0.25,22.6841,29.3007,20.858,2.0995,6380.47,22.0,calce_cs2,0.9842,-0.005599999999999938,-0.0011399999999999854,7.300699999999999,1.4474
CS2_37,159,0.9811,0.8984,3.5892,4.2,2.7505,0.3959,-0.5466,0.0,-0.56,0.25,22.7897,29.4108,20.8541,2.0953,6426.37,22.0,calce_cs2,0.9786,0.0024999999999999467,-0.0009000000000000119,7.410799999999998,1.4495
CS2_37,160,0.979,0.8966,3.6015,4.2,2.7502,0.396,-0.5514,0.0,-0.56,0.25,22.7185,29.3777,20.9444,2.0987,6405.63,22.0,calce_cs2,0.9811,-0.0020999999999999908,-0.0010000000000000009,7.377700000000001,1.4498000000000002
CS2_37,161,0.9802,0.8976,3.5787,4.2,2.7576,0.3961,-0.553,0.0,-0.56,0.25,22.6514,29.1612,20.9162,2.2008,6404.23,22.0,calce_cs2,0.979,0.0011999999999999789,-0.0005800000000000027,7.161200000000001,1.4424000000000001
CS2_37,162,0.9784,0.896,3.593,4.2,2.7518,0.3962,-0.5476,0.0,-0.56,0.25,22.6302,29.3833,21.0725,2.0985,6401.94,22.0,calce_cs2,0.9802,-0.0017999999999999128,-0.0011599999999999833,7.383299999999998,1.4482000000000004
CS2_37,163,0.9794,0.8969,3.5833,4.2,2.7549,0.3963,-0.5479,0.0,-0.56,0.25,22.8508,29.5327,21.1034,2.067,6385.19,22.0,calce_cs2,0.9784,0.0010000000000000009,0.0001600000000000046,7.532699999999998,1.4451
CS2_37,164,0.9779,0.8955,3.5879,4.2,2.7548,0.3964,-0.5451,0.0,-0.56,0.25,22.6543,29.4778,20.9767,2.117,6396.45,22.0,calce_cs2,0.9794,-0.0015000000000000568,-0.0006399999999999961,7.4777999999999984,1.4452000000000003
CS2_37,165,0.977,0.8947,3.5866,4.2,2.7542,0.3965,-0.5527,0.0,-0.56,0.25,22.6096,29.5858,20.891,2.0867,6391.7,22.0,calce_cs2,0.9779,-0.0009000000000000119,-0.00040000000000000034,7.585799999999999,1.4458000000000002
CS2_37,166,0.9777,0.8953,3.6017,4.2,2.7423,0.3966,-0.5519,0.0,-0.56,0.25,22.6729,29.3933,21.0888,2.0764,6403.48,22.0,calce_cs2,0.977,0.0007000000000000339,-0.0004999999999999894,7.3933,1.4577
CS2_37,167,0.9752,0.893,3.5754,4.2,2.7588,0.3967,-0.5473,0.0,-0.56,0.25,22.9275,29.6686,21.0032,2.1617,6395.75,22.0,calce_cs2,0.9777,-0.0025000000000000577,-0.0006400000000000184,7.668600000000001,1.4412000000000003
CS2_37,168,0.9742,0.8922,3.5684,4.2,2.7488,0.3968,-0.5463,0.0,-0.56,0.25,22.6233,29.6384,21.0534,2.0971,6388.13,22.0,calce_cs2,0.9752,-0.0010000000000000009,-0.0010400000000000188,7.638400000000001,1.4512
CS2_37,169,0.9741,0.892,3.5774,4.2,2.7394,0.3969,-0.544,0.0,-0.56,0.25,22.6576,29.4537,21.0482,2.138,6395.95,22.0,calce_cs2,0.9742,-9.999999999998899e-05,-0.0007600000000000051,7.453700000000001,1.4606000000000003
CS2_37,170,0.9726,0.8907,3.5803,4.2,2.7499,0.397,-0.5531,0.0,-0.56,0.25,22.4435,29.5617,20.9797,2.1434,6353.1,22.0,calce_cs2,0.9741,-0.0014999999999999458,-0.0008799999999999919,7.561699999999998,1.4501000000000004
CS2_37,171,0.976,0.8937,3.586,4.2,2.7424,0.3971,-0.5541,0.0,-0.56,0.25,22.7293,29.4867,21.054,2.0855,6373.44,22.0,calce_cs2,0.9726,0.0033999999999999586,-0.00034000000000000696,7.486699999999999,1.4576000000000002
CS2_37,172,0.9747,0.8926,3.5812,4.2,2.7577,0.3972,-0.5474,0.0,-0.56,0.25,22.7338,29.3647,20.8636,2.0841,6358.04,22.0,calce_cs2,0.976,-0.0012999999999999678,-9.999999999998899e-05,7.364699999999999,1.4423000000000004
CS2_37,173,0.9723,0.8904,3.5772,4.2,2.7533,0.3973,-0.5438,0.0,-0.56,0.25,22.8019,29.7173,21.0378,2.1141,6360.95,22.0,calce_cs2,0.9747,-0.0023999999999999577,-0.00037999999999998034,7.717300000000002,1.4467000000000003
CS2_37,174,0.9676,0.8861,3.5783,4.2,2.7503,0.3974,-0.557,0.0,-0.56,0.25,22.5441,29.1766,21.1703,2.0745,6340.84,22.0,calce_cs2,0.9723,-0.0047000000000000375,-0.00129999999999999,7.1766000000000005,1.4497
CS2_37,175,0.9728,0.8909,3.5786,4.2,2.7549,0.3975,-0.5434,0.0,-0.56,0.25,22.5962,29.6107,21.0047,2.2022,6374.48,22.0,calce_cs2,0.9676,0.005199999999999982,3.999999999999559e-05,7.610700000000001,1.4451
CS2_37,176,0.9727,0.8908,3.5781,4.2,2.7453,0.3976,-0.5536,0.0,-0.56,0.25,22.854,29.3723,21.0815,2.1032,6356.89,22.0,calce_cs2,0.9728,-9.999999999998899e-05,-0.0006599999999999939,7.372299999999999,1.4547000000000003
CS2_37,177,0.9657,0.8844,3.5862,4.2,2.7483,0.3977,-0.5458,0.0,-0.56,0.25,22.7458,29.5572,21.0089,2.0736,6321.68,22.0,calce_cs2,0.9727,-0.007000000000000006,-0.0018000000000000017,7.557200000000002,1.4517000000000002
CS2_37,178,0.9696,0.8879,3.5743,4.2,2.761,0.3978,-0.5444,0.0,-0.56,0.25,22.7978,29.5445,20.7953,2.104,6345.64,22.0,calce_cs2,0.9657,0.0039000000000000146,-0.0005400000000000072,7.544499999999999,1.439
CS2_37,179,0.9686,0.887,3.5775,4.2,2.7493,0.3979,-0.5511,0.0,-0.56,0.25,22.731,29.3285,21.0824,2.1626,6338.48,22.0,calce_cs2,0.9696,-0.0010000000000000009,0.00020000000000000017,7.328499999999998,1.4507000000000003
CS2_37,180,0.9692,0.8876,3.5794,4.2,2.7406,0.398,-0.5484,0.0,-0.56,0.25,22.7728,29.4203,21.0457,2.1305,6317.61,22.0,calce_cs2,0.9686,0.0005999999999999339,-0.0007200000000000095,7.420300000000001,1.4594
CS2_37,181,0.9691,0.8875,3.5833,4.2,2.7504,0.3981,-0.5439,0.0,-0.56,0.25,22.8832,29.5895,20.8974,2.0545,6339.43,22.0,calce_cs2,0.9692,-9.999999999998899e-05,-0.0007200000000000095,7.589500000000001,1.4496000000000002
CS2_37,182,0.971,0.8892,3.574,4.2,2.7514,0.3982,-0.5509,0.0,-0.56,0.25,22.5433,29.3914,21.0451,2.0448,6379.25,22.0,calce_cs2,0.9691,0.0019000000000000128,0.0010599999999999943,7.391400000000001,1.4486000000000003
CS2_37,183,0.9646,0.8833,3.5624,4.2,2.7583,0.3983,-0.5486,0.0,-0.56,0.25,22.6156,29.623,21.0018,2.1513,6311.4,22.0,calce_cs2,0.971,-0.006399999999999961,-0.0010000000000000009,7.623000000000001,1.4417
CS2_37,184,0.9705,0.8888,3.569,4.2,2.747,0.3984,-0.5473,0.0,-0.56,0.25,22.739,29.607,21.0747,2.1085,6346.16,22.0,calce_cs2,0.9646,0.005900000000000016,0.00038000000000000257,7.606999999999999,1.4530000000000003
CS2_37,185,0.965,0.8837,3.5862,4.2,2.7575,0.3985,-0.5486,0.0,-0.56,0.25,22.6225,29.4816,20.8063,2.0326,6320.64,22.0,calce_cs2,0.9705,-0.00550000000000006,-0.0008399999999999963,7.4816,1.4425000000000003
CS2_37,186,0.9645,0.8832,3.5712,4.2,2.7544,0.3986,-0.5481,0.0,-0.56,0.25,22.9752,29.5161,20.9598,2.0597,6320.67,22.0,calce_cs2,0.965,-0.0004999999999999449,-0.0009199999999999875,7.516100000000002,1.4456000000000002
CS2_37,187,0.9662,0.8848,3.5837,4.2,2.7492,0.3987,-0.5491,0.0,-0.56,0.25,22.697,29.6203,21.055,2.0926,6317.91,22.0,calce_cs2,0.9645,0.0016999999999999238,-0.0009600000000000053,7.6203,1.4508
CS2_37,188,0.9676,0.886,3.5871,4.2,2.756,0.3988,-0.5533,0.0,-0.56,0.25,22.8106,29.5322,21.2027,2.207,6322.61,22.0,calce_cs2,0.9662,0.0014000000000000679,0.0006000000000000005,7.5322,1.4440000000000004
CS2_37,189,0.9634,0.8822,3.559,4.2,2.7463,0.3989,-0.5461,0.0,-0.56,0.25,22.8229,29.6129,21.0084,2.0931,6317.39,22.0,calce_cs2,0.9676,-0.0041999999999999815,-0.001419999999999999,7.6129,1.4537
CS2_37,190,0.9645,0.8833,3.5719,4.2,2.7545,0.399,-0.5425,0.0,-0.56,0.25,22.9099,29.444,20.9767,2.1148,6296.24,22.0,calce_cs2,0.9634,0.0010999999999999899,-9.999999999998899e-05,7.443999999999999,1.4455
CS2_37,191,0.9578,0.8771,3.572,4.2,2.7506,0.3991,-0.5439,0.0,-0.56,0.25,22.6521,29.8239,20.953,2.0617,6242.62,22.0,calce_cs2,0.9645,-0.006700000000000039,-0.0013400000000000079,7.823899999999998,1.4494000000000002
CS2_37,192,0.9638,0.8826,3.5656,4.2,2.7471,0.3992,-0.5449,0.0,-0.56,0.25,22.813,29.4671,21.007,2.1624,6299.61,22.0,calce_cs2,0.9578,0.006000000000000005,-0.00047999999999999156,7.4670999999999985,1.4529
CS2_37,193,0.9614,0.8804,3.5789,4.2,2.7424,0.3993,-0.5514,0.0,-0.56,0.25,22.8852,29.3817,21.0917,2.1389,6275.66,22.0,calce_cs2,0.9638,-0.0023999999999999577,-0.0012399999999999967,7.381699999999999,1.4576000000000002
CS2_37,194,0.96,0.8792,3.5734,4.2,2.7468,0.3994,-0.5484,0.0,-0.56,0.25,22.5653,29.5214,20.8754,2.1276,6272.98,22.0,calce_cs2,0.9614,-0.0014000000000000679,-0.0006800000000000139,7.5214,1.4532000000000003
CS2_37,195,0.9642,0.883,3.5762,4.2,2.7475,0.3995,-0.5445,0.0,-0.56,0.25,22.7171,29.5038,21.0881,2.1875,6338.47,22.0,calce_cs2,0.96,0.0041999999999999815,-6.0000000000015594e-05,7.503799999999998,1.4525000000000001
CS2_37,196,0.9625,0.8814,3.5808,4.2,2.7546,0.3996,-0.5492,0.0,-0.56,0.25,22.761,29.524,20.9565,2.073,6306.57,22.0,calce_cs2,0.9642,-0.0016999999999999238,0.0009400000000000075,7.524000000000001,1.4454000000000002
CS2_37,197,0.9588,0.878,3.5703,4.2,2.7391,0.3997,-0.5394,0.0,-0.56,0.25,22.5357,29.7957,20.9756,2.1534,6280.39,22.0,calce_cs2,0.9625,-0.0037000000000000366,-0.0010000000000000009,7.7957,1.4609
CS2_37,198,0.9575,0.8768,3.5628,4.2,2.7491,0.3998,-0.5527,0.0,-0.56,0.25,22.6791,29.6651,21.0727,2.1047,6247.86,22.0,calce_cs2,0.9588,-0.0012999999999999678,-0.0007800000000000029,7.665099999999999,1.4509000000000003
CS2_37,199,0.9572,0.8766,3.5695,4.2,2.7519,0.3999,-0.5549,0.0,-0.56,0.25,22.6547,29.8917,21.0298,2.0937,6275.89,22.0,calce_cs2,0.9575,-0.00029999999999996696,-0.0005599999999999827,7.8917,1.4481000000000002
CS2_37,200,0.9568,0.8762,3.5615,4.2,2.7499,0.4,-0.5454,0.0,-0.56,0.25,22.7187,29.89,21.0643,2.1021,6265.98,22.0,calce_cs2,0.9572,-0.00040000000000006697,-0.0014799999999999924,7.890000000000001,1.4501000000000004
CS2_37,201,0.9577,0.8771,3.5685,4.2,2.7454,0.4001,-0.5497,0.0,-0.56,0.25,22.7612,29.7468,20.8633,2.1121,6279.45,22.0,calce_cs2,0.9568,0.0009000000000000119,-0.0009600000000000053,7.7468,1.4546000000000001
CS2_37,202,0.9595,0.8787,3.5712,4.2,2.7457,0.4002,-0.5547,0.0,-0.56,0.25,22.8829,29.6333,21.054,2.1145,6286.18,22.0,calce_cs2,0.9577,0.0018000000000000238,0.0001400000000000068,7.633299999999998,1.4543000000000004
CS2_37,203,0.957,0.8764,3.5626,4.2,2.7564,0.4003,-0.5437,0.0,-0.56,0.25,22.753,29.761,20.9083,2.124,6265.54,22.0,calce_cs2,0.9595,-0.0025000000000000577,-0.00010000000000001119,7.760999999999999,1.4436
CS2_37,204,0.9578,0.8771,3.5653,4.2,2.755,0.4004,-0.5516,0.0,-0.56,0.25,22.7584,29.7236,21.0389,2.1581,6281.43,22.0,calce_cs2,0.957,0.0008000000000000229,0.00011999999999998679,7.723600000000001,1.4450000000000003
CS2_37,205,0.9526,0.8723,3.5593,4.2,2.744,0.4005,-0.5576,0.0,-0.56,0.25,22.7012,29.6967,21.0461,2.0526,6231.98,22.0,calce_cs2,0.9578,-0.005199999999999982,-0.0008399999999999963,7.6967,1.456
CS2_37,206,0.9531,0.8728,3.5662,4.2,2.7536,0.4006,-0.5467,0.0,-0.56,0.25,22.9448,29.7452,20.9176,2.0539,6265.82,22.0,calce_cs2,0.9526,0.0004999999999999449,-0.0009200000000000097,7.7452000000000005,1.4464000000000001
CS2_37,207,0.9533,0.873,3.5779,4.2,2.752,0.4007,-0.5531,0.0,-0.56,0.25,22.651,29.6396,20.9633,2.1734,6254.07,22.0,calce_cs2,0.9531,0.000200000000000089,-0.0012399999999999967,7.6396000000000015,1.4480000000000004
CS2_37,208,0.9527,0.8724,3.5679,4.2,2.7506,0.4008,-0.5461,0.0,-0.56,0.25,22.6647,29.7325,21.0263,2.1182,6205.19,22.0,calce_cs2,0.9533,-0.0006000000000000449,-0.0008599999999999941,7.732500000000002,1.4494000000000002
CS2_37,209,0.953,0.8727,3.5671,4.2,2.747,0.4009,-0.5415,0.0,-0.56,0.25,22.6468,29.5491,21.0954,2.1107,6228.13,22.0,calce_cs2,0.9527,0.00029999999999996696,-0.0009600000000000053,7.549099999999999,1.4530000000000003
CS2_37,210,0.9532,0.8729,3.5642,4.2,2.7518,0.401,-0.5545,0.0,-0.56,0.25,22.6247,29.7324,20.9971,2.0781,6254.15,22.0,calce_cs2,0.953,0.000200000000000089,0.00012000000000000899,7.732399999999998,1.4482000000000004
CS2_37,211,0.9522,0.872,3.5648,4.2,2.755,0.4011,-0.5505,0.0,-0.56,0.25,22.7547,29.9779,21.0426,2.1151,6221.77,22.0,calce_cs2,0.9532,-0.0010000000000000009,-0.00017999999999998017,7.977900000000002,1.4450000000000003
CS2_37,212,0.9519,0.8717,3.56,4.2,2.7547,0.4012,-0.5506,0.0,-0.56,0.25,22.8284,29.8705,20.9369,2.1742,6226.43,22.0,calce_cs2,0.9522,-0.000300000000000078,-0.0002800000000000136,7.8705,1.4453
CS2_37,213,0.949,0.869,3.555,4.2,2.7506,0.4013,-0.5506,0.0,-0.56,0.25,22.5688,29.5769,21.0201,2.0996,6209.69,22.0,calce_cs2,0.9519,-0.0029000000000000137,-0.0007400000000000074,7.576899999999998,1.4494000000000002
CS2_37,214,0.9457,0.8661,3.5665,4.2,2.7507,0.4014,-0.5408,0.0,-0.56,0.25,22.6883,29.7979,21.1459,2.1022,6187.42,22.0,calce_cs2,0.949,-0.0032999999999999696,-0.0014599999999999947,7.7978999999999985,1.4493
CS2_37,215,0.9458,0.8661,3.5669,4.2,2.7556,0.4015,-0.5405,0.0,-0.56,0.25,22.801,29.5659,21.0107,2.1031,6189.73,22.0,calce_cs2,0.9457,9.999999999998899e-05,-0.0014800000000000147,7.565899999999999,1.4444000000000004
CS2_37,216,0.9481,0.8682,3.567,4.2,2.7443,0.4016,-0.5507,0.0,-0.56,0.25,23.002,29.7273,21.0234,2.1922,6213.76,22.0,calce_cs2,0.9458,0.0023000000000000798,-0.0008199999999999985,7.7273,1.4557000000000002
CS2_37,217,0.9428,0.8633,3.5787,4.2,2.7548,0.4017,-0.5525,0.0,-0.56,0.25,22.7856,29.672,20.9429,2.1094,6167.81,22.0,calce_cs2,0.9481,-0.005300000000000082,-0.0018199999999999994,7.672000000000001,1.4452000000000003
CS2_37,218,0.9475,0.8677,3.5713,4.2,2.7526,0.4018,-0.5495,0.0,-0.56,0.25,22.7299,29.9227,20.9258,2.1229,6186.65,22.0,calce_cs2,0.9428,0.0047000000000000375,-0.0002999999999999892,7.922699999999999,1.4474
CS2_37,219,0.9489,0.869,3.5552,4.2,2.7588,0.4019,-0.5563,0.0,-0.56,0.25,22.8538,29.9926,20.963,2.1322,6212.92,22.0,calce_cs2,0.9475,0.0013999999999999568,0.0006399999999999961,7.9925999999999995,1.4412000000000003
CS2_37,220,0.9446,0.865,3.5579,4.2,2.7452,0.402,-0.5497,0.0,-0.56,0.25,22.6283,29.8371,21.1849,2.0531,6195.25,22.0,calce_cs2,0.9489,-0.0042999999999999705,-0.00023999999999999578,7.8370999999999995,1.4548
CS2_37,221,0.9508,0.8707,3.5626,4.2,2.7548,0.4021,-0.537,0.0,-0.56,0.25,22.8152,29.8582,21.0672,2.1483,6225.39,22.0,calce_cs2,0.9446,0.006199999999999983,0.0005399999999999849,7.8582,1.4452000000000003
CS2_37,222,0.9423,0.8629,3.5582,4.2,2.7527,0.4022,-0.5437,0.0,-0.56,0.25,23.105,29.7908,20.9725,2.1162,6155.04,22.0,calce_cs2,0.9508,-0.008499999999999952,-9.999999999998899e-05,7.790800000000001,1.4473000000000003
CS2_37,223,0.9428,0.8634,3.5571,4.2,2.7416,0.4023,-0.5554,0.0,-0.56,0.25,22.7241,29.5687,21.0809,2.0866,6151.63,22.0,calce_cs2,0.9423,0.0004999999999999449,-0.0009400000000000075,7.5687,1.4584000000000001
CS2_37,224,0.9407,0.8614,3.5621,4.2,2.7463,0.4024,-0.5541,0.0,-0.56,0.25,22.9884,29.8017,21.0144,2.0396,6182.83,22.0,calce_cs2,0.9428,-0.0020999999999999908,-0.001639999999999997,7.8017,1.4537
CS2_37,225,0.943,0.8635,3.5603,4.2,2.7468,0.4025,-0.5493,0.0,-0.56,0.25,22.7762,30.0512,20.8975,2.0503,6178.66,22.0,calce_cs2,0.9407,0.0022999999999999687,-0.0003200000000000092,8.051200000000001,1.4532000000000003
CS2_37,226,0.9432,0.8637,3.5495,4.2,2.7463,0.4026,-0.5436,0.0,-0.56,0.25,22.9678,29.7687,21.1064,2.0945,6146.02,22.0,calce_cs2,0.943,0.000200000000000089,-0.001519999999999988,7.768699999999999,1.4537
CS2_37,227,0.9409,0.8617,3.571,4.2,2.7495,0.4027,-0.5524,0.0,-0.56,0.25,22.9279,30.1482,20.9339,2.0801,6170.82,22.0,calce_cs2,0.9432,-0.0023000000000000798,-0.0002800000000000136,8.1482,1.4505000000000003
CS2_37,228,0.938,0.859,3.5583,4.2,2.7399,0.4028,-0.5474,0.0,-0.56,0.25,22.8581,29.8396,20.8449,2.1358,6147.8,22.0,calce_cs2,0.9409,-0.0029000000000000137,-0.0009600000000000053,7.839600000000001,1.4601000000000002
CS2_37,229,0.9355,0.8567,3.5638,4.2,2.7439,0.4029,-0.5509,0.0,-0.56,0.25,22.873,29.7354,21.022,2.052,6117.43,22.0,calce_cs2,0.938,-0.0024999999999999467,-0.0010399999999999964,7.7353999999999985,1.4561000000000002
CS2_37,230,0.9373,0.8583,3.5629,4.2,2.7499,0.403,-0.5467,0.0,-0.56,0.25,22.9328,30.0075,20.9873,2.0976,6135.01,22.0,calce_cs2,0.9355,0.0018000000000000238,-0.0011399999999999854,8.0075,1.4501000000000004
CS2_37,231,0.9375,0.8585,3.5548,4.2,2.7485,0.4031,-0.5512,0.0,-0.56,0.25,23.1267,29.9486,20.9698,2.0811,6140.1,22.0,calce_cs2,0.9373,0.00019999999999997797,-0.0011400000000000078,7.948599999999999,1.4515000000000002
CS2_37,232,0.9384,0.8593,3.5694,4.2,2.7519,0.4032,-0.5465,0.0,-0.56,0.25,22.8448,29.9179,20.9968,2.0703,6138.27,22.0,calce_cs2,0.9375,0.0009000000000000119,-0.0004999999999999894,7.9178999999999995,1.4481000000000002
CS2_37,233,0.9375,0.8585,3.5494,4.2,2.7374,0.4033,-0.5513,0.0,-0.56,0.25,22.7716,29.8809,20.913,2.07,6127.49,22.0,calce_cs2,0.9384,-0.0009000000000000119,-9.999999999998899e-05,7.8809000000000005,1.4626000000000001
CS2_37,234,0.9379,0.8589,3.5594,4.2,2.76,0.4034,-0.5479,0.0,-0.56,0.25,22.8094,29.6701,20.9884,2.0245,6153.1,22.0,calce_cs2,0.9375,0.00039999999999995595,0.00047999999999999156,7.6701000000000015,1.4400000000000004
CS2_37,235,0.9331,0.8545,3.5675,4.2,2.7454,0.4035,-0.5548,0.0,-0.56,0.25,22.9653,30.0324,21.0273,2.0285,6084.98,22.0,calce_cs2,0.9379,-0.0047999999999999154,-0.0008399999999999963,8.032399999999999,1.4546000000000001
CS2_37,236,0.9326,0.8541,3.5585,4.2,2.7532,0.4036,-0.5504,0.0,-0.56,0.25,22.8425,29.7279,21.0048,2.0575,6112.48,22.0,calce_cs2,0.9331,-0.000500000000000056,-0.000980000000000003,7.727900000000002,1.4468
CS2_37,237,0.9322,0.8537,3.5564,4.2,2.7487,0.4037,-0.5539,0.0,-0.56,0.25,22.872,30.0662,20.9315,2.0883,6126.77,22.0,calce_cs2,0.9326,-0.00039999999999995595,-0.0012399999999999967,8.066199999999998,1.4513000000000003
CS2_37,238,0.9352,0.8565,3.5498,4.2,2.7578,0.4038,-0.5514,0.0,-0.56,0.25,22.8615,30.0417,21.175,2.1118,6105.34,22.0,calce_cs2,0.9322,0.0030000000000000027,-0.0004599999999999937,8.041699999999999,1.4422000000000001
CS2_37,239,0.9339,0.8552,3.5566,4.2,2.7553,0.4039,-0.5581,0.0,-0.56,0.25,23.0068,29.9161,21.0717,2.0963,6105.18,22.0,calce_cs2,0.9352,-0.0013000000000000789,-0.0008000000000000007,7.9161,1.4447
CS2_37,240,0.9334,0.8548,3.5538,4.2,2.7466,0.404,-0.5522,0.0,-0.56,0.25,23.0246,30.1161,20.9927,2.1634,6130.29,22.0,calce_cs2,0.9339,-0.0004999999999999449,5.9999999999993395e-05,8.1161,1.4534000000000002
CS2_37,241,0.9344,0.8557,3.5605,4.2,2.744,0.4041,-0.543,0.0,-0.56,0.25,22.9126,29.9424,21.0866,2.094,6119.6,22.0,calce_cs2,0.9334,0.0010000000000000009,0.00036000000000000474,7.942399999999999,1.456
CS2_37,242,0.93,0.8517,3.5464,4.2,2.7499,0.4042,-0.5451,0.0,-0.56,0.25,22.8512,30.0031,21.0032,2.2222,6063.83,22.0,calce_cs2,0.9344,-0.0043999999999999595,-0.00043999999999999595,8.0031,1.4501000000000004
CS2_37,243,0.9335,0.8549,3.5633,4.2,2.7483,0.4043,-0.5528,0.0,-0.56,0.25,22.9308,29.8869,20.9137,2.1136,6122.6,22.0,calce_cs2,0.93,0.0034999999999999476,-0.00034000000000000696,7.886900000000001,1.4517000000000002
CS2_37,244,0.9318,0.8533,3.5568,4.2,2.7574,0.4044,-0.5515,0.0,-0.56,0.25,22.9983,30.2109,20.8734,2.1195,6105.94,22.0,calce_cs2,0.9335,-0.0017000000000000348,-0.0004199999999999982,8.210899999999999,1.4426
CS2_37,245,0.9276,0.8494,3.5502,4.2,2.7491,0.4045,-0.5552,0.0,-0.56,0.25,22.9026,30.0555,20.9797,2.1794,6054.39,22.0,calce_cs2,0.9318,-0.0041999999999999815,-0.0011600000000000054,8.055499999999999,1.4509000000000003
CS2_37,246,0.925,0.847,3.5483,4.2,2.7475,0.4046,-0.5543,0.0,-0.56,0.25,22.9353,29.8858,20.9622,2.0821,6045.69,22.0,calce_cs2,0.9276,-0.0025999999999999357,-0.0018799999999999928,7.8858,1.4525000000000001
CS2_37,247,0.9276,0.8494,3.55,4.2,2.7504,0.4047,-0.5543,0.0,-0.56,0.25,22.8631,30.0527,21.0012,2.0455,6063.77,22.0,calce_cs2,0.925,0.0025999999999999357,-0.00048000000000001373,8.052700000000002,1.4496000000000002
CS2_37,248,0.9257,0.8477,3.5389,4.2,2.7499,0.4048,-0.5496,0.0,-0.56,0.25,23.0034,29.8266,20.9998,2.1066,6072.92,22.0,calce_cs2,0.9276,-0.0019000000000000128,-0.0015600000000000058,7.826599999999999,1.4501000000000004
CS2_37,249,0.9285,0.8503,3.557,4.2,2.7429,0.4049,-0.545,0.0,-0.56,0.25,23.0037,29.9699,20.9424,2.0644,6090.82,22.0,calce_cs2,0.9257,0.0028000000000000247,-0.0006599999999999939,7.969899999999999,1.4571
CS2_37,250,0.9284,0.8502,3.5521,4.2,2.7429,0.405,-0.5469,0.0,-0.56,0.25,22.972,29.9022,20.8504,2.0909,6076.33,22.0,calce_cs2,0.9285,-9.999999999998899e-05,0.0001600000000000046,7.902200000000001,1.4571
CS2_37,251,0.929,0.8507,3.5412,4.2,2.7495,0.4051,-0.5481,0.0,-0.56,0.25,22.988,29.8713,21.08,2.2802,6077.9,22.0,calce_cs2,0.9284,0.0006000000000000449,0.0008000000000000007,7.8713000000000015,1.4505000000000003
CS2_37,252,0.9248,0.8469,3.5524,4.2,2.7472,0.4052,-0.5541,0.0,-0.56,0.25,22.9641,29.684,21.1209,2.1052,6015.55,22.0,calce_cs2,0.929,-0.0042000000000000925,-0.0005600000000000049,7.684000000000001,1.4528000000000003
CS2_37,253,0.9256,0.8477,3.5485,4.2,2.7524,0.4053,-0.5455,0.0,-0.56,0.25,23.3191,30.0755,20.9473,2.083,6048.55,22.0,calce_cs2,0.9248,0.0008000000000000229,-1.9999999999997796e-05,8.075500000000002,1.4476
CS2_37,254,0.9239,0.8461,3.5418,4.2,2.7495,0.4054,-0.5554,0.0,-0.56,0.25,23.2494,30.013,21.0609,2.1202,6056.82,22.0,calce_cs2,0.9256,-0.0016999999999999238,-0.0009199999999999875,8.013000000000002,1.4505000000000003
CS2_37,255,0.9228,0.8451,3.5506,4.2,2.7496,0.4055,-0.557,0.0,-0.56,0.25,23.0186,29.8315,21.0978,2.1806,6052.16,22.0,calce_cs2,0.9239,-0.001100000000000101,-0.0011200000000000099,7.831499999999998,1.4504000000000001
CS2_37,256,0.9226,0.8448,3.555,4.2,2.75,0.4056,-0.5523,0.0,-0.56,0.25,22.9537,29.8295,20.7947,2.0585,6038.37,22.0,calce_cs2,0.9228,-0.00019999999999997797,-0.0012800000000000144,7.8294999999999995,1.4500000000000002
CS2_37,257,0.9225,0.8448,3.5446,4.2,2.7576,0.4057,-0.5558,0.0,-0.56,0.25,23.243,30.0887,21.0119,2.0749,6044.57,22.0,calce_cs2,0.9226,-9.999999999998899e-05,-0.0004599999999999937,8.0887,1.4424000000000001
CS2_37,258,0.9211,0.8435,3.5564,4.2,2.7541,0.4058,-0.5512,0.0,-0.56,0.25,22.9383,30.0833,20.9417,2.1196,6028.73,22.0,calce_cs2,0.9225,-0.0013999999999999568,-0.0008999999999999897,8.083300000000001,1.4459
CS2_37,259,0.9218,0.8442,3.5358,4.2,2.7444,0.4059,-0.5522,0.0,-0.56,0.25,22.9333,29.7807,20.8928,2.1614,6013.42,22.0,calce_cs2,0.9211,0.0006999999999999229,-0.00042000000000002035,7.7806999999999995,1.4556
CS2_37,260,0.9182,0.8408,3.5553,4.2,2.7501,0.406,-0.551,0.0,-0.56,0.25,22.9717,30.4281,20.9317,2.0204,6009.97,22.0,calce_cs2,0.9218,-0.0035999999999999366,-0.0009199999999999875,8.4281,1.4499
CS2_37,261,0.9192,0.8417,3.5513,4.2,2.7527,0.4061,-0.5499,0.0,-0.56,0.25,22.9535,29.8016,20.8781,2.0869,6045.49,22.0,calce_cs2,0.9182,0.0010000000000000009,-0.0006799999999999917,7.8016000000000005,1.4473000000000003
CS2_37,262,0.9184,0.841,3.5374,4.2,2.7442,0.4062,-0.5457,0.0,-0.56,0.25,23.2045,29.9276,20.9645,2.1281,6010.78,22.0,calce_cs2,0.9192,-0.0008000000000000229,-0.0008199999999999985,7.927600000000002,1.4558
CS2_37,263,0.9208,0.8433,3.5502,4.2,2.7481,0.4063,-0.5517,0.0,-0.56,0.25,23.001,30.158,20.9892,2.085,6017.07,22.0,calce_cs2,0.9184,0.0023999999999999577,-6.0000000000015594e-05,8.158000000000001,1.4519000000000002
CS2_37,264,0.9181,0.8407,3.5354,4.2,2.7481,0.4064,-0.5436,0.0,-0.56,0.25,23.1329,30.1452,21.116,2.169,6010.7,22.0,calce_cs2,0.9208,-0.0026999999999999247,-0.0007399999999999851,8.145199999999999,1.4519000000000002
CS2_37,265,0.919,0.8416,3.5378,4.2,2.7526,0.4065,-0.5444,0.0,-0.56,0.25,22.9202,30.083,20.9602,2.1223,6011.07,22.0,calce_cs2,0.9181,0.0009000000000000119,0.0001600000000000046,8.082999999999998,1.4474
CS2_37,266,0.919,0.8416,3.5379,4.2,2.7591,0.4066,-0.5501,0.0,-0.56,0.25,23.1398,30.292,20.8976,2.0237,6058.52,22.0,calce_cs2,0.919,0.0,-3.999999999999559e-05,8.292000000000002,1.4409
CS2_37,267,0.9163,0.8391,3.5441,4.2,2.7473,0.4067,-0.5511,0.0,-0.56,0.25,22.9834,30.0674,21.0284,2.1003,5995.64,22.0,calce_cs2,0.919,-0.0027000000000000357,-0.0004199999999999982,8.0674,1.4527
CS2_37,268,0.9151,0.838,3.5421,4.2,2.7467,0.4068,-0.5431,0.0,-0.56,0.25,23.152,30.0308,21.0745,2.1341,6004.29,22.0,calce_cs2,0.9163,-0.0011999999999999789,-0.0011399999999999854,8.0308,1.4533
CS2_37,269,0.9156,0.8385,3.5431,4.2,2.745,0.4069,-0.5513,0.0,-0.56,0.25,23.1149,29.912,20.9696,2.058,6015.68,22.0,calce_cs2,0.9151,0.0004999999999999449,-0.0005000000000000115,7.911999999999999,1.455
CS2_37,270,0.915,0.8379,3.542,4.2,2.7472,0.407,-0.5494,0.0,-0.56,0.25,23.0914,29.8834,21.0398,2.098,5976.27,22.0,calce_cs2,0.9156,-0.0005999999999999339,-0.0008000000000000007,7.883400000000002,1.4528000000000003
CS2_37,271,0.9132,0.8363,3.5341,4.2,2.7493,0.4071,-0.5544,0.0,-0.56,0.25,23.1467,29.9495,20.993,1.9495,5971.68,22.0,calce_cs2,0.915,-0.0018000000000000238,-0.0011600000000000054,7.9495000000000005,1.4507000000000003
CS2_37,272,0.914,0.837,3.531,4.2,2.7441,0.4072,-0.5471,0.0,-0.56,0.25,23.0839,29.9924,21.1352,2.0826,5972.42,22.0,calce_cs2,0.9132,0.0008000000000000229,-0.0004599999999999937,7.9924,1.4559000000000002
CS2_37,273,0.9125,0.8356,3.5499,4.2,2.7476,0.4073,-0.5464,0.0,-0.56,0.25,23.2837,30.0707,21.1002,2.1197,5994.03,22.0,calce_cs2,0.914,-0.0015000000000000568,-0.0005200000000000094,8.070699999999999,1.4524000000000004
CS2_37,274,0.9137,0.8367,3.5396,4.2,2.751,0.4074,-0.554,0.0,-0.56,0.25,23.2124,30.1805,21.0751,2.09,5998.47,22.0,calce_cs2,0.9125,0.0011999999999999789,-0.00038000000000000257,8.180499999999999,1.4490000000000003
CS2_37,275,0.9152,0.8381,3.5334,4.2,2.7499,0.4075,-0.5474,0.0,-0.56,0.25,22.9873,30.1595,21.0496,2.0838,5980.87,22.0,calce_cs2,0.9137,0.0015000000000000568,3.999999999999559e-05,8.159500000000001,1.4501000000000004
CS2_37,276,0.9145,0.8375,3.542,4.2,2.7401,0.4076,-0.5487,0.0,-0.56,0.25,22.9327,30.2022,21.007,2.0149,5997.7,22.0,calce_cs2,0.9152,-0.0007000000000000339,0.0002599999999999936,8.202200000000001,1.4599000000000002
CS2_37,277,0.9106,0.8338,3.531,4.2,2.745,0.4077,-0.5553,0.0,-0.56,0.25,23.0368,30.2449,20.9688,2.0125,5951.65,22.0,calce_cs2,0.9145,-0.0039000000000000146,-0.0006800000000000139,8.244900000000001,1.455
CS2_37,278,0.91,0.8333,3.5386,4.2,2.752,0.4078,-0.5476,0.0,-0.56,0.25,23.0895,30.3892,21.0879,2.0801,6007.06,22.0,calce_cs2,0.9106,-0.0005999999999999339,-0.0004999999999999894,8.389199999999999,1.4480000000000004
CS2_37,279,0.9146,0.8376,3.5384,4.2,2.7564,0.4079,-0.5496,0.0,-0.56,0.25,23.0959,30.166,21.141,2.0884,6028.91,22.0,calce_cs2,0.91,0.0045999999999999375,0.00018000000000000237,8.166,1.4436
CS2_37,280,0.9065,0.8302,3.5307,4.2,2.7506,0.408,-0.549,0.0,-0.56,0.25,22.9158,30.1621,21.1085,2.0563,5940.61,22.0,calce_cs2,0.9146,-0.008099999999999996,-0.0017400000000000083,8.162099999999999,1.4494000000000002
CS2_37,281,0.9098,0.8332,3.5318,4.2,2.7567,0.4081,-0.5471,0.0,-0.56,0.25,23.0437,30.2521,20.9913,2.1762,5941.54,22.0,calce_cs2,0.9065,0.0033000000000000806,-0.0009399999999999853,8.252099999999999,1.4433000000000002
CS2_37,282,0.9056,0.8293,3.5376,4.2,2.75,0.4082,-0.5488,0.0,-0.56,0.25,23.1116,30.2051,20.9849,2.1125,5920.46,22.0,calce_cs2,0.9098,-0.0042000000000000925,-0.0010000000000000009,8.205100000000002,1.4500000000000002
CS2_37,283,0.9062,0.8299,3.5328,4.2,2.7518,0.4083,-0.5613,0.0,-0.56,0.25,23.1062,30.2412,21.0723,2.0417,5919.62,22.0,calce_cs2,0.9056,0.0006000000000000449,-0.0007600000000000051,8.2412,1.4482000000000004
CS2_37,284,0.9099,0.8332,3.5264,4.2,2.7441,0.4084,-0.5555,0.0,-0.56,0.25,23.1733,29.8344,20.9938,2.0211,5981.86,22.0,calce_cs2,0.9062,0.0037000000000000366,-0.0009399999999999853,7.834399999999999,1.4559000000000002
CS2_37,285,0.9059,0.8296,3.5286,4.2,2.7453,0.4085,-0.5432,0.0,-0.56,0.25,23.2385,30.1661,21.0848,2.0502,5922.84,22.0,calce_cs2,0.9099,-0.0040000000000000036,-0.00011999999999998679,8.1661,1.4547000000000003
CS2_37,286,0.9052,0.8289,3.5371,4.2,2.7471,0.4086,-0.5458,0.0,-0.56,0.25,23.1524,30.1221,21.0012,2.1163,5927.93,22.0,calce_cs2,0.9059,-0.0007000000000000339,-0.0009200000000000097,8.1221,1.4529
CS2_37,287,0.9121,0.8353,3.53,4.2,2.7527,0.4087,-0.569,0.0,-0.56,0.25,22.914,30.3025,20.8852,2.0788,5949.36,22.0,calce_cs2,0.9052,0.006900000000000017,0.0013000000000000123,8.302499999999998,1.4473000000000003
CS2_37,288,0.9039,0.8278,3.5485,4.2,2.7428,0.4088,-0.5557,0.0,-0.56,0.25,22.999,30.1705,21.0524,2.0782,5953.64,22.0,calce_cs2,0.9121,-0.008199999999999985,-0.0004599999999999937,8.1705,1.4572000000000003
CS2_37,289,0.9048,0.8286,3.5274,4.2,2.7506,0.4089,-0.5473,0.0,-0.56,0.25,23.0714,30.1059,20.9464,2.0894,5929.63,22.0,calce_cs2,0.9039,0.0009000000000000119,-0.0010199999999999988,8.105899999999998,1.4494000000000002
CS2_37,290,0.9083,0.8318,3.5273,4.2,2.7443,0.409,-0.5473,0.0,-0.56,0.25,23.2218,30.2491,20.9248,2.0322,5952.76,22.0,calce_cs2,0.9048,0.0034999999999999476,0.00047999999999999156,8.249099999999999,1.4557000000000002
CS2_37,291,0.9034,0.8272,3.5347,4.2,2.749,0.4091,-0.5457,0.0,-0.56,0.25,23.0725,30.0748,20.9741,2.0206,5916.88,22.0,calce_cs2,0.9083,-0.0049000000000000155,-0.00036000000000000474,8.0748,1.451
CS2_37,292,0.9035,0.8274,3.538,4.2,2.7469,0.4092,-0.5595,0.0,-0.56,0.25,23.1612,30.265,21.0576,2.139,5930.29,22.0,calce_cs2,0.9034,9.999999999998899e-05,-0.0017200000000000104,8.265,1.4531
CS2_37,293,0.9021,0.8261,3.5381,4.2,2.7606,0.4093,-0.553,0.0,-0.56,0.25,23.0967,30.2101,21.0666,2.1388,5909.74,22.0,calce_cs2,0.9035,-0.0013999999999999568,-0.00036000000000000474,8.2101,1.4394
CS2_37,294,0.905,0.8287,3.5331,4.2,2.7505,0.4094,-0.5651,0.0,-0.56,0.25,23.2154,30.3191,21.0085,2.1,5919.76,22.0,calce_cs2,0.9021,0.0029000000000000137,3.999999999999559e-05,8.319099999999999,1.4495
CS2_37,295,0.9007,0.8248,3.5297,4.2,2.7463,0.4095,-0.5546,0.0,-0.56,0.25,23.1536,30.0009,20.9115,2.2184,5892.79,22.0,calce_cs2,0.905,-0.0043000000000000815,-0.0015200000000000103,8.000900000000001,1.4537
CS2_37,296,0.9033,0.8272,3.5313,4.2,2.7558,0.4096,-0.5491,0.0,-0.56,0.25,23.1476,30.4809,21.0879,2.168,5903.97,22.0,calce_cs2,0.9007,0.0026000000000000467,-1.9999999999997796e-05,8.480899999999998,1.4442000000000004
CS2_37,297,0.9023,0.8263,3.5329,4.2,2.7431,0.4097,-0.5457,0.0,-0.56,0.25,23.165,30.2636,21.0111,2.1087,5909.05,22.0,calce_cs2,0.9033,-0.0010000000000000009,-0.00023999999999999578,8.2636,1.4569
CS2_37,298,0.8973,0.8217,3.5285,4.2,2.7526,0.4098,-0.5521,0.0,-0.56,0.25,23.2172,30.3232,21.0119,2.1353,5886.55,22.0,calce_cs2,0.9023,-0.0050000000000000044,-0.0009600000000000053,8.3232,1.4474
CS2_37,299,0.8998,0.824,3.527,4.2,2.7445,0.4099,-0.5493,0.0,-0.56,0.25,23.1534,30.0311,20.9942,2.1503,5890.43,22.0,calce_cs2,0.8973,0.0025000000000000577,-0.0010399999999999964,8.031099999999999,1.4555000000000002
CS2_37,300,0.8997,0.8239,3.5417,4.2,2.7594,0.41,-0.5491,0.0,-0.56,0.25,23.1174,30.1327,20.9273,2.1556,5886.14,22.0,calce_cs2,0.8998,-9.999999999998899e-05,-0.00019999999999997797,8.1327,1.4406000000000003
CS2_37,301,0.8966,0.8211,3.53,4.2,2.7474,0.4101,-0.5499,0.0,-0.56,0.25,23.1434,30.5044,20.9908,2.1542,5857.08,22.0,calce_cs2,0.8997,-0.0031000000000001027,-0.0013400000000000079,8.5044,1.4526000000000003
CS2_37,302,0.8961,0.8206,3.5367,4.2,2.7453,0.4102,-0.5388,0.0,-0.56,0.25,23.1193,30.3909,21.0399,2.1215,5848.17,22.0,calce_cs2,0.8966,-0.0004999999999999449,-0.0012399999999999967,8.390899999999998,1.4547000000000003
CS2_37,303,0.8948,0.8194,3.5241,4.2,2.7458,0.4103,-0.5447,0.0,-0.56,0.25,23.263,30.1039,21.009,2.1659,5862.34,22.0,calce_cs2,0.8961,-0.0012999999999999678,-0.0004999999999999894,8.1039,1.4542000000000002
CS2_37,304,0.8964,0.8209,3.5184,4.2,2.75,0.4104,-0.5412,0.0,-0.56,0.25,23.2716,30.3372,20.9808,2.1004,5873.75,22.0,calce_cs2,0.8948,0.0015999999999999348,-0.0006800000000000139,8.3372,1.4500000000000002
CS2_37,305,0.8949,0.8195,3.5245,4.2,2.7451,0.4105,-0.5561,0.0,-0.56,0.25,23.0168,30.3336,21.0468,2.1495,5855.03,22.0,calce_cs2,0.8964,-0.0014999999999999458,-0.0009600000000000053,8.3336,1.4549000000000003
CS2_37,306,0.893,0.8177,3.5384,4.2,2.7528,0.4106,-0.5449,0.0,-0.56,0.25,23.2138,30.2464,20.9823,2.0507,5865.65,22.0,calce_cs2,0.8949,-0.0019000000000000128,-0.0007199999999999874,8.246400000000001,1.4472
CS2_37,307,0.895,0.8196,3.5336,4.2,2.7446,0.4107,-0.5473,0.0,-0.56,0.25,23.1837,30.4375,21.0272,2.1437,5891.44,22.0,calce_cs2,0.893,0.0020000000000000018,-0.00021999999999999797,8.4375,1.4554
CS2_37,308,0.8961,0.8206,3.5085,4.2,2.7525,0.4108,-0.5498,0.0,-0.56,0.25,23.0555,30.1698,21.0797,2.061,5885.2,22.0,calce_cs2,0.895,0.0010999999999999899,0.0002599999999999936,8.169799999999999,1.4475000000000002
CS2_37,309,0.8929,0.8177,3.5215,4.2,2.746,0.4109,-0.5464,0.0,-0.56,0.25,23.0412,30.3721,21.1155,2.1024,5840.95,22.0,calce_cs2,0.8961,-0.0031999999999999806,-0.0006999999999999895,8.3721,1.4540000000000002
CS2_37,310,0.8895,0.8145,3.5266,4.2,2.7533,0.411,-0.553,0.0,-0.56,0.25,23.1596,30.298,21.048,2.1112,5839.2,22.0,calce_cs2,0.8929,-0.0034000000000000696,-0.0010800000000000143,8.297999999999998,1.4467000000000003
CS2_37,311,0.8931,0.8178,3.5355,4.2,2.7519,0.4111,-0.5524,0.0,-0.56,0.25,23.2832,30.226,21.0134,2.0524,5823.47,22.0,calce_cs2,0.8895,0.0036000000000000476,1.9999999999997796e-05,8.225999999999999,1.4481000000000002
CS2_37,312,0.8955,0.8201,3.5227,4.2,2.7426,0.4112,-0.56,0.0,-0.56,0.25,23.0541,30.2932,20.8941,2.007,5854.42,22.0,calce_cs2,0.8931,0.0023999999999999577,9.999999999998899e-05,8.293199999999999,1.4574000000000003
CS2_37,313,0.892,0.8168,3.5366,4.2,2.7517,0.4113,-0.5543,0.0,-0.56,0.25,23.2082,30.326,21.0065,2.0814,5834.28,22.0,calce_cs2,0.8955,-0.0034999999999999476,-0.0008199999999999985,8.326,1.4483000000000001
CS2_37,314,0.8898,0.8148,3.517,4.2,2.7499,0.4114,-0.5455,0.0,-0.56,0.25,23.6349,30.2479,21.0533,2.1096,5849.12,22.0,calce_cs2,0.892,-0.0021999999999999797,-0.0006199999999999984,8.247900000000001,1.4501000000000004
CS2_37,315,0.8896,0.8146,3.5351,4.2,2.7384,0.4115,-0.5574,0.0,-0.56,0.25,23.4906,30.4085,20.9956,2.025,5825.24,22.0,calce_cs2,0.8898,-0.000200000000000089,1.9999999999997796e-05,8.4085,1.4616000000000002
CS2_37,316,0.8907,0.8157,3.5173,4.2,2.752,0.4116,-0.5412,0.0,-0.56,0.25,23.1505,30.3823,20.9346,2.0492,5828.73,22.0,calce_cs2,0.8896,0.001100000000000101,-0.00047999999999999156,8.3823,1.4480000000000004
CS2_37,317,0.8895,0.8145,3.5253,4.2,2.7533,0.4117,-0.547,0.0,-0.56,0.25,23.2128,30.5017,20.8649,2.0864,5855.28,22.0,calce_cs2,0.8907,-0.0012000000000000899,-0.001200000000000001,8.5017,1.4467000000000003
CS2_37,318,0.8892,0.8143,3.5275,4.2,2.7576,0.4118,-0.5534,0.0,-0.56,0.25,23.0601,30.0633,21.0322,2.0528,5845.46,22.0,calce_cs2,0.8895,-0.00029999999999996696,-0.0005600000000000049,8.063300000000002,1.4424000000000001
CS2_37,319,0.8888,0.8139,3.5319,4.2,2.7472,0.4119,-0.544,0.0,-0.56,0.25,23.3518,30.3676,21.0704,2.0646,5832.3,22.0,calce_cs2,0.8892,-0.00039999999999995595,-0.00020000000000000017,8.3676,1.4528000000000003
CS2_37,320,0.8865,0.8119,3.5362,4.2,2.7503,0.412,-0.5522,0.0,-0.56,0.25,23.1912,30.5062,20.7818,2.1617,5805.95,22.0,calce_cs2,0.8888,-0.0023000000000000798,-0.0006199999999999984,8.5062,1.4497
CS2_37,321,0.8881,0.8133,3.5219,4.2,2.7569,0.4121,-0.5557,0.0,-0.56,0.25,23.3431,30.4273,21.0107,2.0428,5831.0,22.0,calce_cs2,0.8865,0.0016000000000000458,-0.0005200000000000094,8.427299999999999,1.4431000000000003
CS2_37,322,0.8832,0.8088,3.522,4.2,2.7573,0.4122,-0.551,0.0,-0.56,0.25,23.1217,30.3828,20.979,2.12,5753.36,22.0,calce_cs2,0.8881,-0.0049000000000000155,-0.0012599999999999944,8.3828,1.4427000000000003
CS2_37,323,0.8875,0.8127,3.5238,4.2,2.7474,0.4123,-0.548,0.0,-0.56,0.25,23.2641,30.17,21.0656,2.189,5814.7,22.0,calce_cs2,0.8832,0.0042999999999999705,-0.00034000000000000696,8.170000000000002,1.4526000000000003
CS2_37,324,0.8849,0.8104,3.521,4.2,2.7551,0.4124,-0.5453,0.0,-0.56,0.25,23.2813,30.3376,20.9339,2.1128,5801.08,22.0,calce_cs2,0.8875,-0.0025999999999999357,-0.0007800000000000029,8.337599999999998,1.4449
CS2_37,325,0.8844,0.8099,3.5192,4.2,2.7451,0.4125,-0.5463,0.0,-0.56,0.25,23.2715,30.2193,20.9872,2.068,5777.39,22.0,calce_cs2,0.8849,-0.000500000000000056,-0.0004199999999999982,8.2193,1.4549000000000003
CS2_37,326,0.8833,0.8089,3.5263,4.2,2.749,0.4126,-0.546,0.0,-0.56,0.25,23.269,30.619,20.9811,2.1187,5781.32,22.0,calce_cs2,0.8844,-0.0010999999999999899,-0.0009600000000000053,8.619,1.451
CS2_37,327,0.879,0.8049,3.5139,4.2,2.7462,0.4127,-0.5501,0.0,-0.56,0.25,23.3087,30.371,20.8849,2.0825,5756.5,22.0,calce_cs2,0.8833,-0.0042999999999999705,-0.0008399999999999963,8.370999999999999,1.4538000000000002
CS2_37,328,0.88,0.8059,3.5247,4.2,2.7504,0.4128,-0.559,0.0,-0.56,0.25,23.2198,30.3445,20.9105,2.0887,5775.45,22.0,calce_cs2,0.879,0.0010000000000000009,-0.0014999999999999903,8.3445,1.4496000000000002
CS2_37,329,0.8819,0.8076,3.5217,4.2,2.7557,0.4129,-0.5561,0.0,-0.56,0.25,23.1857,30.2981,20.9605,2.0395,5781.9,22.0,calce_cs2,0.88,0.0019000000000000128,-0.0006000000000000005,8.298100000000002,1.4443000000000001
CS2_37,330,0.8774,0.8035,3.5316,4.2,2.7517,0.413,-0.5434,0.0,-0.56,0.25,23.4057,30.3721,21.0616,2.1123,5736.24,22.0,calce_cs2,0.8819,-0.0045000000000000595,-0.0014000000000000013,8.3721,1.4483000000000001
CS2_37,331,0.8797,0.8055,3.5218,4.2,2.7387,0.4131,-0.5495,0.0,-0.56,0.25,23.2227,30.5529,21.0032,2.179,5780.84,22.0,calce_cs2,0.8774,0.0023000000000000798,-0.0007199999999999874,8.552900000000001,1.4613
CS2_37,332,0.8757,0.8019,3.5243,4.2,2.7408,0.4132,-0.5499,0.0,-0.56,0.25,23.2346,30.5704,20.925,2.0462,5746.93,22.0,calce_cs2,0.8797,-0.0040000000000000036,-0.0006599999999999939,8.5704,1.4592
CS2_37,333,0.8848,0.8103,3.5112,4.2,2.7499,0.4133,-0.5578,0.0,-0.56,0.25,23.2656,30.7465,20.9299,2.1183,5811.43,22.0,calce_cs2,0.8757,0.009099999999999997,0.0009600000000000053,8.746500000000001,1.4501000000000004
CS2_37,334,0.8774,0.8035,3.5193,4.2,2.755,0.4134,-0.5492,0.0,-0.56,0.25,23.3267,30.7194,20.9167,2.1077,5739.24,22.0,calce_cs2,0.8848,-0.007400000000000073,-0.0009000000000000119,8.7194,1.4450000000000003
CS2_37,335,0.8785,0.8045,3.5132,4.2,2.7567,0.4135,-0.5534,0.0,-0.56,0.25,23.2823,30.4176,20.9947,2.0924,5713.25,22.0,calce_cs2,0.8774,0.0010999999999999899,0.00021999999999999797,8.4176,1.4433000000000002
CS2_37,336,0.8765,0.8026,3.52,4.2,2.75,0.4136,-0.5517,0.0,-0.56,0.25,23.2985,30.332,21.0668,2.1436,5731.91,22.0,calce_cs2,0.8785,-0.0020000000000000018,-0.0006400000000000184,8.332,1.4500000000000002
CS2_37,337,0.8765,0.8027,3.5158,4.2,2.7561,0.4137,-0.5469,0.0,-0.56,0.25,23.2388,30.623,21.1498,2.0774,5731.55,22.0,calce_cs2,0.8765,0.0,0.00015999999999998237,8.623000000000001,1.4439000000000002
CS2_37,338,0.8728,0.7993,3.5122,4.2,2.7516,0.4138,-0.5548,0.0,-0.56,0.25,23.2252,30.6441,21.0158,2.1304,5718.38,22.0,calce_cs2,0.8765,-0.0036999999999999256,-0.002400000000000002,8.644100000000002,1.4484000000000004
CS2_37,339,0.8757,0.8019,3.5206,4.2,2.7441,0.4139,-0.5516,0.0,-0.56,0.25,23.2357,30.4398,20.9688,2.113,5726.19,22.0,calce_cs2,0.8728,0.0029000000000000137,-0.00033999999999998474,8.439800000000002,1.4559000000000002
CS2_37,340,0.8739,0.8003,3.499,4.2,2.7443,0.414,-0.557,0.0,-0.56,0.25,23.057,30.344,20.9742,2.0671,5724.54,22.0,calce_cs2,0.8757,-0.0018000000000000238,-0.0009199999999999875,8.344000000000001,1.4557000000000002
CS2_37,341,0.8747,0.801,3.5132,4.2,2.7575,0.4141,-0.5465,0.0,-0.56,0.25,23.3249,30.3028,21.0731,2.0494,5714.3,22.0,calce_cs2,0.8739,0.0008000000000000229,-0.00035999999999998257,8.302800000000001,1.4425000000000003
CS2_37,342,0.8717,0.7982,3.5115,4.2,2.7468,0.4142,-0.5467,0.0,-0.56,0.25,23.3217,30.3417,21.2418,2.0099,5703.56,22.0,calce_cs2,0.8747,-0.0030000000000000027,-0.0009599999999999831,8.3417,1.4532000000000003
CS2_37,343,0.8723,0.7988,3.5066,4.2,2.7516,0.4143,-0.5523,0.0,-0.56,0.25,23.3272,30.3338,21.0027,2.1352,5712.35,22.0,calce_cs2,0.8717,0.0005999999999999339,-0.00010000000000001119,8.3338,1.4484000000000004
CS2_37,344,0.8736,0.8,3.5055,4.2,2.7491,0.4144,-0.5402,0.0,-0.56,0.25,23.2714,30.2621,21.0356,2.1115,5699.28,22.0,calce_cs2,0.8723,0.0013000000000000789,-0.0004199999999999982,8.2621,1.4509000000000003
CS2_37,345,0.867,0.794,3.5173,4.2,2.7371,0.4145,-0.5497,0.0,-0.56,0.25,23.0734,30.7756,20.9062,2.0795,5689.74,22.0,calce_cs2,0.8736,-0.00660000000000005,-0.0013800000000000034,8.7756,1.4629000000000003
CS2_37,346,0.8727,0.7992,3.5067,4.2,2.7459,0.4146,-0.5523,0.0,-0.56,0.25,23.1234,30.4996,21.031,2.0286,5736.31,22.0,calce_cs2,0.867,0.005700000000000038,-0.00040000000000000034,8.499600000000001,1.4541000000000004
CS2_37,347,0.8683,0.7952,3.5112,4.2,2.7458,0.4147,-0.5379,0.0,-0.56,0.25,23.4325,30.5306,21.0197,2.0149,5697.25,22.0,calce_cs2,0.8727,-0.0044000000000000705,-0.0006800000000000139,8.5306,1.4542000000000002
CS2_37,348,0.8698,0.7965,3.5089,4.2,2.7426,0.4148,-0.5421,0.0,-0.56,0.25,23.3333,30.3729,21.0457,2.0832,5697.79,22.0,calce_cs2,0.8683,0.0015000000000000568,-0.0004999999999999894,8.372900000000001,1.4574000000000003
CS2_37,349,0.8716,0.7982,3.5165,4.2,2.7562,0.4149,-0.549,0.0,-0.56,0.25,23.2076,30.6066,20.9637,2.1245,5708.61,22.0,calce_cs2,0.8698,0.0018000000000000238,-0.00040000000000000034,8.6066,1.4438
CS2_37,350,0.8693,0.7961,3.5094,4.2,2.7474,0.415,-0.5504,0.0,-0.56,0.25,23.3737,30.3229,21.0096,2.1334,5694.4,22.0,calce_cs2,0.8716,-0.0023000000000000798,0.0004599999999999937,8.3229,1.4526000000000003
CS2_37,351,0.8678,0.7947,3.5078,4.2,2.7567,0.4151,-0.5382,0.0,-0.56,0.25,23.3661,30.2177,20.9999,2.0801,5678.54,22.0,calce_cs2,0.8693,-0.0014999999999999458,-0.000980000000000003,8.2177,1.4433000000000002
CS2_37,352,0.8686,0.7954,3.5067,4.2,2.755,0.4152,-0.5524,0.0,-0.56,0.25,23.3149,30.6764,21.0464,2.0999,5667.8,22.0,calce_cs2,0.8678,0.0008000000000000229,6.0000000000015594e-05,8.676400000000001,1.4450000000000003
CS2_37,353,0.866,0.793,3.5031,4.2,2.7478,0.4153,-0.5563,0.0,-0.56,0.25,23.4477,30.5133,20.9683,2.056,5682.23,22.0,calce_cs2,0.8686,-0.0026000000000000467,-0.0007600000000000051,8.513300000000001,1.4522000000000004
CS2_37,354,0.8662,0.7932,3.5151,4.2,2.7451,0.4154,-0.5533,0.0,-0.56,0.25,23.243,30.3816,21.1214,2.0641,5628.44,22.0,calce_cs2,0.866,0.00019999999999997797,-0.0010800000000000143,8.381599999999999,1.4549000000000003
CS2_37,355,0.8618,0.7892,3.4996,4.2,2.745,0.4155,-0.5506,0.0,-0.56,0.25,23.5251,30.6491,21.1483,1.995,5620.44,22.0,calce_cs2,0.8662,-0.0043999999999999595,-0.0014999999999999903,8.6491,1.455
CS2_37,356,0.8666,0.7936,3.5161,4.2,2.7433,0.4156,-0.5485,0.0,-0.56,0.25,23.5243,30.4227,21.0446,2.1262,5665.65,22.0,calce_cs2,0.8618,0.0048000000000000265,-0.00023999999999999578,8.422699999999999,1.4567
CS2_37,357,0.8639,0.7911,3.5003,4.2,2.7482,0.4157,-0.5583,0.0,-0.56,0.25,23.3794,30.6384,20.9577,2.0622,5644.2,22.0,calce_cs2,0.8666,-0.0027000000000000357,-0.0009400000000000075,8.6384,1.4518
CS2_37,358,0.8643,0.7915,3.4937,4.2,2.7498,0.4158,-0.5508,0.0,-0.56,0.25,23.2676,30.5621,20.8753,2.1649,5637.8,22.0,calce_cs2,0.8639,0.00039999999999995595,-0.00034000000000000696,8.562100000000001,1.4502000000000002
CS2_37,359,0.864,0.7912,3.5042,4.2,2.7503,0.4159,-0.548,0.0,-0.56,0.25,23.5272,30.7464,21.0223,2.0322,5659.88,22.0,calce_cs2,0.8643,-0.00029999999999996696,-0.00043999999999999595,8.746400000000001,1.4497
CS2_37,360,0.8623,0.7897,3.5106,4.2,2.7541,0.416,-0.5535,0.0,-0.56,0.25,23.3857,30.452,20.9621,2.0912,5658.35,22.0,calce_cs2,0.864,-0.0017000000000000348,9.999999999998899e-05,8.452000000000002,1.4459
CS2_37,361,0.8636,0.7908,3.5081,4.2,2.743,0.4161,-0.5463,0.0,-0.56,0.25,23.5545,30.6933,20.998,2.1131,5679.98,22.0,calce_cs2,0.8623,0.0013000000000000789,-0.0006000000000000005,8.6933,1.4570000000000003
CS2_37,362,0.8635,0.7907,3.5075,4.2,2.758,0.4162,-0.5407,0.0,-0.56,0.25,23.4032,30.6846,21.0062,1.9775,5624.93,22.0,calce_cs2,0.8636,-9.999999999998899e-05,-7.999999999999118e-05,8.6846,1.4420000000000002
CS2_37,363,0.8603,0.7879,3.5044,4.2,2.7468,0.4163,-0.5519,0.0,-0.56,0.25,23.4775,30.5277,20.9656,2.1431,5649.09,22.0,calce_cs2,0.8635,-0.0032000000000000917,-0.0008000000000000007,8.5277,1.4532000000000003
CS2_37,364,0.862,0.7894,3.5004,4.2,2.7492,0.4164,-0.5513,0.0,-0.56,0.25,23.3251,30.5849,20.801,2.1379,5649.95,22.0,calce_cs2,0.8603,0.0017000000000000348,-0.00040000000000000034,8.584900000000001,1.4508
CS2_37,365,0.861,0.7885,3.5033,4.2,2.7473,0.4165,-0.5468,0.0,-0.56,0.25,23.4105,30.673,21.0038,2.1509,5660.15,22.0,calce_cs2,0.862,-0.0010000000000000009,-0.0002599999999999936,8.672999999999998,1.4527
CS2_37,366,0.8599,0.7875,3.4988,4.2,2.7414,0.4166,-0.5669,0.0,-0.56,0.25,23.2222,30.5926,21.0169,2.1077,5613.02,22.0,calce_cs2,0.861,-0.0010999999999999899,-0.0007400000000000074,8.592600000000001,1.4586000000000001
CS2_37,367,0.8573,0.7851,3.5106,4.2,2.7533,0.4167,-0.5517,0.0,-0.56,0.25,23.5068,30.7127,21.0811,2.089,5620.37,22.0,calce_cs2,0.8599,-0.0026000000000000467,-0.0012400000000000189,8.712700000000002,1.4467000000000003
CS2_37,368,0.8601,0.7877,3.4901,4.2,2.752,0.4168,-0.5442,0.0,-0.56,0.25,23.5252,30.928,20.9596,2.0879,5665.31,22.0,calce_cs2,0.8573,0.0028000000000000247,-3.999999999999559e-05,8.928,1.4480000000000004
CS2_37,369,0.8559,0.7838,3.4956,4.2,2.7498,0.4169,-0.5465,0.0,-0.56,0.25,23.5249,30.5398,21.1145,2.0562,5610.59,22.0,calce_cs2,0.8601,-0.0041999999999999815,-0.0012199999999999989,8.5398,1.4502000000000002
CS2_37,370,0.8599,0.7875,3.5008,4.2,2.7608,0.417,-0.5445,0.0,-0.56,0.25,23.46,30.6113,20.9689,2.1417,5598.59,22.0,calce_cs2,0.8559,0.0040000000000000036,-0.00021999999999999797,8.6113,1.4392
CS2_37,371,0.8572,0.785,3.5018,4.2,2.7454,0.4171,-0.5564,0.0,-0.56,0.25,23.4933,30.7157,20.9884,2.1061,5607.18,22.0,calce_cs2,0.8599,-0.0027000000000000357,-0.0005400000000000072,8.715699999999998,1.4546000000000001
CS2_37,372,0.8564,0.7842,3.4978,4.2,2.75,0.4172,-0.5548,0.0,-0.56,0.25,23.2773,30.8111,21.0397,2.0805,5613.69,22.0,calce_cs2,0.8572,-0.0007999999999999119,-0.00017999999999998017,8.8111,1.4500000000000002
CS2_37,373,0.8569,0.7847,3.5053,4.2,2.7473,0.4173,-0.5466,0.0,-0.56,0.25,23.6313,30.5904,21.0013,2.0545,5561.64,22.0,calce_cs2,0.8564,0.0004999999999999449,-0.0006399999999999961,8.590399999999999,1.4527
CS2_37,374,0.8522,0.7804,3.4928,4.2,2.7513,0.4174,-0.5453,0.0,-0.56,0.25,23.3659,30.4936,20.9789,2.0363,5613.28,22.0,calce_cs2,0.8569,-0.0047000000000000375,-0.0007400000000000074,8.4936,1.4487
CS2_37,375,0.8536,0.7817,3.5075,4.2,2.7506,0.4175,-0.5552,0.0,-0.56,0.25,23.5365,30.682,21.0634,2.0772,5597.39,22.0,calce_cs2,0.8522,0.0014000000000000679,-0.0012599999999999944,8.681999999999999,1.4494000000000002
CS2_37,376,0.854,0.7821,3.4954,4.2,2.7418,0.4176,-0.5506,0.0,-0.56,0.25,23.1483,30.6882,20.9389,2.0525,5609.62,22.0,calce_cs2,0.8536,0.00039999999999995595,-0.0006399999999999961,8.688199999999998,1.4582000000000002
CS2_37,377,0.8506,0.779,3.5002,4.2,2.7531,0.4177,-0.555,0.0,-0.56,0.25,23.2803,30.6106,20.9901,2.0505,5560.32,22.0,calce_cs2,0.854,-0.0033999999999999586,-0.0011600000000000054,8.610600000000002,1.4469000000000003
CS2_37,378,0.8523,0.7805,3.4879,4.2,2.7478,0.4178,-0.5475,0.0,-0.56,0.25,23.3284,30.5926,20.9691,2.1025,5566.47,22.0,calce_cs2,0.8506,0.0016999999999999238,-0.0009200000000000097,8.592600000000001,1.4522000000000004
CS2_37,379,0.8554,0.7833,3.4939,4.2,2.749,0.4179,-0.5409,0.0,-0.56,0.25,23.3296,30.6748,20.9411,2.0729,5585.89,22.0,calce_cs2,0.8523,0.0031000000000001027,0.0006400000000000184,8.674800000000001,1.451
CS2_37,380,0.8568,0.7847,3.4952,4.2,2.7585,0.418,-0.5559,0.0,-0.56,0.25,23.3058,30.5115,21.1034,2.1379,5585.81,22.0,calce_cs2,0.8554,0.0013999999999999568,0.0006399999999999961,8.511500000000002,1.4415
CS2_37,381,0.8509,0.7792,3.496,4.2,2.7545,0.4181,-0.5488,0.0,-0.56,0.25,23.5474,30.6139,21.0738,2.0759,5567.69,22.0,calce_cs2,0.8568,-0.005900000000000016,-0.0006199999999999984,8.613900000000001,1.4455
CS2_37,382,0.8501,0.7785,3.4934,4.2,2.7467,0.4182,-0.5489,0.0,-0.56,0.25,23.535,30.5165,21.0779,2.075,5586.91,22.0,calce_cs2,0.8509,-0.0008000000000000229,-0.00010000000000001119,8.5165,1.4533
CS2_37,383,0.8478,0.7764,3.4987,4.2,2.753,0.4183,-0.5546,0.0,-0.56,0.25,23.2726,30.6743,21.1434,2.0456,5515.91,22.0,calce_cs2,0.8501,-0.0022999999999999687,-0.0008999999999999897,8.674299999999999,1.447
CS2_37,384,0.8506,0.7789,3.4864,4.2,2.7423,0.4184,-0.5482,0.0,-0.56,0.25,23.7478,30.6528,21.0977,2.1496,5553.38,22.0,calce_cs2,0.8478,0.0028000000000000247,-0.0009600000000000053,8.6528,1.4577
CS2_37,385,0.8494,0.7778,3.4927,4.2,2.7525,0.4185,-0.5566,0.0,-0.56,0.25,23.5735,30.6573,21.0885,2.0402,5532.17,22.0,calce_cs2,0.8506,-0.0011999999999999789,-0.0014799999999999924,8.6573,1.4475000000000002
CS2_37,386,0.8499,0.7783,3.4966,4.2,2.7374,0.4186,-0.5531,0.0,-0.56,0.25,23.5496,30.9107,21.0051,2.0626,5542.14,22.0,calce_cs2,0.8494,0.0004999999999999449,-0.00020000000000000017,8.910699999999999,1.4626000000000001
CS2_37,387,0.8483,0.7768,3.5095,4.2,2.7505,0.4187,-0.5406,0.0,-0.56,0.25,23.5805,30.9589,21.0179,2.1088,5556.79,22.0,calce_cs2,0.8499,-0.0015999999999999348,-0.00035999999999998257,8.9589,1.4495
CS2_37,388,0.8421,0.7712,3.5025,4.2,2.756,0.4188,-0.5407,0.0,-0.56,0.25,23.5674,30.7179,20.9695,2.1497,5526.17,22.0,calce_cs2,0.8483,-0.006200000000000094,-0.0011400000000000078,8.7179,1.4440000000000004
CS2_37,389,0.845,0.7739,3.4943,4.2,2.7421,0.4189,-0.5472,0.0,-0.56,0.25,23.4824,31.1205,20.9974,2.1404,5523.92,22.0,calce_cs2,0.8421,0.0029000000000000137,-0.0011200000000000099,9.1205,1.4579
CS2_37,390,0.8429,0.7719,3.4888,4.2,2.7499,0.419,-0.5446,0.0,-0.56,0.25,23.4886,30.8886,21.0488,2.1361,5534.32,22.0,calce_cs2,0.845,-0.0020999999999999908,-0.0013000000000000123,8.8886,1.4501000000000004
CS2_37,391,0.8464,0.7751,3.5004,4.2,2.7527,0.4191,-0.5543,0.0,-0.56,0.25,23.399,30.7888,21.0569,2.1317,5543.99,22.0,calce_cs2,0.8429,0.0035000000000000586,-0.0006999999999999895,8.788799999999998,1.4473000000000003
CS2_37,392,0.8428,0.7718,3.4947,4.2,2.7535,0.4192,-0.5473,0.0,-0.56,0.25,23.4923,30.8493,21.1059,2.0925,5504.74,22.0,calce_cs2,0.8464,-0.0036000000000000476,-0.001100000000000012,8.8493,1.4465000000000003
CS2_37,393,0.8425,0.7716,3.4915,4.2,2.7491,0.4193,-0.5471,0.0,-0.56,0.25,23.5368,30.6121,21.05,2.064,5541.93,22.0,calce_cs2,0.8428,-0.00029999999999996696,8.00000000000134e-05,8.612100000000002,1.4509000000000003
CS2_37,394,0.8456,0.7743,3.4919,4.2,2.7545,0.4194,-0.5473,0.0,-0.56,0.25,23.6376,30.7721,20.9564,2.0412,5544.94,22.0,calce_cs2,0.8425,0.0030999999999999917,0.00012000000000000899,8.772099999999998,1.4455
CS2_37,395,0.8446,0.7734,3.4931,4.2,2.7496,0.4195,-0.5513,0.0,-0.56,0.25,23.4678,30.6315,20.9494,2.0704,5544.95,22.0,calce_cs2,0.8456,-0.0010000000000000009,0.00034000000000000696,8.631499999999999,1.4504000000000001
CS2_37,396,0.8427,0.7717,3.4901,4.2,2.7486,0.4196,-0.5408,0.0,-0.56,0.25,23.4963,31.0431,21.0359,2.0267,5516.9,22.0,calce_cs2,0.8446,-0.0019000000000000128,-0.0007400000000000074,9.043099999999999,1.4514
CS2_37,397,0.8357,0.7653,3.498,4.2,2.7528,0.4197,-0.5492,0.0,-0.56,0.25,23.7006,30.8143,20.8655,2.1612,5464.88,22.0,calce_cs2,0.8427,-0.007000000000000006,-0.001419999999999999,8.8143,1.4472
CS2_37,398,0.84,0.7692,3.4863,4.2,2.751,0.4198,-0.5601,0.0,-0.56,0.25,23.3919,30.716,21.0146,2.0713,5467.09,22.0,calce_cs2,0.8357,0.0042999999999999705,-0.0005000000000000115,8.716000000000001,1.4490000000000003
CS2_37,399,0.8445,0.7733,3.4865,4.2,2.749,0.4199,-0.5443,0.0,-0.56,0.25,23.4288,30.7803,20.9665,2.0941,5510.94,22.0,calce_cs2,0.84,0.0045000000000000595,-0.00021999999999999797,8.7803,1.451
CS2_37,400,0.8399,0.7691,3.4956,4.2,2.7525,0.42,-0.5528,0.0,-0.56,0.25,23.5264,30.7633,21.0656,2.1687,5494.06,22.0,calce_cs2,0.8445,-0.0046000000000000485,-0.0009400000000000075,8.763300000000001,1.4475000000000002
CS2_37,401,0.8389,0.7682,3.4976,4.2,2.7491,0.4201,-0.5565,0.0,-0.56,0.25,23.6339,31.008,20.9016,2.161,5481.98,22.0,calce_cs2,0.8399,-0.0010000000000000009,-0.0007600000000000051,9.008,1.4509000000000003
CS2_37,402,0.8368,0.7663,3.4988,4.2,2.7572,0.4202,-0.5431,0.0,-0.56,0.25,23.285,30.6714,21.0158,2.1374,5462.11,22.0,calce_cs2,0.8389,-0.0020999999999999908,0.00021999999999999797,8.671399999999998,1.4428
CS2_37,403,0.8341,0.7638,3.4867,4.2,2.7548,0.4203,-0.5471,0.0,-0.56,0.25,23.4066,30.7243,20.7772,2.1436,5459.91,22.0,calce_cs2,0.8368,-0.0027000000000000357,-0.0011800000000000033,8.7243,1.4452000000000003
CS2_37,404,0.8362,0.7657,3.4927,4.2,2.7537,0.4204,-0.5395,0.0,-0.56,0.25,23.598,31.244,20.8488,2.0802,5475.61,22.0,calce_cs2,0.8341,0.002100000000000102,-0.0016599999999999948,9.244,1.4463000000000004
CS2_37,405,0.8382,0.7676,3.4752,4.2,2.7423,0.4205,-0.5415,0.0,-0.56,0.25,23.3825,30.8536,21.1842,2.1267,5484.81,22.0,calce_cs2,0.8362,0.0019999999999998908,-0.00034000000000000696,8.8536,1.4577
CS2_37,406,0.8394,0.7687,3.4876,4.2,2.7493,0.4206,-0.546,0.0,-0.56,0.25,23.6704,30.6314,21.0105,2.1142,5471.28,22.0,calce_cs2,0.8382,0.0012000000000000899,0.00010000000000001119,8.6314,1.4507000000000003
CS2_37,407,0.8382,0.7676,3.4859,4.2,2.7499,0.4207,-0.5498,0.0,-0.56,0.25,23.4587,30.9596,21.0614,2.1194,5464.96,22.0,calce_cs2,0.8394,-0.0012000000000000899,0.00027999999999999136,8.959599999999998,1.4501000000000004
CS2_37,408,0.8361,0.7656,3.4904,4.2,2.7574,0.4208,-0.5475,0.0,-0.56,0.25,23.6187,30.9363,21.0355,2.1799,5456.14,22.0,calce_cs2,0.8382,-0.0020999999999999908,0.00040000000000000034,8.9363,1.4426
CS2_37,409,0.8338,0.7635,3.4846,4.2,2.7496,0.4209,-0.5503,0.0,-0.56,0.25,23.7294,30.9805,21.0327,2.0757,5452.88,22.0,calce_cs2,0.8361,-0.0022999999999999687,-0.00048000000000001373,8.9805,1.4504000000000001
CS2_37,410,0.8383,0.7677,3.4879,4.2,2.7549,0.421,-0.5475,0.0,-0.56,0.25,23.5322,30.7421,21.1447,2.1522,5487.9,22.0,calce_cs2,0.8338,0.0045000000000000595,2.0000000000020002e-05,8.7421,1.4451
CS2_37,411,0.8313,0.7613,3.4891,4.2,2.7456,0.4211,-0.5502,0.0,-0.56,0.25,23.5368,30.9285,21.0634,2.1809,5428.3,22.0,calce_cs2,0.8383,-0.007000000000000006,-0.0016199999999999993,8.9285,1.4544000000000001
CS2_37,412,0.8341,0.7638,3.4781,4.2,2.7447,0.4212,-0.5457,0.0,-0.56,0.25,23.5882,31.1615,20.88,2.0735,5461.93,22.0,calce_cs2,0.8313,0.0027999999999999137,-0.0008199999999999985,9.1615,1.4553000000000003
CS2_37,413,0.8318,0.7617,3.4894,4.2,2.7418,0.4213,-0.5482,0.0,-0.56,0.25,23.674,30.7166,20.916,2.1135,5468.39,22.0,calce_cs2,0.8341,-0.0022999999999999687,-0.0008599999999999941,8.7166,1.4582000000000002
CS2_37,414,0.8338,0.7635,3.493,4.2,2.7465,0.4214,-0.5447,0.0,-0.56,0.25,23.5828,30.6351,20.9904,2.0976,5471.48,22.0,calce_cs2,0.8318,0.0020000000000000018,0.0,8.635100000000001,1.4535
CS2_37,415,0.8285,0.7587,3.4886,4.2,2.7592,0.4215,-0.5533,0.0,-0.56,0.25,23.4418,30.9427,21.0935,2.1337,5412.38,22.0,calce_cs2,0.8338,-0.005299999999999971,-0.001960000000000006,8.942699999999999,1.4408000000000003
CS2_37,416,0.8271,0.7575,3.4826,4.2,2.7433,0.4216,-0.547,0.0,-0.56,0.25,23.6467,30.9312,21.0141,2.0223,5392.77,22.0,calce_cs2,0.8285,-0.0014000000000000679,-0.0008400000000000185,8.9312,1.4567
CS2_37,417,0.8293,0.7594,3.4751,4.2,2.749,0.4217,-0.5475,0.0,-0.56,0.25,23.5955,30.6894,20.9057,2.0259,5410.27,22.0,calce_cs2,0.8271,0.0022000000000000908,-0.0009599999999999831,8.6894,1.451
CS2_37,418,0.8275,0.7578,3.483,4.2,2.7423,0.4218,-0.5604,0.0,-0.56,0.25,23.5641,30.783,21.0137,2.1023,5390.56,22.0,calce_cs2,0.8293,-0.0018000000000000238,-0.0008599999999999941,8.783000000000001,1.4577
CS2_37,419,0.8286,0.7588,3.4851,4.2,2.7518,0.4219,-0.5392,0.0,-0.56,0.25,23.7771,30.646,20.8147,2.1338,5431.9,22.0,calce_cs2,0.8275,0.0010999999999999899,-0.0010399999999999964,8.646,1.4482000000000004
CS2_37,420,0.8278,0.7581,3.4882,4.2,2.7494,0.422,-0.5536,0.0,-0.56,0.25,23.5509,30.7129,20.9925,2.1215,5417.65,22.0,calce_cs2,0.8286,-0.0008000000000000229,-0.0001400000000000068,8.712900000000001,1.4506000000000001
CS2_37,421,0.8243,0.7549,3.4741,4.2,2.7524,0.4221,-0.5554,0.0,-0.56,0.25,23.6215,31.0259,20.9925,2.1228,5409.66,22.0,calce_cs2,0.8278,-0.0034999999999999476,-0.0005599999999999827,9.0259,1.4476
CS2_37,422,0.8242,0.7548,3.4753,4.2,2.751,0.4222,-0.5525,0.0,-0.56,0.25,23.7029,30.9643,21.1187,2.0926,5430.3,22.0,calce_cs2,0.8243,-9.999999999998899e-05,-0.0010199999999999988,8.964300000000001,1.4490000000000003
CS2_37,423,0.8277,0.758,3.4794,4.2,2.7461,0.4223,-0.5467,0.0,-0.56,0.25,23.7402,31.1912,20.9925,2.0872,5412.3,22.0,calce_cs2,0.8242,0.0034999999999999476,3.999999999999559e-05,9.191199999999998,1.4539
CS2_37,424,0.8237,0.7543,3.4798,4.2,2.7566,0.4224,-0.5435,0.0,-0.56,0.25,23.4312,31.0732,20.9517,2.1312,5384.65,22.0,calce_cs2,0.8277,-0.0040000000000000036,-0.000980000000000003,9.0732,1.4434
CS2_37,425,0.8205,0.7513,3.483,4.2,2.7427,0.4225,-0.5502,0.0,-0.56,0.25,23.5591,31.0773,21.0389,2.1149,5383.14,22.0,calce_cs2,0.8237,-0.0031999999999999806,-0.0014599999999999947,9.077300000000001,1.4573
CS2_37,426,0.8235,0.7541,3.4781,4.2,2.747,0.4226,-0.5492,0.0,-0.56,0.25,23.6559,31.1628,20.9869,2.0805,5403.49,22.0,calce_cs2,0.8205,0.0030000000000000027,-0.0001600000000000046,9.1628,1.4530000000000003
CS2_37,427,0.8216,0.7524,3.4699,4.2,2.7461,0.4227,-0.5578,0.0,-0.56,0.25,23.4771,30.8731,21.0717,2.1553,5395.71,22.0,calce_cs2,0.8235,-0.0019000000000000128,-0.0005200000000000094,8.8731,1.4539
CS2_37,428,0.8194,0.7504,3.483,4.2,2.7489,0.4228,-0.5477,0.0,-0.56,0.25,23.6225,30.8995,20.9698,2.0719,5371.0,22.0,calce_cs2,0.8216,-0.0021999999999999797,-0.0016599999999999948,8.8995,1.4511000000000003
CS2_37,429,0.8197,0.7507,3.4797,4.2,2.75,0.4229,-0.5476,0.0,-0.56,0.25,23.5169,31.1212,21.0767,2.0382,5362.95,22.0,calce_cs2,0.8194,0.00029999999999996696,-0.0008000000000000007,9.121200000000002,1.4500000000000002
CS2_37,430,0.8173,0.7484,3.4727,4.2,2.7483,0.423,-0.5563,0.0,-0.56,0.25,24.0401,31.0236,21.091,2.0523,5372.13,22.0,calce_cs2,0.8197,-0.0023999999999999577,-0.0006399999999999961,9.023599999999998,1.4517000000000002
CS2_37,431,0.8152,0.7466,3.4888,4.2,2.7435,0.4231,-0.5462,0.0,-0.56,0.25,23.643,31.1446,21.0103,2.1329,5351.84,22.0,calce_cs2,0.8173,-0.0020999999999999908,-0.0016599999999999948,9.1446,1.4565000000000001
CS2_37,432,0.8159,0.7472,3.4804,4.2,2.7447,0.4232,-0.547,0.0,-0.56,0.25,23.6931,31.2682,21.1171,2.0247,5348.95,22.0,calce_cs2,0.8152,0.0006999999999999229,-0.0011400000000000078,9.2682,1.4553000000000003
CS2_37,433,0.8179,0.749,3.4743,4.2,2.7579,0.4233,-0.5601,0.0,-0.56,0.25,23.5593,31.0158,20.8734,2.0285,5364.46,22.0,calce_cs2,0.8159,0.0020000000000000018,-0.00030000000000001136,9.015799999999999,1.4421000000000004
CS2_37,434,0.8137,0.7452,3.4826,4.2,2.7431,0.4234,-0.5517,0.0,-0.56,0.25,23.6508,30.7992,20.9484,2.112,5321.06,22.0,calce_cs2,0.8179,-0.0041999999999999815,-0.001200000000000001,8.799199999999999,1.4569
CS2_37,435,0.8088,0.7407,3.4702,4.2,2.7511,0.4235,-0.5471,0.0,-0.56,0.25,23.7685,30.8969,20.9761,2.092,5323.78,22.0,calce_cs2,0.8137,-0.0049000000000000155,-0.0017000000000000127,8.896899999999999,1.4489
CS2_37,436,0.814,0.7454,3.483,4.2,2.7541,0.4236,-0.5564,0.0,-0.56,0.25,23.8582,31.1864,20.9718,1.9726,5314.64,22.0,calce_cs2,0.8088,0.005199999999999982,-0.00024000000000001798,9.186399999999999,1.4459
CS2_37,437,0.8145,0.7459,3.4727,4.2,2.7437,0.4237,-0.5545,0.0,-0.56,0.25,23.8546,31.3497,20.9809,2.0256,5318.08,22.0,calce_cs2,0.814,0.000500000000000056,-0.00027999999999999136,9.349699999999999,1.4563000000000001
CS2_37,438,0.8124,0.7439,3.4799,4.2,2.7496,0.4238,-0.5559,0.0,-0.56,0.25,23.7373,30.869,21.0355,2.0439,5353.76,22.0,calce_cs2,0.8145,-0.0020999999999999908,-0.0010999999999999899,8.869,1.4504000000000001
CS2_37,439,0.8111,0.7428,3.4797,4.2,2.7459,0.4239,-0.5481,0.0,-0.56,0.25,23.6281,31.0389,20.9129,2.0195,5331.26,22.0,calce_cs2,0.8124,-0.0012999999999999678,-0.0005199999999999872,9.038900000000002,1.4541000000000004
CS2_37,440,0.8114,0.7431,3.4769,4.2,2.7513,0.424,-0.5432,0.0,-0.56,0.25,23.6957,31.058,20.9157,2.0792,5310.95,22.0,calce_cs2,0.8111,0.00029999999999996696,0.0005200000000000094,9.058,1.4487
CS2_37,441,0.8043,0.7366,3.4744,4.2,2.7554,0.4241,-0.5435,0.0,-0.56,0.25,23.6279,31.0549,20.9449,2.1344,5261.25,22.0,calce_cs2,0.8114,-0.007099999999999995,-0.0019399999999999862,9.0549,1.4446000000000003
CS2_37,442,0.8048,0.737,3.4679,4.2,2.7481,0.4242,-0.5485,0.0,-0.56,0.25,23.8145,31.09,20.978,2.0457,5255.18,22.0,calce_cs2,0.8043,0.0004999999999999449,-0.0019400000000000083,9.09,1.4519000000000002
CS2_37,443,0.8016,0.7341,3.4678,4.2,2.7503,0.4243,-0.5513,0.0,-0.56,0.25,23.6738,31.3337,21.0475,2.0927,5246.11,22.0,calce_cs2,0.8048,-0.0031999999999999806,-0.0021600000000000065,9.3337,1.4497
CS2_37,444,0.7987,0.7315,3.4744,4.2,2.7505,0.4244,-0.5588,0.0,-0.56,0.25,23.8321,31.0669,20.919,2.0275,5236.05,22.0,calce_cs2,0.8016,-0.0029000000000000137,-0.0024800000000000156,9.0669,1.4495
CS2_37,445,0.8029,0.7353,3.4778,4.2,2.7534,0.4245,-0.5563,0.0,-0.56,0.25,23.6981,30.9235,21.0759,2.0417,5297.62,22.0,calce_cs2,0.7987,0.0041999999999999815,-0.0017000000000000127,8.9235,1.4466
CS2_37,446,0.8029,0.7352,3.4657,4.2,2.7588,0.4246,-0.5464,0.0,-0.56,0.25,23.6982,31.2097,20.9935,2.0601,5252.97,22.0,calce_cs2,0.8029,0.0,-0.0002800000000000136,9.209700000000002,1.4412000000000003
CS2_37,447,0.7965,0.7294,3.4658,4.2,2.7374,0.4247,-0.5467,0.0,-0.56,0.25,23.5648,31.0612,20.8738,2.0595,5222.52,22.0,calce_cs2,0.8029,-0.006399999999999961,-0.0016599999999999948,9.0612,1.4626000000000001
CS2_37,448,0.7991,0.7318,3.4772,4.2,2.7433,0.4248,-0.5511,0.0,-0.56,0.25,23.7408,30.9171,20.9342,2.1576,5233.08,22.0,calce_cs2,0.7965,0.0026000000000000467,-0.0004999999999999894,8.917100000000001,1.4567
CS2_37,449,0.8013,0.7338,3.4679,4.2,2.7497,0.4249,-0.5415,0.0,-0.56,0.25,23.7274,30.9645,20.9949,2.0943,5244.51,22.0,calce_cs2,0.7991,0.0021999999999999797,0.0005200000000000094,8.964500000000001,1.4503000000000004
CS2_37,450,0.7944,0.7275,3.4706,4.2,2.7573,0.425,-0.5605,0.0,-0.56,0.25,23.6342,31.0586,20.9306,2.1534,5204.59,22.0,calce_cs2,0.8013,-0.006900000000000017,-0.0016999999999999904,9.058599999999998,1.4427000000000003
CS2_37,451,0.7968,0.7297,3.4691,4.2,2.7432,0.4251,-0.5496,0.0,-0.56,0.25,23.4902,31.2793,20.9718,2.0949,5202.72,22.0,calce_cs2,0.7944,0.0023999999999999577,-0.0012199999999999989,9.2793,1.4568000000000003
CS2_37,452,0.7981,0.7309,3.4685,4.2,2.7501,0.4252,-0.544,0.0,-0.56,0.25,23.5378,31.1207,21.0391,2.1182,5208.99,22.0,calce_cs2,0.7968,0.0013000000000000789,0.0003200000000000092,9.1207,1.4499
CS2_37,453,0.7925,0.7258,3.4674,4.2,2.7485,0.4253,-0.5432,0.0,-0.56,0.25,23.8702,30.8646,20.9516,2.0762,5186.58,22.0,calce_cs2,0.7981,-0.005600000000000049,-0.00132000000000001,8.8646,1.4515000000000002
CS2_37,454,0.7931,0.7263,3.4665,4.2,2.7513,0.4254,-0.5431,0.0,-0.56,0.25,23.7926,31.0998,21.1421,2.0539,5181.62,22.0,calce_cs2,0.7925,0.0006000000000000449,-0.001639999999999997,9.099799999999998,1.4487
CS2_37,455,0.7894,0.7229,3.4687,4.2,2.7556,0.4255,-0.5492,0.0,-0.56,0.25,23.5886,30.9133,21.0026,2.1369,5160.24,22.0,calce_cs2,0.7931,-0.0037000000000000366,-0.0010000000000000009,8.9133,1.4444000000000004
CS2_37,456,0.7906,0.724,3.4687,4.2,2.7518,0.4256,-0.5492,0.0,-0.56,0.25,23.732,31.1104,21.102,2.0219,5170.07,22.0,calce_cs2,0.7894,0.0011999999999999789,-0.0012399999999999967,9.110399999999998,1.4482000000000004
CS2_37,457,0.7905,0.7239,3.4672,4.2,2.7568,0.4257,-0.5458,0.0,-0.56,0.25,23.7822,31.1638,20.9762,2.122,5176.11,22.0,calce_cs2,0.7906,-9.999999999998899e-05,-0.0015200000000000103,9.163799999999998,1.4432
CS2_37,458,0.7881,0.7217,3.4672,4.2,2.7562,0.4258,-0.5576,0.0,-0.56,0.25,23.9573,31.1787,21.0476,2.1261,5171.46,22.0,calce_cs2,0.7905,-0.0023999999999999577,-0.0008799999999999919,9.1787,1.4438
CS2_37,459,0.7883,0.7219,3.4622,4.2,2.7504,0.4259,-0.5565,0.0,-0.56,0.25,23.856,31.261,21.0849,2.1127,5167.55,22.0,calce_cs2,0.7881,0.00019999999999997797,-0.0009600000000000053,9.261,1.4496000000000002
CS2_37,460,0.7867,0.7204,3.4601,4.2,2.7543,0.426,-0.5512,0.0,-0.56,0.25,23.7269,31.2247,21.0051,2.0901,5160.04,22.0,calce_cs2,0.7883,-0.0016000000000000458,-0.0005400000000000072,9.224699999999999,1.4457
CS2_37,461,0.7841,0.718,3.4569,4.2,2.7562,0.4261,-0.5637,0.0,-0.56,0.25,23.5486,31.111,21.088,2.1149,5143.01,22.0,calce_cs2,0.7867,-0.0025999999999999357,-0.00129999999999999,9.111,1.4438
CS2_37,462,0.7881,0.7217,3.4586,4.2,2.7531,0.4262,-0.5502,0.0,-0.56,0.25,23.8554,31.397,21.0136,2.1241,5139.76,22.0,calce_cs2,0.7841,0.0040000000000000036,-0.00047999999999999156,9.396999999999998,1.4469000000000003
CS2_37,463,0.7782,0.7126,3.4509,4.2,2.7425,0.4263,-0.546,0.0,-0.56,0.25,23.771,31.4467,21.0067,2.1709,5114.37,22.0,calce_cs2,0.7881,-0.00990000000000002,-0.001980000000000004,9.4467,1.4575
CS2_37,464,0.7826,0.7166,3.4737,4.2,2.7452,0.4264,-0.5483,0.0,-0.56,0.25,23.9223,31.3393,20.9047,2.1388,5076.34,22.0,calce_cs2,0.7782,0.0043999999999999595,-0.0011400000000000078,9.339300000000001,1.4548
CS2_37,465,0.7785,0.7129,3.4597,4.2,2.749,0.4265,-0.5499,0.0,-0.56,0.25,23.7363,31.1766,20.9881,2.0617,5057.77,22.0,calce_cs2,0.7826,-0.0040999999999999925,-0.001639999999999997,9.1766,1.451
CS2_37,466,0.7781,0.7125,3.4583,4.2,2.7442,0.4266,-0.5567,0.0,-0.56,0.25,23.8619,30.9203,21.026,2.1143,5094.82,22.0,calce_cs2,0.7785,-0.00039999999999995595,-0.001200000000000001,8.920300000000001,1.4558
CS2_37,467,0.781,0.7152,3.4679,4.2,2.7517,0.4267,-0.553,0.0,-0.56,0.25,23.8748,31.2712,20.9565,2.0369,5119.7,22.0,calce_cs2,0.7781,0.0029000000000000137,-0.001419999999999999,9.2712,1.4483000000000001
CS2_37,468,0.7777,0.7122,3.4669,4.2,2.7408,0.4268,-0.5505,0.0,-0.56,0.25,23.6533,31.3431,21.0125,2.1926,5097.29,22.0,calce_cs2,0.781,-0.0033000000000000806,-0.00010000000000001119,9.3431,1.4592
CS2_37,469,0.7705,0.7056,3.4579,4.2,2.7507,0.4269,-0.544,0.0,-0.56,0.25,23.7009,31.4017,20.9388,2.0991,5044.57,22.0,calce_cs2,0.7777,-0.007199999999999984,-0.00242,9.401700000000002,1.4493
CS2_37,470,0.7704,0.7055,3.4649,4.2,2.7511,0.427,-0.557,0.0,-0.56,0.25,23.8582,31.1847,20.9602,2.1777,5033.69,22.0,calce_cs2,0.7705,-9.999999999998899e-05,-0.0016199999999999993,9.1847,1.4489
CS2_37,471,0.7724,0.7073,3.4656,4.2,2.7428,0.4271,-0.5478,0.0,-0.56,0.25,23.7537,31.3065,20.9601,2.0921,5045.94,22.0,calce_cs2,0.7704,0.0020000000000000018,-0.0011400000000000078,9.3065,1.4572000000000003
CS2_37,472,0.7728,0.7077,3.4614,4.2,2.7497,0.4272,-0.5424,0.0,-0.56,0.25,23.7887,31.0173,21.0832,2.1456,5032.96,22.0,calce_cs2,0.7724,0.00040000000000006697,-0.001639999999999997,9.017299999999999,1.4503000000000004
CS2_37,473,0.7728,0.7077,3.4685,4.2,2.7509,0.4273,-0.556,0.0,-0.56,0.25,23.7242,31.1623,21.1935,2.1325,5069.47,22.0,calce_cs2,0.7728,0.0,-0.0009799999999999809,9.162299999999998,1.4491
CS2_37,474,0.7656,0.7011,3.4692,4.2,2.7454,0.4274,-0.5518,0.0,-0.56,0.25,23.7648,31.0003,21.0239,2.0834,5029.9,22.0,calce_cs2,0.7728,-0.007200000000000095,-0.000980000000000003,9.0003,1.4546000000000001
CS2_37,475,0.7673,0.7026,3.4628,4.2,2.7446,0.4275,-0.5489,0.0,-0.56,0.25,23.7876,31.1526,20.8814,2.2085,5045.08,22.0,calce_cs2,0.7656,0.0017000000000000348,-0.0006199999999999984,9.1526,1.4554
CS2_37,476,0.7631,0.6988,3.4658,4.2,2.749,0.4276,-0.5483,0.0,-0.56,0.25,23.9678,31.2661,20.9616,2.2047,5022.26,22.0,calce_cs2,0.7673,-0.0041999999999999815,-0.001859999999999995,9.266100000000002,1.451
CS2_37,477,0.763,0.6987,3.4588,4.2,2.7511,0.4277,-0.5507,0.0,-0.56,0.25,23.8419,31.3818,20.9867,2.0811,5000.89,22.0,calce_cs2,0.7631,-9.999999999998899e-05,-0.001960000000000006,9.381799999999998,1.4489
CS2_37,478,0.763,0.6987,3.4525,4.2,2.7645,0.4278,-0.5398,0.0,-0.56,0.25,23.8828,31.4282,20.973,2.1077,5003.46,22.0,calce_cs2,0.763,0.0,-0.001960000000000006,9.4282,1.4355000000000002
CS2_37,479,0.7597,0.6957,3.4596,4.2,2.7546,0.4279,-0.5474,0.0,-0.56,0.25,23.9219,31.3056,21.0015,2.0365,4971.52,22.0,calce_cs2,0.763,-0.0032999999999999696,-0.001179999999999981,9.305599999999998,1.4454000000000002
CS2_37,480,0.7591,0.6952,3.4528,4.2,2.7533,0.428,-0.5518,0.0,-0.56,0.25,23.9465,31.4275,21.0805,2.0089,4929.83,22.0,calce_cs2,0.7597,-0.0006000000000000449,-0.001639999999999997,9.427499999999998,1.4467000000000003
CS2_37,481,0.7531,0.6897,3.4692,4.2,2.7506,0.4281,-0.5477,0.0,-0.56,0.25,23.8534,31.5962,20.9655,2.0778,4938.96,22.0,calce_cs2,0.7591,-0.006000000000000005,-0.0020000000000000018,9.5962,1.4494000000000002
CS2_37,482,0.7544,0.6909,3.4518,4.2,2.7504,0.4282,-0.5549,0.0,-0.56,0.25,23.7995,31.2382,21.0903,2.0582,4950.69,22.0,calce_cs2,0.7531,0.0012999999999999678,-0.0017200000000000104,9.238199999999999,1.4496000000000002
CS2_37,483,0.7583,0.6944,3.462,4.2,2.7537,0.4283,-0.5503,0.0,-0.56,0.25,23.853,31.3146,21.1123,2.0147,4958.2,22.0,calce_cs2,0.7544,0.0039000000000000146,-0.0009400000000000075,9.314599999999999,1.4463000000000004
CS2_37,484,0.7533,0.6898,3.4618,4.2,2.7457,0.4284,-0.5505,0.0,-0.56,0.25,23.7689,31.2802,21.0287,2.0912,4918.21,22.0,calce_cs2,0.7583,-0.0050000000000000044,-0.0012800000000000144,9.2802,1.4543000000000004
CS2_37,485,0.7534,0.6899,3.4522,4.2,2.7559,0.4285,-0.5604,0.0,-0.56,0.25,23.9974,31.4261,21.0373,2.0771,4946.75,22.0,calce_cs2,0.7533,9.999999999998899e-05,-0.0011400000000000078,9.426100000000002,1.4441000000000002
CS2_37,486,0.7479,0.6849,3.4659,4.2,2.7586,0.4286,-0.5511,0.0,-0.56,0.25,23.704,31.6347,21.0926,2.1008,4908.24,22.0,calce_cs2,0.7534,-0.005499999999999949,-0.0010399999999999964,9.634699999999999,1.4414000000000002
CS2_37,487,0.7478,0.6848,3.4607,4.2,2.7503,0.4287,-0.5484,0.0,-0.56,0.25,23.8109,31.1364,21.1797,2.1992,4902.53,22.0,calce_cs2,0.7479,-9.999999999998899e-05,-0.0013199999999999878,9.136399999999998,1.4497
CS2_37,488,0.7479,0.6849,3.4491,4.2,2.7561,0.4288,-0.5591,0.0,-0.56,0.25,23.7068,31.3954,21.0481,2.0723,4892.77,22.0,calce_cs2,0.7478,9.999999999998899e-05,-0.002079999999999993,9.395399999999999,1.4439000000000002
CS2_37,489,0.747,0.6841,3.4476,4.2,2.7444,0.4289,-0.5528,0.0,-0.56,0.25,23.857,31.2662,21.0178,2.005,4885.99,22.0,calce_cs2,0.7479,-0.0009000000000000119,-0.0012599999999999944,9.266200000000001,1.4556
CS2_37,490,0.7464,0.6835,3.4444,4.2,2.7506,0.429,-0.5544,0.0,-0.56,0.25,24.0738,31.5623,20.9338,2.1169,4879.67,22.0,calce_cs2,0.747,-0.0006000000000000449,-0.0014000000000000013,9.5623,1.4494000000000002
CS2_37,491,0.7409,0.6785,3.4521,4.2,2.7406,0.4291,-0.5582,0.0,-0.56,0.25,23.9615,31.6578,21.1099,2.1168,4836.05,22.0,calce_cs2,0.7464,-0.005499999999999949,-0.0014000000000000013,9.657800000000002,1.4594
CS2_37,492,0.7465,0.6836,3.4497,4.2,2.7492,0.4292,-0.5529,0.0,-0.56,0.25,23.9204,31.4857,20.943,2.1249,4858.75,22.0,calce_cs2,0.7409,0.005600000000000049,-0.0002599999999999936,9.485700000000001,1.4508
CS2_37,493,0.7402,0.6778,3.4441,4.2,2.7489,0.4293,-0.5545,0.0,-0.56,0.25,23.7371,31.452,20.9985,2.1459,4848.1,22.0,calce_cs2,0.7465,-0.006300000000000083,-0.001540000000000008,9.452000000000002,1.4511000000000003
CS2_37,494,0.7419,0.6794,3.4357,4.2,2.7508,0.4294,-0.5513,0.0,-0.56,0.25,23.6677,31.4234,20.9988,2.0219,4838.77,22.0,calce_cs2,0.7402,0.0017000000000000348,-0.0010199999999999988,9.4234,1.4492000000000003
CS2_37,495,0.7389,0.6767,3.4475,4.2,2.7476,0.4295,-0.5404,0.0,-0.56,0.25,24.1719,31.4965,21.0577,2.0844,4829.52,22.0,calce_cs2,0.7419,-0.0030000000000000027,-0.0014999999999999903,9.496500000000001,1.4524000000000004
CS2_37,496,0.7367,0.6746,3.4516,4.2,2.7446,0.4296,-0.543,0.0,-0.56,0.25,23.748,31.209,21.0451,2.1433,4828.81,22.0,calce_cs2,0.7389,-0.0021999999999999797,-0.0008399999999999963,9.209,1.4554
CS2_37,497,0.7337,0.6718,3.4532,4.2,2.7502,0.4297,-0.5496,0.0,-0.56,0.25,24.1428,31.2295,21.0291,2.0661,4828.37,22.0,calce_cs2,0.7367,-0.0030000000000000027,-0.0025600000000000067,9.229500000000002,1.4498000000000002
CS2_37,498,0.7357,0.6737,3.4493,4.2,2.7512,0.4298,-0.5535,0.0,-0.56,0.25,23.6527,31.2418,20.8932,2.073,4819.12,22.0,calce_cs2,0.7337,0.0020000000000000018,-0.0008999999999999897,9.241800000000001,1.4488000000000003
CS2_37,499,0.7318,0.6701,3.4428,4.2,2.7493,0.4299,-0.5523,0.0,-0.56,0.25,23.917,31.3872,21.1127,2.0807,4806.57,22.0,calce_cs2,0.7357,-0.0039000000000000146,-0.0020199999999999997,9.3872,1.4507000000000003
CS2_37,500,0.7312,0.6696,3.4431,4.2,2.7522,0.43,-0.5541,0.0,-0.56,0.25,23.7996,31.485,21.1556,2.1244,4765.03,22.0,calce_cs2,0.7318,-0.0006000000000000449,-0.001540000000000008,9.485,1.4478
CS2_37,501,0.7275,0.6662,3.4572,4.2,2.745,0.4301,-0.5517,0.0,-0.56,0.25,23.9178,31.3228,21.1795,2.0352,4751.89,22.0,calce_cs2,0.7312,-0.0036999999999999256,-0.0018399999999999972,9.3228,1.455
CS2_37,502,0.729,0.6676,3.4495,4.2,2.751,0.4302,-0.5572,0.0,-0.56,0.25,23.8426,31.5276,21.0847,2.1687,4751.8,22.0,calce_cs2,0.7275,0.0014999999999999458,-0.0009400000000000075,9.5276,1.4490000000000003
CS2_37,503,0.7266,0.6654,3.4506,4.2,2.7539,0.4303,-0.5433,0.0,-0.56,0.25,23.9625,31.3391,20.9258,2.0806,4806.14,22.0,calce_cs2,0.729,-0.0023999999999999577,-0.0018199999999999994,9.339099999999998,1.4461000000000004
CS2_37,504,0.7265,0.6653,3.4491,4.2,2.7431,0.4304,-0.5505,0.0,-0.56,0.25,23.918,31.2975,20.9244,2.1365,4748.52,22.0,calce_cs2,0.7266,-9.999999999998899e-05,-0.0010599999999999943,9.2975,1.4569
CS2_37,505,0.7238,0.6629,3.4386,4.2,2.7602,0.4305,-0.5539,0.0,-0.56,0.25,23.994,31.5649,20.9922,2.1217,4711.15,22.0,calce_cs2,0.7265,-0.0027000000000000357,-0.0014799999999999924,9.564900000000002,1.4398
CS2_37,506,0.7178,0.6573,3.454,4.2,2.7538,0.4306,-0.5509,0.0,-0.56,0.25,23.9423,31.2147,21.0144,2.1228,4703.79,22.0,calce_cs2,0.7238,-0.006000000000000005,-0.0019400000000000083,9.2147,1.4462000000000002
CS2_37,507,0.7252,0.6641,3.4518,4.2,2.7474,0.4307,-0.5552,0.0,-0.56,0.25,23.8682,31.3873,20.9513,2.1079,4749.97,22.0,calce_cs2,0.7178,0.007399999999999962,-0.0007600000000000051,9.3873,1.4526000000000003
CS2_37,508,0.7214,0.6606,3.4384,4.2,2.7439,0.4308,-0.5398,0.0,-0.56,0.25,23.8722,31.3338,21.0271,2.1278,4724.62,22.0,calce_cs2,0.7252,-0.0037999999999999146,-0.0010399999999999964,9.3338,1.4561000000000002
CS2_37,509,0.7152,0.6549,3.4453,4.2,2.7483,0.4309,-0.5558,0.0,-0.56,0.25,23.6078,31.3877,20.9856,2.072,4672.94,22.0,calce_cs2,0.7214,-0.006200000000000094,-0.0022600000000000176,9.387699999999999,1.4517000000000002
CS2_37,510,0.7212,0.6605,3.4581,4.2,2.7537,0.431,-0.5477,0.0,-0.56,0.25,24.114,31.3065,21.074,2.0789,4723.52,22.0,calce_cs2,0.7152,0.006000000000000005,-0.0005200000000000094,9.3065,1.4463000000000004
CS2_37,511,0.7123,0.6523,3.4418,4.2,2.7508,0.4311,-0.5473,0.0,-0.56,0.25,24.0716,31.6797,20.9712,2.0368,4664.49,22.0,calce_cs2,0.7212,-0.008899999999999908,-0.0010999999999999899,9.6797,1.4492000000000003
CS2_37,512,0.7133,0.6532,3.441,4.2,2.7413,0.4312,-0.5413,0.0,-0.56,0.25,23.9269,31.5672,20.9117,2.1308,4671.34,22.0,calce_cs2,0.7123,0.0010000000000000009,-0.002379999999999982,9.5672,1.4587000000000003
CS2_37,513,0.7102,0.6504,3.4417,4.2,2.7505,0.4313,-0.542,0.0,-0.56,0.25,24.2566,31.6312,20.9726,2.072,4654.04,22.0,calce_cs2,0.7133,-0.0030999999999999917,-0.0022399999999999976,9.6312,1.4495
CS2_37,514,0.7103,0.6505,3.4504,4.2,2.7543,0.4314,-0.5513,0.0,-0.56,0.25,24.0769,31.7389,20.9538,2.0666,4623.34,22.0,calce_cs2,0.7102,9.999999999998899e-05,-0.0009799999999999809,9.738900000000001,1.4457
CS2_37,515,0.7039,0.6446,3.4545,4.2,2.755,0.4315,-0.5431,0.0,-0.56,0.25,23.9483,31.6041,20.8633,2.18,4620.39,22.0,calce_cs2,0.7103,-0.006400000000000072,-0.0034599999999999965,9.604099999999999,1.4450000000000003
CS2_37,516,0.7066,0.6471,3.4307,4.2,2.7473,0.4316,-0.5396,0.0,-0.56,0.25,24.1621,31.4724,21.1311,2.1068,4595.1,22.0,calce_cs2,0.7039,0.0027000000000000357,-0.0011400000000000078,9.4724,1.4527
CS2_37,517,0.702,0.6429,3.443,4.2,2.7475,0.4317,-0.5459,0.0,-0.56,0.25,23.9343,31.8741,20.9358,2.1093,4596.66,22.0,calce_cs2,0.7066,-0.0046000000000000485,-0.0022600000000000176,9.874099999999999,1.4525000000000001
CS2_37,518,0.7042,0.6449,3.4427,4.2,2.7511,0.4318,-0.5548,0.0,-0.56,0.25,24.0073,31.4537,21.0142,2.1154,4628.11,22.0,calce_cs2,0.702,0.0022000000000000908,-0.001200000000000001,9.453700000000001,1.4489
CS2_37,519,0.7016,0.6424,3.4386,4.2,2.7511,0.4319,-0.5547,0.0,-0.56,0.25,23.8777,31.5193,20.9848,2.1245,4592.21,22.0,calce_cs2,0.7042,-0.0026000000000000467,-0.0017400000000000083,9.519300000000001,1.4489
CS2_37,520,0.6982,0.6394,3.4525,4.2,2.7416,0.432,-0.5482,0.0,-0.56,0.25,24.1675,31.2471,20.9217,2.0353,4570.62,22.0,calce_cs2,0.7016,-0.0033999999999999586,-0.0011399999999999854,9.2471,1.4584000000000001
CS2_37,521,0.6966,0.6379,3.4379,4.2,2.7527,0.4321,-0.5511,0.0,-0.56,0.25,24.1708,31.3564,20.8666,2.0741,4575.62,22.0,calce_cs2,0.6982,-0.0016000000000000458,-0.0020000000000000018,9.3564,1.4473000000000003
CS2_37,522,0.6957,0.6371,3.4452,4.2,2.7541,0.4322,-0.5435,0.0,-0.56,0.25,23.8635,31.3686,20.9473,2.1634,4559.06,22.0,calce_cs2,0.6966,-0.0009000000000000119,-0.0012599999999999944,9.3686,1.4459
CS2_37,523,0.7001,0.6411,3.4288,4.2,2.7533,0.4323,-0.5475,0.0,-0.56,0.25,24.1639,31.5549,21.0461,1.9741,4585.78,22.0,calce_cs2,0.6957,0.0043999999999999595,-0.0008200000000000207,9.5549,1.4467000000000003
CS2_37,524,0.6938,0.6354,3.4467,4.2,2.7459,0.4324,-0.5564,0.0,-0.56,0.25,23.9264,31.6122,20.9889,2.1055,4546.64,22.0,calce_cs2,0.7001,-0.006299999999999972,-0.0015600000000000058,9.612200000000001,1.4541000000000004
CS2_37,525,0.6906,0.6324,3.4383,4.2,2.7553,0.4325,-0.5526,0.0,-0.56,0.25,23.7304,31.8766,20.907,2.0775,4558.95,22.0,calce_cs2,0.6938,-0.0031999999999999806,-0.0015200000000000103,9.8766,1.4447
CS2_37,526,0.6871,0.6292,3.4378,4.2,2.7566,0.4326,-0.5516,0.0,-0.56,0.25,23.9483,31.5773,21.0578,2.1039,4479.23,22.0,calce_cs2,0.6906,-0.0034999999999999476,-0.0018999999999999907,9.577300000000001,1.4434
CS2_37,527,0.6959,0.6373,3.439,4.2,2.7461,0.4327,-0.5524,0.0,-0.56,0.25,24.0523,31.5695,21.1364,2.1122,4578.98,22.0,calce_cs2,0.6871,0.008799999999999919,3.999999999999559e-05,9.569500000000001,1.4539
CS2_37,528,0.6861,0.6283,3.4335,4.2,2.7513,0.4328,-0.5421,0.0,-0.56,0.25,23.8616,31.5581,20.8791,2.1122,4487.76,22.0,calce_cs2,0.6959,-0.00979999999999992,-0.0027999999999999805,9.5581,1.4487
CS2_37,529,0.6816,0.6242,3.4425,4.2,2.7547,0.4329,-0.5571,0.0,-0.56,0.25,24.0473,31.572,21.0288,2.025,4446.04,22.0,calce_cs2,0.6861,-0.0045000000000000595,-0.0024399999999999977,9.572,1.4453
CS2_37,530,0.6832,0.6257,3.4446,4.2,2.7427,0.433,-0.5423,0.0,-0.56,0.25,24.0513,31.7578,20.8835,2.134,4453.6,22.0,calce_cs2,0.6816,0.0016000000000000458,-0.0014799999999999924,9.7578,1.4573
CS2_37,531,0.6816,0.6242,3.4355,4.2,2.7505,0.4331,-0.5496,0.0,-0.56,0.25,23.9808,31.2619,21.1371,1.9941,4454.72,22.0,calce_cs2,0.6832,-0.0016000000000000458,-0.001100000000000012,9.2619,1.4495
CS2_37,532,0.6878,0.6298,3.4367,4.2,2.7525,0.4332,-0.5493,0.0,-0.56,0.25,24.2888,31.5908,20.8534,2.0991,4493.48,22.0,calce_cs2,0.6816,0.006199999999999983,-0.0016199999999999993,9.590800000000002,1.4475000000000002
CS2_37,533,0.6781,0.6209,3.4293,4.2,2.7495,0.4333,-0.5562,0.0,-0.56,0.25,23.945,31.5831,21.0224,2.0056,4462.77,22.0,calce_cs2,0.6878,-0.009699999999999931,-0.0016000000000000014,9.583100000000002,1.4505000000000003
CS2_37,534,0.6745,0.6177,3.4386,4.2,2.754,0.4334,-0.5507,0.0,-0.56,0.25,24.0104,31.6459,21.0013,2.0928,4393.71,22.0,calce_cs2,0.6781,-0.0036000000000000476,-0.001419999999999999,9.645900000000001,1.4460000000000002
CS2_37,535,0.6753,0.6184,3.452,4.2,2.7512,0.4335,-0.5568,0.0,-0.56,0.25,24.0061,31.5578,20.9909,2.0998,4428.18,22.0,calce_cs2,0.6745,0.0008000000000000229,-0.0015800000000000037,9.5578,1.4488000000000003
CS2_37,536,0.6803,0.623,3.4344,4.2,2.7437,0.4336,-0.5527,0.0,-0.56,0.25,24.1558,31.6568,20.9984,2.1217,4480.22,22.0,calce_cs2,0.6753,0.0050000000000000044,-0.0002599999999999936,9.6568,1.4563000000000001
CS2_37,537,0.6687,0.6123,3.4355,4.2,2.7508,0.4337,-0.5489,0.0,-0.56,0.25,24.1739,31.3059,21.0503,2.158,4355.05,22.0,calce_cs2,0.6803,-0.011600000000000055,-0.0038200000000000013,9.305900000000001,1.4492000000000003
CS2_37,538,0.6683,0.612,3.4347,4.2,2.7475,0.4338,-0.5477,0.0,-0.56,0.25,24.0949,31.895,20.8778,2.0312,4381.18,22.0,calce_cs2,0.6687,-0.00039999999999995595,-0.001960000000000006,9.895,1.4525000000000001
CS2_37,539,0.6654,0.6093,3.4298,4.2,2.7487,0.4339,-0.5515,0.0,-0.56,0.25,24.1609,31.7105,21.0904,2.0809,4360.74,22.0,calce_cs2,0.6683,-0.0029000000000000137,-0.0018199999999999994,9.7105,1.4513000000000003
CS2_37,540,0.666,0.6099,3.4345,4.2,2.7437,0.434,-0.5552,0.0,-0.56,0.25,24.305,31.8729,21.1032,2.0826,4363.74,22.0,calce_cs2,0.6654,0.0006000000000000449,-0.001859999999999995,9.872900000000001,1.4563000000000001
CS2_37,541,0.6617,0.606,3.4257,4.2,2.7445,0.4341,-0.5415,0.0,-0.56,0.25,23.9505,31.6214,20.9941,2.1506,4341.84,22.0,calce_cs2,0.666,-0.0043000000000000815,-0.0037200000000000124,9.621400000000001,1.4555000000000002
CS2_37,542,0.6626,0.6068,3.4403,4.2,2.7541,0.4342,-0.5501,0.0,-0.56,0.25,23.9514,31.7154,21.0224,2.1286,4336.94,22.0,calce_cs2,0.6617,0.0009000000000000119,-0.0012199999999999989,9.715399999999999,1.4459
CS2_37,543,0.66,0.6044,3.4382,4.2,2.7424,0.4343,-0.5522,0.0,-0.56,0.25,23.9626,31.4768,20.8718,2.0534,4322.71,22.0,calce_cs2,0.6626,-0.0025999999999999357,-0.0016599999999999948,9.4768,1.4576000000000002
CS2_37,544,0.6603,0.6047,3.4386,4.2,2.7602,0.4344,-0.5578,0.0,-0.56,0.25,24.169,31.7121,21.1901,2.1387,4342.39,22.0,calce_cs2,0.66,0.00029999999999996696,-0.0010199999999999988,9.7121,1.4398
CS2_37,545,0.658,0.6025,3.4456,4.2,2.7416,0.4345,-0.5507,0.0,-0.56,0.25,23.898,31.7528,20.9867,2.1371,4310.35,22.0,calce_cs2,0.6603,-0.0022999999999999687,-0.0016000000000000014,9.7528,1.4584000000000001
CS2_37,546,0.6578,0.6024,3.4318,4.2,2.7454,0.4346,-0.5597,0.0,-0.56,0.25,23.7088,31.6419,21.1223,2.13,4314.06,22.0,calce_cs2,0.658,-0.00019999999999997797,-0.0007799999999999807,9.6419,1.4546000000000001
CS2_37,547,0.6551,0.5999,3.4355,4.2,2.7513,0.4347,-0.552,0.0,-0.56,0.25,24.039,31.7294,21.0171,2.0657,4270.66,22.0,calce_cs2,0.6578,-0.0027000000000000357,-0.0014999999999999903,9.729399999999998,1.4487
CS2_37,548,0.6558,0.6006,3.4326,4.2,2.7526,0.4348,-0.5421,0.0,-0.56,0.25,24.2124,31.9856,20.9339,2.0982,4295.89,22.0,calce_cs2,0.6551,0.0007000000000000339,-0.0008399999999999963,9.985600000000002,1.4474
CS2_37,549,0.6528,0.5978,3.4375,4.2,2.7576,0.4349,-0.5523,0.0,-0.56,0.25,24.2645,31.5031,20.923,2.1428,4278.65,22.0,calce_cs2,0.6558,-0.0030000000000000027,-0.0014999999999999903,9.5031,1.4424000000000001
CS2_37,550,0.6489,0.5943,3.4238,4.2,2.7554,0.435,-0.5395,0.0,-0.56,0.25,24.1517,31.6669,21.0679,2.14,4224.49,22.0,calce_cs2,0.6528,-0.0039000000000000146,-0.0018199999999999994,9.666899999999998,1.4446000000000003
CS2_37,551,0.6476,0.593,3.4149,4.2,2.762,0.4351,-0.5552,0.0,-0.56,0.25,24.0286,31.4829,21.1026,2.1009,4218.15,22.0,calce_cs2,0.6489,-0.0013000000000000789,-0.0020400000000000197,9.4829,1.4380000000000002
CS2_37,552,0.6472,0.5927,3.425,4.2,2.755,0.4352,-0.5516,0.0,-0.56,0.25,24.2166,31.7378,20.9727,2.1144,4251.16,22.0,calce_cs2,0.6476,-0.00039999999999995595,-0.0015800000000000037,9.7378,1.4450000000000003
CS2_37,553,0.6439,0.5897,3.4258,4.2,2.7535,0.4353,-0.5423,0.0,-0.56,0.25,24.0287,31.5981,21.088,2.175,4224.74,22.0,calce_cs2,0.6472,-0.0032999999999999696,-0.0023800000000000045,9.598099999999999,1.4465000000000003
CS2_37,554,0.6405,0.5865,3.4154,4.2,2.7526,0.4354,-0.549,0.0,-0.56,0.25,24.1639,31.787,20.8363,2.0537,4185.68,22.0,calce_cs2,0.6439,-0.0034000000000000696,-0.0024600000000000177,9.786999999999999,1.4474
CS2_37,555,0.6447,0.5904,3.4131,4.2,2.7507,0.4355,-0.5493,0.0,-0.56,0.25,24.1555,31.6571,21.0136,2.0521,4219.02,22.0,calce_cs2,0.6405,0.0042000000000000925,-0.0008399999999999963,9.6571,1.4493
CS2_37,556,0.6411,0.5871,3.4324,4.2,2.7468,0.4356,-0.5462,0.0,-0.56,0.25,24.2592,31.2115,20.9894,2.0162,4200.24,22.0,calce_cs2,0.6447,-0.0036000000000000476,-0.00129999999999999,9.211500000000001,1.4532000000000003
CS2_37,557,0.6389,0.5851,3.4066,4.2,2.744,0.4357,-0.5533,0.0,-0.56,0.25,24.2726,31.7964,21.0224,2.1334,4182.87,22.0,calce_cs2,0.6411,-0.0021999999999999797,-0.0016599999999999948,9.796399999999998,1.456
CS2_37,558,0.6404,0.5865,3.4383,4.2,2.7587,0.4358,-0.5572,0.0,-0.56,0.25,24.2774,31.6366,20.9367,2.0415,4196.72,22.0,calce_cs2,0.6389,0.0014999999999999458,-0.0007000000000000117,9.636600000000001,1.4413
CS2_37,559,0.6367,0.5831,3.4244,4.2,2.7474,0.4359,-0.5536,0.0,-0.56,0.25,24.1036,32.1267,21.1139,2.0577,4151.5,22.0,calce_cs2,0.6404,-0.0036999999999999256,-0.0007599999999999829,10.1267,1.4526000000000003
CS2_37,560,0.6336,0.5802,3.4356,4.2,2.7452,0.436,-0.5471,0.0,-0.56,0.25,24.1204,31.8487,20.914,2.132,4124.81,22.0,calce_cs2,0.6367,-0.0030999999999999917,-0.0022199999999999998,9.848700000000001,1.4548
CS2_37,561,0.6317,0.5785,3.4178,4.2,2.7451,0.4361,-0.5483,0.0,-0.56,0.25,24.0355,31.9422,21.0182,2.0684,4142.73,22.0,calce_cs2,0.6336,-0.0019000000000000128,-0.0018799999999999928,9.9422,1.4549000000000003
CS2_37,562,0.6249,0.5722,3.4307,4.2,2.7481,0.4362,-0.5591,0.0,-0.56,0.25,24.1428,31.8212,20.9305,2.1086,4091.63,22.0,calce_cs2,0.6317,-0.006800000000000028,-0.0028000000000000026,9.821200000000001,1.4519000000000002
CS2_37,563,0.6277,0.5748,3.4297,4.2,2.7478,0.4363,-0.5477,0.0,-0.56,0.25,24.228,31.8786,20.8909,2.1685,4076.4,22.0,calce_cs2,0.6249,0.0028000000000000247,-0.0025399999999999867,9.878599999999999,1.4522000000000004
CS2_37,564,0.6308,0.5777,3.4227,4.2,2.7481,0.4364,-0.5583,0.0,-0.56,0.25,24.3386,31.7436,20.9677,2.0568,4133.96,22.0,calce_cs2,0.6277,0.0030999999999999917,-0.0011800000000000033,9.7436,1.4519000000000002
CS2_37,565,0.6224,0.57,3.4168,4.2,2.7528,0.4365,-0.5542,0.0,-0.56,0.25,24.1227,31.737,21.1443,2.1031,4068.86,22.0,calce_cs2,0.6308,-0.008400000000000074,-0.0022400000000000198,9.736999999999998,1.4472
CS2_37,566,0.6229,0.5704,3.4263,4.2,2.747,0.4366,-0.5449,0.0,-0.56,0.25,24.1845,31.9387,21.0902,2.081,4058.96,22.0,calce_cs2,0.6224,0.000500000000000056,-0.001760000000000006,9.9387,1.4530000000000003
CS2_37,567,0.622,0.5696,3.4316,4.2,2.7509,0.4367,-0.5462,0.0,-0.56,0.25,24.0251,31.6554,21.0366,2.0648,4083.89,22.0,calce_cs2,0.6229,-0.0009000000000000119,-0.0005800000000000027,9.6554,1.4491
CS2_37,568,0.6162,0.5643,3.4343,4.2,2.7527,0.4368,-0.5447,0.0,-0.56,0.25,24.4469,31.7377,21.1533,2.07,4041.55,22.0,calce_cs2,0.622,-0.005800000000000027,-0.002300000000000013,9.7377,1.4473000000000003
CS2_37,569,0.6192,0.567,3.4122,4.2,2.7423,0.4369,-0.5477,0.0,-0.56,0.25,24.2566,31.6394,20.9899,2.1828,4061.75,22.0,calce_cs2,0.6162,0.0030000000000000027,-0.002320000000000011,9.639399999999998,1.4577
CS2_37,570,0.6133,0.5616,3.4171,4.2,2.7529,0.437,-0.5484,0.0,-0.56,0.25,24.3871,31.9447,21.1193,2.0465,4005.82,22.0,calce_cs2,0.6192,-0.005900000000000016,-0.0018199999999999994,9.944700000000001,1.4471000000000003
CS2_37,571,0.6185,0.5664,3.4151,4.2,2.7599,0.4371,-0.5501,0.0,-0.56,0.25,24.218,31.7656,20.982,2.0667,4048.92,22.0,calce_cs2,0.6133,0.0052000000000000934,-0.0008799999999999919,9.7656,1.4401000000000002
CS2_37,572,0.6103,0.5589,3.4195,4.2,2.7492,0.4372,-0.5461,0.0,-0.56,0.25,24.0007,31.9826,20.8839,2.0835,3994.74,22.0,calce_cs2,0.6185,-0.008200000000000096,-0.0023400000000000087,9.982600000000001,1.4508
CS2_37,573,0.608,0.5568,3.4245,4.2,2.7524,0.4373,-0.5484,0.0,-0.56,0.25,24.3847,31.8158,21.1144,2.0526,3987.14,22.0,calce_cs2,0.6103,-0.0022999999999999687,-0.001639999999999997,9.8158,1.4476
CS2_37,574,0.608,0.5568,3.4196,4.2,2.7416,0.4374,-0.5515,0.0,-0.56,0.25,24.4671,32.1815,21.0739,2.1218,3992.33,22.0,calce_cs2,0.608,0.0,-0.0022399999999999976,10.1815,1.4584000000000001
CS2_37,575,0.6038,0.553,3.4222,4.2,2.7567,0.4375,-0.5539,0.0,-0.56,0.25,24.0221,32.1556,21.0175,2.0769,3937.42,22.0,calce_cs2,0.608,-0.0041999999999999815,-0.0018999999999999907,10.1556,1.4433000000000002
CS2_37,576,0.6013,0.5506,3.4071,4.2,2.753,0.4376,-0.5571,0.0,-0.56,0.25,24.08,31.8118,21.0039,2.1568,3945.18,22.0,calce_cs2,0.6038,-0.0025000000000000577,-0.0034400000000000207,9.811800000000002,1.447
CS2_37,577,0.6042,0.5533,3.4171,4.2,2.7539,0.4377,-0.5542,0.0,-0.56,0.25,24.3652,31.7387,21.0443,2.1392,3941.9,22.0,calce_cs2,0.6013,0.0029000000000000137,-0.0012199999999999989,9.738700000000001,1.4461000000000004
CS2_37,578,0.6029,0.5521,3.431,4.2,2.7506,0.4378,-0.5514,0.0,-0.56,0.25,24.3229,31.7645,21.1051,2.1112,3959.85,22.0,calce_cs2,0.6042,-0.0012999999999999678,-0.0010199999999999988,9.764500000000002,1.4494000000000002
CS2_37,579,0.5987,0.5483,3.4148,4.2,2.7585,0.4379,-0.5542,0.0,-0.56,0.25,24.2762,31.6474,21.0329,2.114,3900.04,22.0,calce_cs2,0.6029,-0.0041999999999999815,-0.001859999999999995,9.647400000000001,1.4415
CS2_37,580,0.5945,0.5445,3.4251,4.2,2.7501,0.438,-0.5565,0.0,-0.56,0.25,24.2497,31.8818,20.9763,2.1547,3891.33,22.0,calce_cs2,0.5987,-0.0041999999999999815,-0.001859999999999995,9.881799999999998,1.4499
CS2_37,581,0.5983,0.5479,3.4166,4.2,2.7497,0.4381,-0.5471,0.0,-0.56,0.25,24.3776,31.9317,20.9417,2.1878,3917.28,22.0,calce_cs2,0.5945,0.0038000000000000256,-0.0005999999999999784,9.9317,1.4503000000000004
CS2_37,582,0.5933,0.5434,3.4208,4.2,2.7526,0.4382,-0.5508,0.0,-0.56,0.25,24.4582,31.8235,21.0911,2.1162,3885.51,22.0,calce_cs2,0.5983,-0.0050000000000000044,-0.002179999999999982,9.8235,1.4474
CS2_37,583,0.5883,0.5387,3.4097,4.2,2.7433,0.4383,-0.5435,0.0,-0.56,0.25,24.1479,31.8016,20.9921,2.1685,3853.53,22.0,calce_cs2,0.5933,-0.0050000000000000044,-0.0029199999999999894,9.8016,1.4567
CS2_37,584,0.5875,0.538,3.4159,4.2,2.752,0.4384,-0.5451,0.0,-0.56,0.25,24.1665,31.783,21.0414,2.1818,3809.99,22.0,calce_cs2,0.5883,-0.0008000000000000229,-0.0022399999999999976,9.783000000000001,1.4480000000000004
CS2_37,585,0.5862,0.5368,3.4161,4.2,2.7495,0.4385,-0.5551,0.0,-0.56,0.25,24.3718,31.9393,21.0382,2.1304,3854.18,22.0,calce_cs2,0.5875,-0.0012999999999999678,-0.0016599999999999948,9.9393,1.4505000000000003
CS2_37,586,0.5869,0.5374,3.4104,4.2,2.7465,0.4386,-0.5452,0.0,-0.56,0.25,24.242,32.0786,21.1321,2.1154,3851.58,22.0,calce_cs2,0.5862,0.0006999999999999229,-0.0022800000000000155,10.078600000000002,1.4535
CS2_37,587,0.5798,0.531,3.4151,4.2,2.7499,0.4387,-0.5534,0.0,-0.56,0.25,24.0725,31.8486,21.0193,2.0769,3780.2,22.0,calce_cs2,0.5869,-0.007099999999999995,-0.0027000000000000136,9.848600000000001,1.4501000000000004
CS2_37,588,0.581,0.5321,3.4278,4.2,2.7589,0.4388,-0.5515,0.0,-0.56,0.25,24.2108,32.0967,20.9301,2.077,3799.7,22.0,calce_cs2,0.5798,0.0011999999999999789,-0.0014600000000000168,10.096699999999998,1.4411
CS2_37,589,0.5781,0.5294,3.4132,4.2,2.7556,0.4389,-0.5487,0.0,-0.56,0.25,24.4336,31.9262,21.0754,2.1044,3784.73,22.0,calce_cs2,0.581,-0.0029000000000000137,-0.001880000000000015,9.926200000000001,1.4444000000000004
CS2_37,590,0.5782,0.5295,3.4201,4.2,2.7553,0.439,-0.5492,0.0,-0.56,0.25,24.3978,31.9614,21.0238,2.1735,3807.22,22.0,calce_cs2,0.5781,0.00010000000000010001,-0.0016000000000000014,9.961400000000001,1.4447
CS2_37,591,0.5743,0.5259,3.4107,4.2,2.7441,0.4391,-0.5558,0.0,-0.56,0.25,24.4041,31.7659,21.0009,2.1882,3770.17,22.0,calce_cs2,0.5782,-0.0039000000000000146,-0.002519999999999989,9.765899999999998,1.4559000000000002
CS2_37,592,0.5743,0.5259,3.4295,4.2,2.7491,0.4392,-0.5467,0.0,-0.56,0.25,24.2593,32.3704,21.01,2.0705,3767.37,22.0,calce_cs2,0.5743,0.0,-0.0010999999999999899,10.370399999999997,1.4509000000000003
CS2_37,593,0.5716,0.5234,3.4119,4.2,2.7482,0.4393,-0.5517,0.0,-0.56,0.25,24.2646,31.9847,21.0141,2.0863,3760.34,22.0,calce_cs2,0.5743,-0.0027000000000000357,-0.0018799999999999928,9.9847,1.4518
CS2_37,594,0.5725,0.5242,3.4204,4.2,2.7528,0.4394,-0.5409,0.0,-0.56,0.25,24.3545,32.0061,20.9586,2.0733,3708.82,22.0,calce_cs2,0.5716,0.0009000000000000119,-0.0011199999999999878,10.006100000000004,1.4472
CS2_37,595,0.5707,0.5227,3.4177,4.2,2.759,0.4395,-0.5516,0.0,-0.56,0.25,24.1227,31.9564,21.0825,2.1974,3754.88,22.0,calce_cs2,0.5725,-0.0018000000000000238,-0.0015000000000000124,9.956399999999999,1.4410000000000003
CS2_37,596,0.5627,0.5153,3.4082,4.2,2.7481,0.4396,-0.5485,0.0,-0.56,0.25,24.3396,31.6334,20.9702,2.0202,3688.3,22.0,calce_cs2,0.5707,-0.008000000000000007,-0.002320000000000011,9.633400000000002,1.4519000000000002
CS2_37,597,0.5657,0.5181,3.4027,4.2,2.7575,0.4397,-0.5504,0.0,-0.56,0.25,24.4092,31.925,21.0672,2.1079,3673.82,22.0,calce_cs2,0.5627,0.0030000000000000027,-0.0017200000000000104,9.925,1.4425000000000003
CS2_37,598,0.5676,0.5198,3.4229,4.2,2.7458,0.4398,-0.5528,0.0,-0.56,0.25,24.2794,31.9144,20.8409,2.0928,3750.21,22.0,calce_cs2,0.5657,0.0019000000000000128,-0.0008000000000000007,9.9144,1.4542000000000002
CS2_37,599,0.5694,0.5214,3.4119,4.2,2.7501,0.4399,-0.5629,0.0,-0.56,0.25,24.3831,31.9871,20.959,2.179,3753.98,22.0,calce_cs2,0.5676,0.0018000000000000238,-0.0006199999999999984,9.987100000000002,1.4499
CS2_37,600,0.564,0.5164,3.4214,4.2,2.7566,0.44,-0.5594,0.0,-0.56,0.25,24.7436,32.0194,20.9926,2.0339,3678.06,22.0,calce_cs2,0.5694,-0.005400000000000071,-0.0013400000000000079,10.019399999999997,1.4434
CS2_37,601,0.5608,0.5135,3.404,4.2,2.7531,0.4401,-0.55,0.0,-0.56,0.25,24.069,31.8415,21.0129,2.1209,3655.3,22.0,calce_cs2,0.564,-0.0031999999999999806,-0.00038000000000000257,9.8415,1.4469000000000003
CS2_37,602,0.5591,0.512,3.4129,4.2,2.7453,0.4402,-0.546,0.0,-0.56,0.25,24.3124,31.9626,21.0458,1.9944,3660.16,22.0,calce_cs2,0.5608,-0.0016999999999999238,-0.0013199999999999878,9.962599999999998,1.4547000000000003
CS2_37,603,0.556,0.5091,3.4151,4.2,2.7534,0.4403,-0.5384,0.0,-0.56,0.25,24.332,31.9351,21.1365,2.0385,3645.61,22.0,calce_cs2,0.5591,-0.0030999999999999917,-0.0023199999999999887,9.935099999999998,1.4466
CS2_37,604,0.5549,0.5081,3.423,4.2,2.7509,0.4404,-0.547,0.0,-0.56,0.25,24.1878,31.9255,21.0336,2.0833,3621.69,22.0,calce_cs2,0.556,-0.001100000000000101,-0.0029000000000000137,9.9255,1.4491
CS2_37,605,0.5543,0.5076,3.4061,4.2,2.7467,0.4405,-0.5419,0.0,-0.56,0.25,24.5403,32.1544,21.0749,2.107,3625.76,22.0,calce_cs2,0.5549,-0.0005999999999999339,-0.0019399999999999862,10.154400000000003,1.4533
CS2_37,606,0.548,0.5018,3.411,4.2,2.7529,0.4406,-0.5474,0.0,-0.56,0.25,24.2311,32.2853,21.0921,2.1011,3597.24,22.0,calce_cs2,0.5543,-0.006299999999999972,-0.0025599999999999846,10.2853,1.4471000000000003
CS2_37,607,0.5455,0.4995,3.4107,4.2,2.7541,0.4407,-0.5494,0.0,-0.56,0.25,24.5864,32.1134,21.0639,2.0319,3554.36,22.0,calce_cs2,0.548,-0.0025000000000000577,-0.0027200000000000115,10.113399999999999,1.4459
CS2_37,608,0.5463,0.5003,3.4046,4.2,2.749,0.4408,-0.553,0.0,-0.56,0.25,24.3403,32.0955,20.989,2.0241,3561.71,22.0,calce_cs2,0.5455,0.0008000000000000229,-0.0019400000000000083,10.095500000000001,1.451
CS2_37,609,0.5414,0.4958,3.4102,4.2,2.7509,0.4409,-0.551,0.0,-0.56,0.25,24.2663,31.9164,20.8543,2.1597,3547.39,22.0,calce_cs2,0.5463,-0.0049000000000000155,-0.0026999999999999915,9.9164,1.4491
CS2_37,610,0.5401,0.4946,3.4196,4.2,2.7575,0.441,-0.5591,0.0,-0.56,0.25,24.4585,32.0233,20.953,2.1081,3548.49,22.0,calce_cs2,0.5414,-0.0012999999999999678,-0.002839999999999998,10.023299999999999,1.4425000000000003
CS2_37,611,0.5374,0.4921,3.3939,4.2,2.7516,0.4411,-0.5434,0.0,-0.56,0.25,24.4214,32.2862,21.1594,2.1511,3497.35,22.0,calce_cs2,0.5401,-0.0027000000000000357,-0.0021200000000000108,10.286200000000001,1.4484000000000004
CS2_37,612,0.5391,0.4937,3.4114,4.2,2.7481,0.4412,-0.5473,0.0,-0.56,0.25,24.2221,32.262,20.916,2.0747,3530.7,22.0,calce_cs2,0.5374,0.0017000000000000348,-0.0012799999999999923,10.262,1.4519000000000002
CS2_37,613,0.5331,0.4882,3.391,4.2,2.7561,0.4413,-0.5413,0.0,-0.56,0.25,24.2983,32.0369,21.0009,2.0662,3496.31,22.0,calce_cs2,0.5391,-0.006000000000000005,-0.002639999999999998,10.036900000000003,1.4439000000000002
CS2_37,614,0.535,0.4899,3.3959,4.2,2.7484,0.4414,-0.5488,0.0,-0.56,0.25,24.1614,32.3577,21.0021,2.1475,3507.8,22.0,calce_cs2,0.5331,0.0019000000000000128,-0.0012799999999999923,10.357700000000001,1.4516
CS2_37,615,0.5336,0.4887,3.3972,4.2,2.7551,0.4415,-0.5598,0.0,-0.56,0.25,24.273,32.2371,21.0025,2.1719,3513.1,22.0,calce_cs2,0.535,-0.0014000000000000679,-0.0013000000000000123,10.237099999999998,1.4449
CS2_37,616,0.5322,0.4873,3.3962,4.2,2.748,0.4416,-0.5447,0.0,-0.56,0.25,24.6214,31.9314,21.0334,2.0932,3478.25,22.0,calce_cs2,0.5336,-0.0013999999999999568,-0.0010399999999999964,9.9314,1.452
CS2_37,617,0.5292,0.4846,3.4092,4.2,2.7475,0.4417,-0.541,0.0,-0.56,0.25,24.4697,31.8516,20.8395,2.1158,3444.1,22.0,calce_cs2,0.5322,-0.0030000000000000027,-0.001980000000000004,9.851600000000001,1.4525000000000001
CS2_37,618,0.5262,0.4819,3.4088,4.2,2.7418,0.4418,-0.551,0.0,-0.56,0.25,24.5499,31.9335,20.8202,2.1155,3436.37,22.0,calce_cs2,0.5292,-0.0030000000000000027,-0.0013800000000000034,9.933499999999999,1.4582000000000002
CS2_37,619,0.5227,0.4787,3.4074,4.2,2.7504,0.4419,-0.5522,0.0,-0.56,0.25,24.4295,32.3003,20.9284,2.0852,3419.47,22.0,calce_cs2,0.5262,-0.0034999999999999476,-0.0024599999999999956,10.3003,1.4496000000000002
CS2_37,620,0.5227,0.4786,3.3977,4.2,2.7475,0.442,-0.5478,0.0,-0.56,0.25,24.4008,32.1181,20.9903,2.1613,3419.53,22.0,calce_cs2,0.5227,0.0,-0.002179999999999982,10.118099999999998,1.4525000000000001
CS2_37,621,0.5208,0.4769,3.3948,4.2,2.747,0.4421,-0.5576,0.0,-0.56,0.25,24.5298,31.9564,21.1177,2.0678,3398.59,22.0,calce_cs2,0.5227,-0.0019000000000000128,-0.002279999999999993,9.956399999999999,1.4530000000000003
CS2_37,622,0.5196,0.4758,3.4064,4.2,2.7527,0.4422,-0.5481,0.0,-0.56,0.25,24.3213,32.0379,20.8942,2.1414,3412.1,22.0,calce_cs2,0.5208,-0.0012000000000000899,-0.0019200000000000107,10.0379,1.4473000000000003
CS2_37,623,0.514,0.4707,3.3962,4.2,2.7529,0.4423,-0.5571,0.0,-0.56,0.25,24.4271,31.9986,20.8758,2.1742,3364.99,22.0,calce_cs2,0.5196,-0.005599999999999938,-0.0024399999999999977,9.9986,1.4471000000000003
CS2_37,624,0.514,0.4707,3.3951,4.2,2.7533,0.4424,-0.5491,0.0,-0.56,0.25,24.6339,32.1081,20.9865,2.1186,3348.77,22.0,calce_cs2,0.514,0.0,-0.0017400000000000083,10.1081,1.4467000000000003
CS2_37,625,0.5111,0.468,3.4095,4.2,2.7497,0.4425,-0.5599,0.0,-0.56,0.25,24.5235,32.2493,21.0284,2.008,3340.79,22.0,calce_cs2,0.514,-0.0029000000000000137,-0.002320000000000011,10.249299999999998,1.4503000000000004
CS2_37,626,0.5129,0.4697,3.4086,4.2,2.7396,0.4426,-0.5532,0.0,-0.56,0.25,24.2637,31.9984,21.0116,2.1423,3383.94,22.0,calce_cs2,0.5111,0.0018000000000000238,-0.0015800000000000037,9.9984,1.4604000000000004
CS2_37,627,0.5073,0.4646,3.392,4.2,2.7478,0.4427,-0.5502,0.0,-0.56,0.25,24.6603,32.1699,21.1074,2.1304,3315.2,22.0,calce_cs2,0.5129,-0.005600000000000049,-0.0024599999999999956,10.169899999999998,1.4522000000000004
CS2_37,628,0.5092,0.4663,3.3973,4.2,2.7447,0.4428,-0.5472,0.0,-0.56,0.25,24.2629,32.0956,21.023,2.1119,3331.57,22.0,calce_cs2,0.5073,0.0019000000000000128,-0.0009600000000000053,10.095599999999997,1.4553000000000003
CS2_37,629,0.5044,0.4619,3.3876,4.2,2.7451,0.4429,-0.5477,0.0,-0.56,0.25,24.3618,32.0433,20.9339,2.0733,3300.44,22.0,calce_cs2,0.5092,-0.0048000000000000265,-0.0019200000000000107,10.043300000000002,1.4549000000000003
CS2_37,630,0.5045,0.462,3.4078,4.2,2.7479,0.443,-0.5451,0.0,-0.56,0.25,24.5656,32.3011,21.0601,2.1047,3322.01,22.0,calce_cs2,0.5044,9.999999999998899e-05,-0.00132000000000001,10.301099999999998,1.4521000000000002
CS2_37,631,0.5011,0.4588,3.391,4.2,2.7522,0.4431,-0.5535,0.0,-0.56,0.25,24.6097,32.2753,20.8658,2.1106,3283.55,22.0,calce_cs2,0.5045,-0.0033999999999999586,-0.0023600000000000066,10.275300000000001,1.4478
CS2_37,632,0.5,0.4579,3.41,4.2,2.7533,0.4432,-0.5523,0.0,-0.56,0.25,24.3424,32.0167,21.0068,2.0758,3302.54,22.0,calce_cs2,0.5011,-0.0010999999999999899,-0.0014599999999999947,10.0167,1.4467000000000003
CS2_37,633,0.4976,0.4557,3.3935,4.2,2.7616,0.4433,-0.5442,0.0,-0.56,0.25,24.4587,32.3559,20.8836,2.1785,3285.41,22.0,calce_cs2,0.5,-0.0024000000000000132,-0.00232,10.355899999999998,1.4384000000000001
CS2_37,634,0.4955,0.4537,3.3987,4.2,2.7418,0.4434,-0.5461,0.0,-0.56,0.25,24.1854,32.0998,21.0551,2.1585,3246.53,22.0,calce_cs2,0.4976,-0.0020999999999999908,-0.0017799999999999927,10.099800000000002,1.4582000000000002
CS2_37,635,0.4901,0.4488,3.3921,4.2,2.7502,0.4435,-0.5376,0.0,-0.56,0.25,24.2994,32.1609,20.9309,2.0547,3201.07,22.0,calce_cs2,0.4955,-0.005400000000000016,-0.0028799999999999937,10.160899999999998,1.4498000000000002
CS2_37,636,0.4898,0.4485,3.4009,4.2,2.7436,0.4436,-0.5578,0.0,-0.56,0.25,24.5009,32.249,20.9256,2.1174,3231.52,22.0,calce_cs2,0.4901,-0.00029999999999996696,-0.0022599999999999955,10.249000000000002,1.4564000000000004
CS2_37,637,0.4906,0.4493,3.3961,4.2,2.7537,0.4437,-0.5501,0.0,-0.56,0.25,24.4153,32.1471,21.1462,2.0605,3195.84,22.0,calce_cs2,0.4898,0.0007999999999999674,-0.0018800000000000038,10.147100000000002,1.4463000000000004
CS2_37,638,0.4827,0.442,3.3972,4.2,2.7534,0.4438,-0.55,0.0,-0.56,0.25,24.458,32.3938,21.1097,2.0547,3183.22,22.0,calce_cs2,0.4906,-0.007899999999999963,-0.002979999999999994,10.393799999999999,1.4466
CS2_37,639,0.4861,0.4452,3.3913,4.2,2.7417,0.4439,-0.545,0.0,-0.56,0.25,24.5524,32.4917,21.1194,2.1455,3186.71,22.0,calce_cs2,0.4827,0.0033999999999999586,-0.0018800000000000038,10.491700000000002,1.4583000000000004
CS2_37,640,0.4839,0.4431,3.3941,4.2,2.7452,0.444,-0.546,0.0,-0.56,0.25,24.5802,32.4826,20.9467,2.0294,3158.59,22.0,calce_cs2,0.4861,-0.0021999999999999797,-0.0012399999999999967,10.482599999999998,1.4548
CS2_37,641,0.4777,0.4375,3.4002,4.2,2.7509,0.4441,-0.5468,0.0,-0.56,0.25,24.564,32.2484,20.9371,2.14,3119.26,22.0,calce_cs2,0.4839,-0.006199999999999983,-0.00242,10.248399999999997,1.4491
CS2_37,642,0.4764,0.4362,3.3863,4.2,2.7437,0.4442,-0.5502,0.0,-0.56,0.25,24.5927,32.3959,20.9043,2.2196,3115.84,22.0,calce_cs2,0.4777,-0.0013000000000000234,-0.002839999999999998,10.395899999999997,1.4563000000000001
CS2_37,643,0.4755,0.4355,3.3858,4.2,2.7553,0.4443,-0.5543,0.0,-0.56,0.25,24.5727,32.0546,20.9257,2.0824,3112.25,22.0,calce_cs2,0.4764,-0.0009000000000000119,-0.001440000000000008,10.0546,1.4447
CS2_37,644,0.4756,0.4355,3.3907,4.2,2.7514,0.4444,-0.5432,0.0,-0.56,0.25,24.279,32.3192,20.8929,2.0897,3119.66,22.0,calce_cs2,0.4755,0.0001000000000000445,-0.0020999999999999908,10.319200000000002,1.4486000000000003
CS2_37,645,0.4726,0.4328,3.3976,4.2,2.7537,0.4445,-0.5513,0.0,-0.56,0.25,24.492,32.2807,20.9812,2.0897,3115.02,22.0,calce_cs2,0.4756,-0.0030000000000000027,-0.0022599999999999955,10.280700000000003,1.4463000000000004
CS2_37,646,0.4723,0.4325,3.3981,4.2,2.7393,0.4446,-0.5526,0.0,-0.56,0.25,24.4101,32.3757,21.0651,2.0701,3108.97,22.0,calce_cs2,0.4726,-0.00030000000000002247,-0.0010800000000000033,10.375700000000002,1.4607
CS2_37,647,0.4684,0.4289,3.3853,4.2,2.7482,0.4447,-0.5513,0.0,-0.56,0.25,24.5008,32.4281,21.1148,2.0974,3093.47,22.0,calce_cs2,0.4723,-0.0039000000000000146,-0.0016000000000000014,10.4281,1.4518
CS2_37,648,0.4642,0.4251,3.3948,4.2,2.7472,0.4448,-0.5467,0.0,-0.56,0.25,24.6176,32.127,21.027,2.0488,3046.73,22.0,calce_cs2,0.4684,-0.0041999999999999815,-0.0022599999999999955,10.127000000000002,1.4528000000000003
CS2_37,649,0.465,0.4258,3.3917,4.2,2.7536,0.4449,-0.5529,0.0,-0.56,0.25,24.5617,32.4362,20.7161,2.1417,3021.84,22.0,calce_cs2,0.4642,0.0008000000000000229,-0.0021199999999999995,10.4362,1.4464000000000001
CS2_37,650,0.4613,0.4224,3.397,4.2,2.7595,0.445,-0.5444,0.0,-0.56,0.25,24.4661,32.5021,21.0283,2.1476,3005.43,22.0,calce_cs2,0.465,-0.0037000000000000366,-0.0022600000000000064,10.502099999999999,1.4405000000000001
CS2_38,1,1.0481,0.9982,3.6463,4.2,2.747,0.3801,-0.5454,0.0,-0.56,0.25,22.072,28.4095,21.1738,2.0898,6855.35,22.0,calce_cs2,1.0481,0.0,0.0,6.409500000000001,1.4530000000000003
CS2_38,2,1.0481,0.9982,3.6552,4.2,2.7473,0.3802,-0.5577,0.0,-0.56,0.25,21.9681,28.6206,20.9892,2.1253,6850.53,22.0,calce_cs2,1.0481,0.0,0.0,6.6206,1.4527
CS2_38,3,1.0478,0.9979,3.644,4.2,2.755,0.3803,-0.5436,0.0,-0.56,0.25,21.8197,28.4478,20.9483,2.0675,6843.71,22.0,calce_cs2,1.0481,-0.00029999999999996696,0.0,6.447800000000001,1.4450000000000003
CS2_38,4,1.0463,0.9965,3.6558,4.2,2.7581,0.3804,-0.5508,0.0,-0.56,0.25,22.0547,28.7626,21.0934,2.0743,6845.28,22.0,calce_cs2,1.0478,-0.0015000000000000568,0.0,6.762599999999999,1.4419
CS2_38,5,1.0469,0.997,3.6507,4.2,2.7449,0.3805,-0.5537,0.0,-0.56,0.25,22.1384,28.4268,20.9429,2.0938,6847.78,22.0,calce_cs2,1.0463,0.0005999999999999339,0.0,6.4268,1.4551000000000003
CS2_38,6,1.0428,0.9931,3.6441,4.2,2.7489,0.3806,-0.5535,0.0,-0.56,0.25,22.0765,28.2049,21.0442,2.1454,6833.79,22.0,calce_cs2,1.0469,-0.0040999999999999925,-0.0010600000000000164,6.2048999999999985,1.4511000000000003
CS2_38,7,1.0393,0.9898,3.6431,4.2,2.7503,0.3807,-0.5452,0.0,-0.56,0.25,22.054,28.5377,20.957,2.1094,6807.23,22.0,calce_cs2,1.0428,-0.0035000000000000586,-0.0017600000000000283,6.537700000000001,1.4497
CS2_38,8,1.0402,0.9907,3.644,4.2,2.7573,0.3808,-0.5542,0.0,-0.56,0.25,22.1474,28.7654,21.0573,2.0725,6820.81,22.0,calce_cs2,1.0393,0.0009000000000001229,-0.0015200000000000103,6.7654,1.4427000000000003
CS2_38,9,1.0416,0.992,3.6442,4.2,2.7466,0.3809,-0.5549,0.0,-0.56,0.25,22.0761,28.5299,21.016,2.0958,6824.65,22.0,calce_cs2,1.0402,0.0014000000000000679,-0.0009399999999999853,6.529900000000001,1.4534000000000002
CS2_38,10,1.0396,0.9901,3.652,4.2,2.7449,0.381,-0.5482,0.0,-0.56,0.25,22.0138,28.4786,20.968,2.1105,6791.51,22.0,calce_cs2,1.0416,-0.0020000000000000018,-0.0014599999999999724,6.4786,1.4551000000000003
CS2_38,11,1.039,0.9896,3.6518,4.2,2.7496,0.3811,-0.5504,0.0,-0.56,0.25,21.862,28.4369,21.0185,2.0669,6813.82,22.0,calce_cs2,1.0396,-0.000600000000000156,-0.0007600000000000051,6.436900000000001,1.4504000000000001
CS2_38,12,1.04,0.9905,3.6359,4.2,2.7528,0.3812,-0.5509,0.0,-0.56,0.25,21.7796,28.7063,21.1109,2.1428,6815.36,22.0,calce_cs2,1.039,0.001000000000000112,0.000140000000000029,6.706299999999999,1.4472
CS2_38,13,1.0383,0.9889,3.6487,4.2,2.7512,0.3813,-0.5439,0.0,-0.56,0.25,22.1197,28.6251,21.0325,2.084,6796.2,22.0,calce_cs2,1.04,-0.0017000000000000348,-0.00038000000000000257,6.6251,1.4488000000000003
CS2_38,14,1.045,0.9952,3.647,4.2,2.7404,0.3814,-0.5567,0.0,-0.56,0.25,22.1825,28.5639,20.982,2.0794,6827.87,22.0,calce_cs2,1.0383,0.006699999999999928,0.0006799999999999695,6.5639,1.4596
CS2_38,15,1.0349,0.9856,3.6533,4.2,2.7541,0.3815,-0.5526,0.0,-0.56,0.25,22.2296,28.8185,20.9138,2.01,6764.79,22.0,calce_cs2,1.045,-0.010099999999999998,-0.0009400000000000297,6.8185,1.4459
CS2_38,16,1.0369,0.9875,3.6526,4.2,2.7544,0.3816,-0.5485,0.0,-0.56,0.25,22.1711,28.7689,20.943,2.0686,6789.87,22.0,calce_cs2,1.0349,0.0020000000000000018,-0.0004199999999999982,6.768899999999999,1.4456000000000002
CS2_38,17,1.0341,0.9849,3.6386,4.2,2.7519,0.3817,-0.5442,0.0,-0.56,0.25,22.0892,28.4911,21.0021,2.1337,6745.19,22.0,calce_cs2,1.0369,-0.0027999999999999137,-0.0011800000000000033,6.491099999999999,1.4481000000000002
CS2_38,18,1.0344,0.9852,3.6546,4.2,2.7459,0.3818,-0.553,0.0,-0.56,0.25,21.8179,28.4239,21.129,2.0676,6754.73,22.0,calce_cs2,1.0341,0.00029999999999996696,-0.0007800000000000029,6.4239,1.4541000000000004
CS2_38,19,1.0328,0.9836,3.6315,4.2,2.7524,0.3819,-0.5539,0.0,-0.56,0.25,21.9558,28.4169,20.9483,2.0566,6775.79,22.0,calce_cs2,1.0344,-0.0016000000000000458,-0.0024399999999999977,6.416899999999998,1.4476
CS2_38,20,1.035,0.9857,3.6447,4.2,2.7538,0.382,-0.5472,0.0,-0.56,0.25,22.1004,28.7425,20.9946,2.1734,6788.65,22.0,calce_cs2,1.0328,0.0021999999999999797,1.9999999999997796e-05,6.7425,1.4462000000000002
CS2_38,21,1.0334,0.9842,3.6305,4.2,2.75,0.3821,-0.555,0.0,-0.56,0.25,22.0252,28.5384,21.036,2.0881,6776.67,22.0,calce_cs2,1.035,-0.0015999999999998238,-0.0006999999999999674,6.538399999999999,1.4500000000000002
CS2_38,22,1.03,0.981,3.6485,4.2,2.7494,0.3822,-0.5415,0.0,-0.56,0.25,22.0892,28.7912,21.0526,2.0192,6739.73,22.0,calce_cs2,1.0334,-0.0034000000000000696,-0.0008199999999999985,6.7912,1.4506000000000001
CS2_38,23,1.0309,0.9818,3.6358,4.2,2.7484,0.3823,-0.5508,0.0,-0.56,0.25,22.2841,28.8331,21.0677,2.0543,6741.22,22.0,calce_cs2,1.03,0.0008999999999999009,-0.0007000000000000117,6.833100000000002,1.4516
CS2_38,24,1.0314,0.9823,3.6335,4.2,2.741,0.3824,-0.5471,0.0,-0.56,0.25,22.1964,28.7531,20.9672,2.0912,6746.37,22.0,calce_cs2,1.0309,0.000500000000000167,-0.0002799999999999692,6.7531,1.459
CS2_38,25,1.0267,0.9778,3.6398,4.2,2.7495,0.3825,-0.5453,0.0,-0.56,0.25,21.9177,28.9536,20.8696,2.0929,6718.07,22.0,calce_cs2,1.0314,-0.0047000000000001485,-0.0016599999999999948,6.953600000000002,1.4505000000000003
CS2_38,26,1.0277,0.9787,3.6444,4.2,2.7488,0.3826,-0.5511,0.0,-0.56,0.25,22.1219,28.5652,20.884,2.0569,6740.68,22.0,calce_cs2,1.0267,0.001000000000000112,-0.0011400000000000078,6.565200000000001,1.4512
CS2_38,27,1.029,0.98,3.6317,4.2,2.7498,0.3827,-0.5525,0.0,-0.56,0.25,22.2853,28.7773,21.0292,2.0305,6754.29,22.0,calce_cs2,1.0277,0.0012999999999998568,-0.00020000000000002237,6.7773,1.4502000000000002
CS2_38,28,1.0282,0.9792,3.6312,4.2,2.7505,0.3828,-0.5512,0.0,-0.56,0.25,22.0187,28.6866,21.0167,2.1978,6751.91,22.0,calce_cs2,1.029,-0.0007999999999999119,-0.0005399999999999849,6.6865999999999985,1.4495
CS2_38,29,1.0284,0.9795,3.6367,4.2,2.7442,0.3829,-0.5384,0.0,-0.56,0.25,22.151,28.5586,21.0836,2.0796,6738.96,22.0,calce_cs2,1.0282,0.00019999999999997797,-0.0006000000000000227,6.558599999999998,1.4558
CS2_38,30,1.0269,0.978,3.6355,4.2,2.747,0.383,-0.5517,0.0,-0.56,0.25,22.2389,28.3938,20.9401,2.113,6726.89,22.0,calce_cs2,1.0284,-0.0015000000000000568,3.999999999999559e-05,6.393799999999999,1.4530000000000003
CS2_38,31,1.023,0.9743,3.6381,4.2,2.751,0.3831,-0.546,0.0,-0.56,0.25,22.1372,28.5655,21.0585,2.231,6687.95,22.0,calce_cs2,1.0269,-0.0039000000000000146,-0.0009400000000000297,6.5655,1.4490000000000003
CS2_38,32,1.025,0.9762,3.6415,4.2,2.7439,0.3832,-0.5535,0.0,-0.56,0.25,22.4561,28.7588,21.1039,2.1562,6733.08,22.0,calce_cs2,1.023,0.0020000000000000018,-0.0008000000000000007,6.758800000000001,1.4561000000000002
CS2_38,33,1.0212,0.9726,3.6292,4.2,2.7518,0.3833,-0.5506,0.0,-0.56,0.25,22.226,28.908,20.99,2.1117,6693.84,22.0,calce_cs2,1.025,-0.0037999999999998035,-0.001399999999999979,6.908000000000001,1.4482000000000004
CS2_38,34,1.0237,0.975,3.638,4.2,2.7415,0.3834,-0.5533,0.0,-0.56,0.25,22.2718,28.4759,20.9717,2.1471,6695.19,22.0,calce_cs2,1.0212,0.0024999999999999467,-0.0009399999999999853,6.475899999999999,1.4585000000000004
CS2_38,35,1.0206,0.972,3.638,4.2,2.7519,0.3835,-0.5523,0.0,-0.56,0.25,22.1966,28.7342,21.035,2.1303,6702.25,22.0,calce_cs2,1.0237,-0.0031000000000001027,-0.0012599999999999944,6.734200000000001,1.4481000000000002
CS2_38,36,1.0216,0.973,3.6391,4.2,2.7519,0.3836,-0.5494,0.0,-0.56,0.25,22.2183,28.7515,21.0895,2.1054,6711.23,22.0,calce_cs2,1.0206,0.001000000000000112,-0.0002799999999999692,6.7515,1.4481000000000002
CS2_38,37,1.0241,0.9753,3.6384,4.2,2.7455,0.3837,-0.549,0.0,-0.56,0.25,22.2067,29.0484,20.9226,2.0642,6689.09,22.0,calce_cs2,1.0216,0.0024999999999999467,-0.00017999999999998017,7.048400000000001,1.4545000000000003
CS2_38,38,1.0274,0.9785,3.6458,4.2,2.751,0.3838,-0.5548,0.0,-0.56,0.25,22.1032,28.5666,21.1241,2.2125,6727.63,22.0,calce_cs2,1.0241,0.0033000000000000806,0.0012399999999999967,6.566600000000001,1.4490000000000003
CS2_38,39,1.0178,0.9693,3.6316,4.2,2.7562,0.3839,-0.5357,0.0,-0.56,0.25,22.248,28.7948,21.0401,2.0941,6652.46,22.0,calce_cs2,1.0274,-0.009600000000000053,-0.0011800000000000033,6.794799999999999,1.4438
CS2_38,40,1.02,0.9715,3.6377,4.2,2.7502,0.384,-0.5508,0.0,-0.56,0.25,22.3325,28.7227,20.9295,2.1123,6679.74,22.0,calce_cs2,1.0178,0.0021999999999999797,-0.00011999999999998679,6.7227,1.4498000000000002
CS2_38,41,1.0159,0.9675,3.6348,4.2,2.7505,0.3841,-0.5514,0.0,-0.56,0.25,22.2694,29.017,20.922,2.1485,6653.05,22.0,calce_cs2,1.02,-0.0040999999999999925,-0.0011400000000000078,7.0169999999999995,1.4495
CS2_38,42,1.0218,0.9731,3.6299,4.2,2.755,0.3842,-0.5451,0.0,-0.56,0.25,22.0859,29.0104,21.0002,2.0253,6675.34,22.0,calce_cs2,1.0159,0.005900000000000016,-0.0004599999999999937,7.010400000000001,1.4450000000000003
CS2_38,43,1.0178,0.9693,3.6291,4.2,2.7552,0.3843,-0.5505,0.0,-0.56,0.25,22.2304,28.9408,21.0753,2.0827,6645.3,22.0,calce_cs2,1.0218,-0.0040000000000000036,-0.0019200000000000107,6.940799999999999,1.4448000000000003
CS2_38,44,1.0173,0.9688,3.6338,4.2,2.7549,0.3844,-0.5532,0.0,-0.56,0.25,22.1847,28.7987,21.016,2.0408,6636.96,22.0,calce_cs2,1.0178,-0.0004999999999999449,-9.999999999998899e-05,6.7987,1.4451
CS2_38,45,1.0167,0.9683,3.6295,4.2,2.7554,0.3845,-0.5466,0.0,-0.56,0.25,22.1042,28.9902,21.0065,2.1163,6643.82,22.0,calce_cs2,1.0173,-0.000600000000000156,-0.0006600000000000162,6.9902000000000015,1.4446000000000003
CS2_38,46,1.0168,0.9684,3.6253,4.2,2.7547,0.3846,-0.5499,0.0,-0.56,0.25,22.0271,28.9291,21.0872,2.0463,6654.38,22.0,calce_cs2,1.0167,9.999999999998899e-05,0.00017999999999998017,6.929099999999998,1.4453
CS2_38,47,1.0137,0.9654,3.6369,4.2,2.746,0.3847,-0.5515,0.0,-0.56,0.25,22.2865,28.9859,20.9989,2.0446,6620.4,22.0,calce_cs2,1.0168,-0.0030999999999998806,-0.0016199999999999993,6.985900000000001,1.4540000000000002
CS2_38,48,1.0113,0.9631,3.6381,4.2,2.7532,0.3848,-0.5474,0.0,-0.56,0.25,22.2441,28.8301,21.1435,2.0895,6571.96,22.0,calce_cs2,1.0137,-0.0023999999999999577,-0.00129999999999999,6.830100000000002,1.4468
CS2_38,49,1.0144,0.9661,3.6323,4.2,2.7484,0.3849,-0.5431,0.0,-0.56,0.25,22.183,28.9006,21.0206,2.1318,6629.36,22.0,calce_cs2,1.0113,0.0030999999999998806,-0.0005800000000000249,6.900600000000001,1.4516
CS2_38,50,1.0194,0.9709,3.6242,4.2,2.7502,0.385,-0.5431,0.0,-0.56,0.25,22.4225,28.757,20.9794,2.1428,6658.68,22.0,calce_cs2,1.0144,0.0050000000000001155,0.0005400000000000294,6.7570000000000014,1.4498000000000002
CS2_38,51,1.0174,0.9689,3.6317,4.2,2.7431,0.3851,-0.5539,0.0,-0.56,0.25,22.1785,28.7681,20.9601,2.1744,6671.59,22.0,calce_cs2,1.0194,-0.0020000000000000018,0.00012000000000003119,6.7681000000000004,1.4569
CS2_38,52,1.0114,0.9632,3.6371,4.2,2.7606,0.3852,-0.5498,0.0,-0.56,0.25,22.3794,29.019,20.9554,2.1082,6608.77,22.0,calce_cs2,1.0174,-0.006000000000000005,-0.0004599999999999937,7.018999999999998,1.4394
CS2_38,53,1.0102,0.9621,3.6208,4.2,2.7466,0.3853,-0.5476,0.0,-0.56,0.25,22.1501,28.9697,20.9046,2.2094,6625.02,22.0,calce_cs2,1.0114,-0.0012000000000000899,-0.00022000000000002017,6.9697,1.4534000000000002
CS2_38,54,1.0103,0.9622,3.6288,4.2,2.7484,0.3854,-0.5533,0.0,-0.56,0.25,22.3198,29.0338,21.0151,2.1081,6626.37,22.0,calce_cs2,1.0102,9.999999999998899e-05,-0.0008199999999999985,7.033799999999999,1.4516
CS2_38,55,1.0083,0.9603,3.6148,4.2,2.7488,0.3855,-0.5531,0.0,-0.56,0.25,22.2341,28.7855,21.0712,2.1217,6587.44,22.0,calce_cs2,1.0103,-0.0020000000000000018,-0.002220000000000022,6.785499999999999,1.4512
CS2_38,56,1.0068,0.9589,3.6125,4.2,2.7502,0.3856,-0.5475,0.0,-0.56,0.25,22.3709,29.0724,21.0101,2.1569,6587.17,22.0,calce_cs2,1.0083,-0.0015000000000000568,-0.002120000000000033,7.072399999999998,1.4498000000000002
CS2_38,57,1.0115,0.9633,3.6269,4.2,2.7426,0.3857,-0.5495,0.0,-0.56,0.25,22.2285,28.8641,20.8846,2.0825,6617.91,22.0,calce_cs2,1.0068,0.0047000000000001485,1.9999999999997796e-05,6.8641000000000005,1.4574000000000003
CS2_38,58,1.0128,0.9646,3.6255,4.2,2.7435,0.3858,-0.5469,0.0,-0.56,0.25,22.1714,28.9906,21.0482,2.099,6637.12,22.0,calce_cs2,1.0115,0.0012999999999998568,0.0005199999999999872,6.990600000000001,1.4565000000000001
CS2_38,59,1.0087,0.9607,3.6127,4.2,2.7491,0.3859,-0.5545,0.0,-0.56,0.25,22.133,29.287,20.9394,2.2022,6576.65,22.0,calce_cs2,1.0128,-0.0040999999999999925,-0.0003200000000000092,7.286999999999999,1.4509000000000003
CS2_38,60,1.0046,0.9568,3.6164,4.2,2.752,0.386,-0.5516,0.0,-0.56,0.25,22.4254,28.8691,20.9838,2.0842,6584.11,22.0,calce_cs2,1.0087,-0.0040999999999999925,-0.0007400000000000074,6.8690999999999995,1.4480000000000004
CS2_38,61,1.0079,0.9599,3.6299,4.2,2.7523,0.3861,-0.5506,0.0,-0.56,0.25,22.3944,28.9127,21.0601,2.0993,6626.85,22.0,calce_cs2,1.0046,0.0033000000000000806,0.00022000000000002017,6.912700000000001,1.4477000000000002
CS2_38,62,1.0074,0.9594,3.627,4.2,2.7548,0.3862,-0.5458,0.0,-0.56,0.25,22.2762,29.0086,21.0218,2.1466,6600.14,22.0,calce_cs2,1.0079,-0.0004999999999999449,-0.0008199999999999985,7.008600000000001,1.4452000000000003
CS2_38,63,1.0054,0.9575,3.6336,4.2,2.7481,0.3863,-0.545,0.0,-0.56,0.25,22.2584,28.6322,21.0033,2.0228,6578.29,22.0,calce_cs2,1.0074,-0.0020000000000000018,-0.0014799999999999703,6.632200000000001,1.4519000000000002
CS2_38,64,1.0053,0.9575,3.6247,4.2,2.752,0.3864,-0.5453,0.0,-0.56,0.25,22.1862,28.9311,21.0851,2.1534,6584.85,22.0,calce_cs2,1.0054,-9.999999999998899e-05,-0.0006799999999999695,6.931100000000001,1.4480000000000004
CS2_38,65,1.003,0.9553,3.6306,4.2,2.7517,0.3865,-0.5482,0.0,-0.56,0.25,22.2418,28.7538,20.8747,2.0135,6558.9,22.0,calce_cs2,1.0053,-0.0023000000000001908,-0.0003200000000000092,6.753799999999998,1.4483000000000001
CS2_38,66,1.0035,0.9557,3.6305,4.2,2.7481,0.3866,-0.56,0.0,-0.56,0.25,22.3788,29.1538,20.9812,2.0824,6560.5,22.0,calce_cs2,1.003,0.000500000000000167,-0.0008799999999999919,7.1538,1.4519000000000002
CS2_38,67,1.0006,0.953,3.6185,4.2,2.7493,0.3867,-0.5522,0.0,-0.56,0.25,22.3045,29.0713,21.0364,2.0569,6550.27,22.0,calce_cs2,1.0035,-0.0029000000000001247,-0.0013600000000000279,7.071300000000001,1.4507000000000003
CS2_38,68,0.999,0.9515,3.6211,4.2,2.7463,0.3868,-0.5533,0.0,-0.56,0.25,22.249,29.0662,20.9434,2.1922,6539.28,22.0,calce_cs2,1.0006,-0.0015999999999999348,-0.0012800000000000144,7.0661999999999985,1.4537
CS2_38,69,1.0033,0.9555,3.6193,4.2,2.7509,0.3869,-0.5484,0.0,-0.56,0.25,22.3594,29.0425,20.8589,2.1398,6555.66,22.0,calce_cs2,0.999,0.0043000000000000815,-0.00040000000000000034,7.0425,1.4491
CS2_38,70,0.996,0.9486,3.6266,4.2,2.7501,0.387,-0.5443,0.0,-0.56,0.25,22.344,28.7322,20.9808,2.0649,6528.63,22.0,calce_cs2,1.0033,-0.007300000000000084,-0.001399999999999979,6.732199999999999,1.4499
CS2_38,71,0.9975,0.95,3.6206,4.2,2.7552,0.3871,-0.5498,0.0,-0.56,0.25,22.3965,29.0819,21.0346,2.0898,6522.77,22.0,calce_cs2,0.996,0.0015000000000000568,-0.001200000000000001,7.081900000000001,1.4448000000000003
CS2_38,72,0.9995,0.9519,3.6293,4.2,2.7608,0.3872,-0.5664,0.0,-0.56,0.25,22.2572,28.9906,20.8657,2.13,6547.33,22.0,calce_cs2,0.9975,0.0020000000000000018,-0.00021999999999997578,6.990600000000001,1.4392
CS2_38,73,1.0004,0.9528,3.6153,4.2,2.7503,0.3873,-0.5483,0.0,-0.56,0.25,22.2356,28.7535,21.0321,2.1098,6560.9,22.0,calce_cs2,0.9995,0.0008999999999999009,0.00027999999999999136,6.753499999999999,1.4497
CS2_38,74,0.9977,0.9502,3.6196,4.2,2.7423,0.3874,-0.5523,0.0,-0.56,0.25,22.4645,28.9679,21.0205,2.0991,6521.07,22.0,calce_cs2,1.0004,-0.0026999999999999247,-0.0011200000000000099,6.9679,1.4577
CS2_38,75,1.0,0.9524,3.6129,4.2,2.7442,0.3875,-0.5661,0.0,-0.56,0.25,22.1502,28.9183,21.0406,2.1545,6558.92,22.0,calce_cs2,0.9977,0.0022999999999999687,0.0008000000000000007,6.918299999999999,1.4558
CS2_38,76,0.9976,0.9501,3.6154,4.2,2.7459,0.3876,-0.5493,0.0,-0.56,0.25,22.3903,29.1894,21.0671,2.1131,6537.85,22.0,calce_cs2,1.0,-0.0023999999999999577,1.9999999999997796e-05,7.189399999999999,1.4541000000000004
CS2_38,77,0.9946,0.9473,3.6211,4.2,2.751,0.3877,-0.5435,0.0,-0.56,0.25,22.3547,29.0294,20.9327,1.9825,6509.23,22.0,calce_cs2,0.9976,-0.0030000000000000027,-0.000980000000000003,7.029399999999999,1.4490000000000003
CS2_38,78,0.9977,0.9502,3.6272,4.2,2.7518,0.3878,-0.5539,0.0,-0.56,0.25,22.2309,28.875,20.8939,2.0849,6521.87,22.0,calce_cs2,0.9946,0.0030999999999999917,-0.0005399999999999849,6.875,1.4482000000000004
CS2_38,79,0.9928,0.9456,3.6224,4.2,2.7424,0.3879,-0.5578,0.0,-0.56,0.25,22.3127,28.9575,20.8929,2.0361,6495.52,22.0,calce_cs2,0.9977,-0.0049000000000000155,-0.000980000000000003,6.9575,1.4576000000000002
CS2_38,80,0.9938,0.9465,3.6116,4.2,2.7582,0.388,-0.5537,0.0,-0.56,0.25,22.5689,29.1434,20.9354,2.1017,6516.7,22.0,calce_cs2,0.9928,0.0010000000000000009,-0.0012399999999999967,7.1434,1.4418000000000002
CS2_38,81,0.9931,0.9458,3.624,4.2,2.7478,0.3881,-0.5511,0.0,-0.56,0.25,22.3333,29.0994,21.0302,2.0848,6529.03,22.0,calce_cs2,0.9938,-0.0007000000000000339,-0.0009000000000000119,7.099399999999999,1.4522000000000004
CS2_38,82,0.9926,0.9453,3.6176,4.2,2.744,0.3882,-0.5515,0.0,-0.56,0.25,22.377,29.0003,21.0645,2.1239,6500.37,22.0,calce_cs2,0.9931,-0.0004999999999999449,-0.00040000000000000034,7.000299999999999,1.456
CS2_38,83,0.9948,0.9474,3.6167,4.2,2.7463,0.3883,-0.5406,0.0,-0.56,0.25,22.2994,29.3711,20.9446,2.0935,6508.31,22.0,calce_cs2,0.9926,0.0021999999999999797,-0.0005800000000000027,7.371099999999998,1.4537
CS2_38,84,0.9894,0.9423,3.6261,4.2,2.7473,0.3884,-0.5531,0.0,-0.56,0.25,22.6374,29.3522,21.0392,2.0135,6470.16,22.0,calce_cs2,0.9948,-0.005400000000000071,-0.0006800000000000139,7.3522,1.4527
CS2_38,85,0.992,0.9448,3.6168,4.2,2.7353,0.3885,-0.5523,0.0,-0.56,0.25,22.3868,28.9947,21.039,2.1694,6482.6,22.0,calce_cs2,0.9894,0.0026000000000000467,-0.00036000000000000474,6.994700000000002,1.4647000000000001
CS2_38,86,0.9896,0.9424,3.6202,4.2,2.7527,0.3886,-0.5488,0.0,-0.56,0.25,22.437,28.8236,21.0329,1.9433,6464.98,22.0,calce_cs2,0.992,-0.0023999999999999577,-0.0006999999999999895,6.823599999999999,1.4473000000000003
CS2_38,87,0.9878,0.9408,3.6116,4.2,2.7476,0.3887,-0.5453,0.0,-0.56,0.25,22.4073,29.2153,21.0758,2.093,6461.82,22.0,calce_cs2,0.9896,-0.0018000000000000238,-0.0009600000000000053,7.215299999999999,1.4524000000000004
CS2_38,88,0.9867,0.9397,3.6051,4.2,2.7425,0.3888,-0.5499,0.0,-0.56,0.25,22.4025,29.2203,21.0155,2.0944,6486.43,22.0,calce_cs2,0.9878,-0.0010999999999999899,-0.0016199999999999993,7.220300000000002,1.4575
CS2_38,89,0.9877,0.9407,3.6137,4.2,2.7542,0.3889,-0.5488,0.0,-0.56,0.25,22.2235,28.9881,21.0289,2.1214,6465.36,22.0,calce_cs2,0.9867,0.0010000000000000009,-0.00033999999999998474,6.988099999999999,1.4458000000000002
CS2_38,90,0.9864,0.9394,3.6175,4.2,2.7528,0.389,-0.5557,0.0,-0.56,0.25,22.483,29.0929,20.9822,1.9956,6440.01,22.0,calce_cs2,0.9877,-0.0012999999999999678,-0.0011199999999999878,7.0929,1.4472
CS2_38,91,0.9863,0.9393,3.6211,4.2,2.7547,0.3891,-0.5498,0.0,-0.56,0.25,22.4526,29.2428,21.0183,2.1272,6441.16,22.0,calce_cs2,0.9864,-0.00010000000000010001,-0.0006600000000000162,7.242799999999999,1.4453
CS2_38,92,0.9871,0.9401,3.6103,4.2,2.7429,0.3892,-0.5459,0.0,-0.56,0.25,22.3624,29.3415,21.0334,2.157,6481.27,22.0,calce_cs2,0.9863,0.0008000000000000229,-0.0001400000000000068,7.3415,1.4571
CS2_38,93,0.9858,0.9389,3.6146,4.2,2.739,0.3893,-0.5549,0.0,-0.56,0.25,22.4696,29.352,21.1653,2.1365,6438.32,22.0,calce_cs2,0.9871,-0.0012999999999999678,-0.00018000000000000237,7.352,1.4610000000000003
CS2_38,94,0.9841,0.9373,3.6129,4.2,2.753,0.3894,-0.5546,0.0,-0.56,0.25,22.3195,28.9058,21.0222,2.1127,6434.37,22.0,calce_cs2,0.9858,-0.0017000000000000348,-0.0007200000000000095,6.905799999999999,1.447
CS2_38,95,0.9845,0.9376,3.6037,4.2,2.76,0.3895,-0.5514,0.0,-0.56,0.25,22.4824,29.3322,20.887,2.2087,6426.8,22.0,calce_cs2,0.9841,0.00040000000000006697,-0.00038000000000000257,7.3322,1.4400000000000004
CS2_38,96,0.9851,0.9382,3.6077,4.2,2.7534,0.3896,-0.5538,0.0,-0.56,0.25,22.4021,29.1723,21.1011,2.1271,6450.45,22.0,calce_cs2,0.9845,0.0005999999999999339,-0.00023999999999999578,7.1723,1.4466
CS2_38,97,0.985,0.9381,3.6087,4.2,2.7477,0.3897,-0.5396,0.0,-0.56,0.25,22.4788,29.2944,21.0859,2.1261,6455.36,22.0,calce_cs2,0.9851,-9.999999999998899e-05,-0.0004199999999999982,7.2943999999999996,1.4523000000000001
CS2_38,98,0.9835,0.9367,3.6082,4.2,2.7466,0.3898,-0.5441,0.0,-0.56,0.25,22.4922,29.2483,20.852,2.115,6425.03,22.0,calce_cs2,0.985,-0.0014999999999999458,-0.0004599999999999937,7.2483,1.4534000000000002
CS2_38,99,0.9812,0.9345,3.6176,4.2,2.759,0.3899,-0.5542,0.0,-0.56,0.25,22.2621,28.9485,21.0279,2.0079,6409.53,22.0,calce_cs2,0.9835,-0.0023000000000000798,-0.0005800000000000027,6.948499999999999,1.4410000000000003
CS2_38,100,0.9826,0.9358,3.6143,4.2,2.7525,0.39,-0.5471,0.0,-0.56,0.25,22.5421,29.1864,20.9631,2.0303,6408.84,22.0,calce_cs2,0.9812,0.0014000000000000679,-0.00038000000000000257,7.186399999999999,1.4475000000000002
CS2_38,101,0.9814,0.9346,3.6107,4.2,2.7448,0.3901,-0.5576,0.0,-0.56,0.25,22.8027,29.1042,20.9044,2.1449,6422.68,22.0,calce_cs2,0.9826,-0.0011999999999999789,-0.0007399999999999851,7.104199999999999,1.4552
CS2_38,102,0.9815,0.9348,3.6038,4.2,2.7531,0.3902,-0.543,0.0,-0.56,0.25,22.3947,29.2152,20.8489,2.0735,6407.12,22.0,calce_cs2,0.9814,9.999999999998899e-05,-0.0006999999999999895,7.215199999999999,1.4469000000000003
CS2_38,103,0.9777,0.9311,3.6169,4.2,2.7494,0.3903,-0.5566,0.0,-0.56,0.25,22.5099,29.1939,20.966,2.0905,6397.16,22.0,calce_cs2,0.9815,-0.0038000000000000256,-0.0011600000000000054,7.193899999999999,1.4506000000000001
CS2_38,104,0.9769,0.9304,3.6079,4.2,2.7531,0.3904,-0.5422,0.0,-0.56,0.25,22.2327,29.1068,21.0399,1.9995,6390.14,22.0,calce_cs2,0.9777,-0.0008000000000000229,-0.0008599999999999941,7.1068,1.4469000000000003
CS2_38,105,0.9754,0.929,3.611,4.2,2.7457,0.3905,-0.5447,0.0,-0.56,0.25,22.2724,29.4931,20.9554,1.9944,6364.23,22.0,calce_cs2,0.9769,-0.0014999999999999458,-0.0014399999999999968,7.493099999999998,1.4543000000000004
CS2_38,106,0.9776,0.9311,3.6088,4.2,2.7502,0.3906,-0.5572,0.0,-0.56,0.25,22.3413,29.2351,20.9757,2.1548,6397.42,22.0,calce_cs2,0.9754,0.0021999999999999797,-0.0007600000000000051,7.235099999999999,1.4498000000000002
CS2_38,107,0.9728,0.9265,3.6084,4.2,2.7493,0.3907,-0.5531,0.0,-0.56,0.25,22.4235,29.2812,21.0725,2.0857,6355.54,22.0,calce_cs2,0.9776,-0.0048000000000000265,-0.0017400000000000083,7.281199999999998,1.4507000000000003
CS2_38,108,0.9794,0.9327,3.6055,4.2,2.7471,0.3908,-0.5429,0.0,-0.56,0.25,22.4143,29.1612,20.9609,2.1447,6408.47,22.0,calce_cs2,0.9728,0.00660000000000005,0.00034000000000000696,7.161200000000001,1.4529
CS2_38,109,0.9727,0.9264,3.6008,4.2,2.747,0.3909,-0.5469,0.0,-0.56,0.25,22.3882,29.2961,21.0676,2.1396,6356.42,22.0,calce_cs2,0.9794,-0.006700000000000039,-0.0008399999999999963,7.296099999999999,1.4530000000000003
CS2_38,110,0.9733,0.9269,3.6067,4.2,2.7547,0.391,-0.5424,0.0,-0.56,0.25,22.5285,29.1507,20.9048,2.1048,6369.85,22.0,calce_cs2,0.9727,0.0006000000000000449,-0.0004199999999999982,7.1507000000000005,1.4453
CS2_38,111,0.9735,0.9272,3.6008,4.2,2.7447,0.3911,-0.5508,0.0,-0.56,0.25,22.6976,29.254,20.8997,2.1883,6387.48,22.0,calce_cs2,0.9733,0.00019999999999997797,-0.0008199999999999985,7.254000000000001,1.4553000000000003
CS2_38,112,0.9766,0.9301,3.5951,4.2,2.7542,0.3912,-0.5577,0.0,-0.56,0.25,22.6177,29.3073,20.8355,2.1242,6402.44,22.0,calce_cs2,0.9735,0.0030999999999999917,0.0007600000000000051,7.3073000000000015,1.4458000000000002
CS2_38,113,0.9722,0.9259,3.6031,4.2,2.7464,0.3913,-0.5548,0.0,-0.56,0.25,22.5072,29.2475,20.9301,1.9851,6356.11,22.0,calce_cs2,0.9766,-0.0044000000000000705,-0.001440000000000019,7.247499999999999,1.4536000000000002
CS2_38,114,0.9816,0.9349,3.6128,4.2,2.7549,0.3914,-0.5526,0.0,-0.56,0.25,22.4266,29.4334,21.1198,2.1371,6430.25,22.0,calce_cs2,0.9722,0.009400000000000075,0.0017800000000000038,7.433399999999999,1.4451
CS2_38,115,0.9724,0.9261,3.6042,4.2,2.7557,0.3915,-0.5432,0.0,-0.56,0.25,22.4485,29.394,21.0503,2.0765,6345.92,22.0,calce_cs2,0.9816,-0.009199999999999986,-0.00018000000000000237,7.393999999999998,1.4443000000000001
CS2_38,116,0.9704,0.9242,3.6026,4.2,2.759,0.3916,-0.5565,0.0,-0.56,0.25,22.4035,29.3536,21.0386,2.1014,6348.43,22.0,calce_cs2,0.9724,-0.0020000000000000018,-0.0006199999999999984,7.3536,1.4410000000000003
CS2_38,117,0.9734,0.9271,3.6028,4.2,2.7544,0.3917,-0.5579,0.0,-0.56,0.25,22.58,29.0309,20.967,2.1533,6381.78,22.0,calce_cs2,0.9704,0.0030000000000000027,-0.0006399999999999961,7.030899999999999,1.4456000000000002
CS2_38,118,0.9691,0.923,3.6037,4.2,2.7492,0.3918,-0.5502,0.0,-0.56,0.25,22.6707,29.239,20.96,2.1383,6334.33,22.0,calce_cs2,0.9734,-0.0043000000000000815,-0.0006199999999999984,7.239000000000001,1.4508
CS2_38,119,0.9668,0.9208,3.5973,4.2,2.7475,0.3919,-0.5477,0.0,-0.56,0.25,22.3549,29.4436,21.2626,2.1552,6344.21,22.0,calce_cs2,0.9691,-0.0022999999999999687,-0.002960000000000007,7.4436,1.4525000000000001
CS2_38,120,0.9706,0.9243,3.5971,4.2,2.7522,0.392,-0.5536,0.0,-0.56,0.25,22.4561,29.1549,21.048,2.0707,6349.3,22.0,calce_cs2,0.9668,0.0038000000000000256,-0.00036000000000000474,7.154900000000001,1.4478
CS2_38,121,0.9706,0.9244,3.6013,4.2,2.7506,0.3921,-0.5482,0.0,-0.56,0.25,22.4896,29.4203,20.9677,2.079,6367.67,22.0,calce_cs2,0.9706,0.0,3.999999999999559e-05,7.420300000000001,1.4494000000000002
CS2_38,122,0.9667,0.9207,3.6003,4.2,2.7409,0.3922,-0.5578,0.0,-0.56,0.25,22.6911,29.1384,21.0638,2.13,6356.29,22.0,calce_cs2,0.9706,-0.0039000000000000146,-0.0013400000000000079,7.138400000000001,1.4591000000000003
CS2_38,123,0.9687,0.9226,3.6046,4.2,2.748,0.3923,-0.5534,0.0,-0.56,0.25,22.5072,29.4178,20.9143,2.1294,6342.81,22.0,calce_cs2,0.9667,0.0020000000000000018,-7.999999999999118e-05,7.4178,1.452
CS2_38,124,0.968,0.9219,3.6006,4.2,2.7524,0.3924,-0.5482,0.0,-0.56,0.25,22.5267,29.4287,21.126,2.0962,6346.99,22.0,calce_cs2,0.9687,-0.0007000000000000339,0.00023999999999999578,7.428699999999999,1.4476
CS2_38,125,0.9683,0.9222,3.595,4.2,2.75,0.3925,-0.5485,0.0,-0.56,0.25,22.638,29.5082,20.9303,2.0045,6325.48,22.0,calce_cs2,0.968,0.000300000000000078,-0.0004599999999999937,7.508199999999999,1.4500000000000002
CS2_38,126,0.966,0.92,3.6057,4.2,2.7424,0.3926,-0.5541,0.0,-0.56,0.25,22.7841,29.3276,21.0665,2.1156,6307.02,22.0,calce_cs2,0.9683,-0.0023000000000000798,-0.0009200000000000097,7.3276,1.4576000000000002
CS2_38,127,0.9653,0.9193,3.5968,4.2,2.7536,0.3927,-0.5511,0.0,-0.56,0.25,22.5485,29.2046,21.0494,2.146,6291.87,22.0,calce_cs2,0.966,-0.0006999999999999229,-0.00027999999999999136,7.204599999999999,1.4464000000000001
CS2_38,128,0.9651,0.9192,3.596,4.2,2.746,0.3928,-0.5547,0.0,-0.56,0.25,22.572,29.3236,21.0208,2.057,6323.0,22.0,calce_cs2,0.9653,-0.000200000000000089,-0.0007200000000000095,7.323599999999999,1.4540000000000002
CS2_38,129,0.9609,0.9151,3.5974,4.2,2.747,0.3929,-0.5519,0.0,-0.56,0.25,22.6258,29.3209,20.7667,2.131,6258.77,22.0,calce_cs2,0.9651,-0.0041999999999999815,-0.001419999999999999,7.320900000000002,1.4530000000000003
CS2_38,130,0.9646,0.9187,3.6036,4.2,2.7539,0.393,-0.5477,0.0,-0.56,0.25,22.5057,29.5706,21.0152,2.0775,6287.14,22.0,calce_cs2,0.9609,0.0037000000000000366,-0.0007400000000000074,7.570599999999999,1.4461000000000004
CS2_38,131,0.963,0.9171,3.6051,4.2,2.7429,0.3931,-0.5407,0.0,-0.56,0.25,22.7131,29.4562,21.0908,2.0685,6304.39,22.0,calce_cs2,0.9646,-0.0016000000000000458,-0.0006000000000000005,7.456199999999999,1.4571
CS2_38,132,0.9577,0.9121,3.5954,4.2,2.7526,0.3932,-0.5552,0.0,-0.56,0.25,22.6713,29.4632,20.9778,2.1312,6266.61,22.0,calce_cs2,0.963,-0.005299999999999971,-0.0015200000000000103,7.4632000000000005,1.4474
CS2_38,133,0.9589,0.9132,3.5929,4.2,2.7511,0.3933,-0.5447,0.0,-0.56,0.25,22.7546,29.1818,21.0063,2.1598,6289.75,22.0,calce_cs2,0.9577,0.0011999999999999789,-0.0012399999999999967,7.181799999999999,1.4489
CS2_38,134,0.9606,0.9149,3.5933,4.2,2.7525,0.3934,-0.5452,0.0,-0.56,0.25,22.6538,29.4643,20.8878,2.0697,6281.22,22.0,calce_cs2,0.9589,0.0017000000000000348,-5.9999999999993395e-05,7.4643000000000015,1.4475000000000002
CS2_38,135,0.9584,0.9127,3.5986,4.2,2.7494,0.3935,-0.5416,0.0,-0.56,0.25,22.7042,29.0992,20.9181,2.0906,6271.31,22.0,calce_cs2,0.9606,-0.0021999999999999797,-0.0012399999999999967,7.0992,1.4506000000000001
CS2_38,136,0.9581,0.9125,3.5905,4.2,2.7562,0.3936,-0.5471,0.0,-0.56,0.25,22.8683,29.3355,20.9353,2.037,6278.56,22.0,calce_cs2,0.9584,-0.000300000000000078,-0.000980000000000003,7.3355,1.4438
CS2_38,137,0.9589,0.9132,3.5906,4.2,2.7468,0.3937,-0.5524,0.0,-0.56,0.25,22.7965,29.6854,21.0293,2.1017,6267.38,22.0,calce_cs2,0.9581,0.0008000000000000229,0.00023999999999999578,7.685400000000001,1.4532000000000003
CS2_38,138,0.9614,0.9156,3.6015,4.2,2.7482,0.3938,-0.5523,0.0,-0.56,0.25,22.7333,29.3269,20.8279,2.0503,6287.83,22.0,calce_cs2,0.9589,0.0025000000000000577,0.0005000000000000115,7.326899999999998,1.4518
CS2_38,139,0.9571,0.9115,3.5964,4.2,2.7528,0.3939,-0.5498,0.0,-0.56,0.25,22.6218,29.4123,20.9457,2.1255,6261.71,22.0,calce_cs2,0.9614,-0.0043000000000000815,-0.0007000000000000117,7.412299999999998,1.4472
CS2_38,140,0.9604,0.9147,3.594,4.2,2.7566,0.394,-0.554,0.0,-0.56,0.25,22.5989,29.3598,21.0095,2.0556,6287.14,22.0,calce_cs2,0.9571,0.0033000000000000806,0.00040000000000000034,7.3598,1.4434
CS2_38,141,0.9583,0.9127,3.5861,4.2,2.7461,0.3941,-0.5435,0.0,-0.56,0.25,22.7936,29.5865,20.8632,2.1877,6264.15,22.0,calce_cs2,0.9604,-0.0020999999999999908,4.00000000000178e-05,7.586500000000001,1.4539
CS2_38,142,0.9554,0.9099,3.5919,4.2,2.7457,0.3942,-0.5475,0.0,-0.56,0.25,22.7476,29.437,20.9245,2.0975,6244.13,22.0,calce_cs2,0.9583,-0.0029000000000000137,-0.0006999999999999895,7.437000000000001,1.4543000000000004
CS2_38,143,0.9551,0.9096,3.5982,4.2,2.7524,0.3943,-0.5564,0.0,-0.56,0.25,22.7436,29.5094,21.1745,2.0385,6233.93,22.0,calce_cs2,0.9554,-0.000300000000000078,-0.0012600000000000167,7.509399999999999,1.4476
CS2_38,144,0.9526,0.9073,3.5862,4.2,2.7469,0.3944,-0.5488,0.0,-0.56,0.25,22.6992,29.5825,21.0476,2.0865,6255.6,22.0,calce_cs2,0.9551,-0.0024999999999999467,-0.0008999999999999897,7.5825,1.4531
CS2_38,145,0.9564,0.9109,3.5923,4.2,2.7437,0.3945,-0.5484,0.0,-0.56,0.25,22.8391,29.7749,21.099,2.1871,6283.21,22.0,calce_cs2,0.9526,0.0038000000000000256,-0.0008000000000000007,7.774899999999999,1.4563000000000001
CS2_38,146,0.9514,0.9061,3.5906,4.2,2.7415,0.3946,-0.5386,0.0,-0.56,0.25,22.7962,29.8849,20.9579,2.1218,6206.47,22.0,calce_cs2,0.9564,-0.0050000000000000044,-0.0013800000000000034,7.884899999999998,1.4585000000000004
CS2_38,147,0.9539,0.9085,3.6009,4.2,2.7518,0.3947,-0.5499,0.0,-0.56,0.25,22.5883,29.5476,21.0098,2.0615,6248.6,22.0,calce_cs2,0.9514,0.0024999999999999467,-0.00030000000000001136,7.547599999999999,1.4482000000000004
CS2_38,148,0.9533,0.9079,3.5876,4.2,2.7521,0.3948,-0.5422,0.0,-0.56,0.25,22.4728,29.4292,21.0364,2.1418,6227.82,22.0,calce_cs2,0.9539,-0.0005999999999999339,-0.00035999999999998257,7.429200000000002,1.4479000000000002
CS2_38,149,0.9476,0.9025,3.5926,4.2,2.7449,0.3949,-0.5608,0.0,-0.56,0.25,22.7044,29.5601,20.877,2.0559,6199.95,22.0,calce_cs2,0.9533,-0.005700000000000038,-0.0010000000000000009,7.5600999999999985,1.4551000000000003
CS2_38,150,0.9522,0.9069,3.5925,4.2,2.7511,0.395,-0.545,0.0,-0.56,0.25,22.8695,29.6946,20.8762,1.9906,6237.52,22.0,calce_cs2,0.9476,0.0046000000000000485,-0.0008399999999999963,7.694600000000001,1.4489
CS2_38,151,0.9515,0.9062,3.5933,4.2,2.7386,0.3951,-0.553,0.0,-0.56,0.25,22.9521,29.5722,21.0233,2.117,6224.18,22.0,calce_cs2,0.9522,-0.0007000000000000339,1.9999999999997796e-05,7.572199999999999,1.4614000000000003
CS2_38,152,0.9492,0.904,3.5789,4.2,2.7493,0.3952,-0.5426,0.0,-0.56,0.25,22.7097,29.466,21.0656,2.1266,6239.06,22.0,calce_cs2,0.9515,-0.0022999999999999687,-0.0009399999999999853,7.466000000000001,1.4507000000000003
CS2_38,153,0.9492,0.904,3.5876,4.2,2.7494,0.3953,-0.5471,0.0,-0.56,0.25,22.7252,29.4435,20.9564,2.0514,6214.0,22.0,calce_cs2,0.9492,0.0,-0.0008199999999999985,7.4435,1.4506000000000001
CS2_38,154,0.9498,0.9046,3.5861,4.2,2.7468,0.3954,-0.5421,0.0,-0.56,0.25,22.8452,29.6897,20.9409,2.1588,6208.31,22.0,calce_cs2,0.9492,0.0005999999999999339,0.00043999999999999595,7.689699999999998,1.4532000000000003
CS2_38,155,0.9494,0.9042,3.5772,4.2,2.7449,0.3955,-0.5579,0.0,-0.56,0.25,22.864,29.5285,21.202,2.0582,6227.69,22.0,calce_cs2,0.9498,-0.00039999999999995595,-0.0005600000000000049,7.528500000000001,1.4551000000000003
CS2_38,156,0.9467,0.9016,3.5946,4.2,2.7461,0.3956,-0.5472,0.0,-0.56,0.25,22.6302,29.3323,21.1162,2.1303,6212.63,22.0,calce_cs2,0.9494,-0.0027000000000000357,-0.0009600000000000053,7.3323,1.4539
CS2_38,157,0.9456,0.9006,3.5745,4.2,2.738,0.3957,-0.5398,0.0,-0.56,0.25,22.8316,29.6197,20.914,2.1126,6190.04,22.0,calce_cs2,0.9467,-0.0010999999999999899,-0.0007200000000000095,7.619700000000002,1.4620000000000002
CS2_38,158,0.9483,0.9031,3.5858,4.2,2.7505,0.3958,-0.5492,0.0,-0.56,0.25,22.8339,29.9038,20.9912,2.0559,6190.65,22.0,calce_cs2,0.9456,0.0027000000000000357,-0.00018000000000000237,7.9038,1.4495
CS2_38,159,0.9439,0.899,3.5891,4.2,2.744,0.3959,-0.5503,0.0,-0.56,0.25,22.7952,29.7157,20.8864,2.0684,6181.89,22.0,calce_cs2,0.9483,-0.0044000000000000705,-0.0011800000000000033,7.715699999999998,1.456
CS2_38,160,0.9468,0.9017,3.5781,4.2,2.7493,0.396,-0.5422,0.0,-0.56,0.25,22.7295,29.6921,20.8905,2.0654,6203.16,22.0,calce_cs2,0.9439,0.0029000000000000137,-0.0005200000000000094,7.6921,1.4507000000000003
CS2_38,161,0.9425,0.8977,3.5826,4.2,2.7551,0.3961,-0.5533,0.0,-0.56,0.25,22.7418,29.5984,21.0414,2.0058,6162.97,22.0,calce_cs2,0.9468,-0.0042999999999999705,-0.0008399999999999963,7.598400000000002,1.4449
CS2_38,162,0.9434,0.8985,3.5912,4.2,2.7527,0.3962,-0.5462,0.0,-0.56,0.25,22.767,29.7477,21.0506,2.162,6171.07,22.0,calce_cs2,0.9425,0.0009000000000000119,-0.00043999999999999595,7.747699999999998,1.4473000000000003
CS2_38,163,0.9412,0.8963,3.5867,4.2,2.7541,0.3963,-0.5551,0.0,-0.56,0.25,22.5964,29.7152,20.856,2.0608,6180.86,22.0,calce_cs2,0.9434,-0.0021999999999999797,-0.001419999999999999,7.715199999999999,1.4459
CS2_38,164,0.9425,0.8976,3.5915,4.2,2.7612,0.3964,-0.5513,0.0,-0.56,0.25,22.8007,29.5899,21.0871,2.0992,6167.76,22.0,calce_cs2,0.9412,0.0012999999999999678,-0.00027999999999999136,7.5899,1.4388
CS2_38,165,0.9388,0.8941,3.5921,4.2,2.7533,0.3965,-0.5504,0.0,-0.56,0.25,22.5029,29.5995,20.8959,2.1429,6152.08,22.0,calce_cs2,0.9425,-0.0037000000000000366,-0.0016000000000000014,7.599499999999999,1.4467000000000003
CS2_38,166,0.9364,0.8919,3.573,4.2,2.7449,0.3966,-0.554,0.0,-0.56,0.25,23.0855,29.582,20.9859,2.1105,6150.33,22.0,calce_cs2,0.9388,-0.0023999999999999577,-0.0012199999999999989,7.582000000000001,1.4551000000000003
CS2_38,167,0.9404,0.8956,3.5915,4.2,2.7447,0.3967,-0.5538,0.0,-0.56,0.25,22.5846,29.5466,20.9552,2.1207,6141.78,22.0,calce_cs2,0.9364,0.0040000000000000036,-0.0006000000000000005,7.5466000000000015,1.4553000000000003
CS2_38,168,0.9399,0.8951,3.5864,4.2,2.7477,0.3968,-0.5481,0.0,-0.56,0.25,23.0227,29.7206,20.9689,2.034,6160.71,22.0,calce_cs2,0.9404,-0.000500000000000056,-0.00026000000000001575,7.720600000000001,1.4523000000000001
CS2_38,169,0.9386,0.8939,3.5712,4.2,2.7473,0.3969,-0.556,0.0,-0.56,0.25,22.7619,29.5569,21.0185,2.1286,6167.9,22.0,calce_cs2,0.9399,-0.0012999999999999678,-0.0007800000000000029,7.556899999999999,1.4527
CS2_38,170,0.9414,0.8966,3.5792,4.2,2.7498,0.397,-0.5448,0.0,-0.56,0.25,22.8418,29.5703,20.9894,2.0881,6166.57,22.0,calce_cs2,0.9386,0.0028000000000000247,0.0005200000000000094,7.5703,1.4502000000000002
CS2_38,171,0.9394,0.8946,3.5757,4.2,2.7491,0.3971,-0.5469,0.0,-0.56,0.25,22.9305,29.5854,20.9653,2.0494,6171.24,22.0,calce_cs2,0.9414,-0.0020000000000000018,0.0006000000000000005,7.5854,1.4509000000000003
CS2_38,172,0.9393,0.8946,3.5829,4.2,2.7511,0.3972,-0.5463,0.0,-0.56,0.25,22.6649,29.8249,20.9366,2.1683,6132.74,22.0,calce_cs2,0.9394,-9.999999999998899e-05,-0.00021999999999999797,7.8248999999999995,1.4489
CS2_38,173,0.939,0.8942,3.5777,4.2,2.757,0.3973,-0.5503,0.0,-0.56,0.25,23.0794,29.573,20.9065,2.0414,6163.07,22.0,calce_cs2,0.9393,-0.000300000000000078,-0.00018000000000000237,7.573,1.443
CS2_38,174,0.937,0.8924,3.585,4.2,2.7467,0.3974,-0.5481,0.0,-0.56,0.25,22.8981,29.6384,20.9377,2.0512,6111.83,22.0,calce_cs2,0.939,-0.0019999999999998908,-0.00031999999999998696,7.638400000000001,1.4533
CS2_38,175,0.9371,0.8924,3.5744,4.2,2.7563,0.3975,-0.5458,0.0,-0.56,0.25,23.0529,29.6312,20.8595,2.0939,6096.67,22.0,calce_cs2,0.937,9.999999999998899e-05,-0.0008599999999999941,7.6312,1.4437000000000002
CS2_38,176,0.9337,0.8892,3.5848,4.2,2.7478,0.3976,-0.5527,0.0,-0.56,0.25,22.8518,29.9016,20.9629,2.0592,6108.51,22.0,calce_cs2,0.9371,-0.0034000000000000696,-0.0011400000000000078,7.901599999999998,1.4522000000000004
CS2_38,177,0.9358,0.8912,3.5803,4.2,2.7399,0.3977,-0.5522,0.0,-0.56,0.25,22.8555,29.757,21.008,2.0992,6158.0,22.0,calce_cs2,0.9337,0.0020999999999999908,-0.0007000000000000117,7.7570000000000014,1.4601000000000002
CS2_38,178,0.9366,0.892,3.5815,4.2,2.7422,0.3978,-0.5499,0.0,-0.56,0.25,22.7651,29.8894,20.9301,2.0703,6125.37,22.0,calce_cs2,0.9358,0.0008000000000000229,-0.00047999999999999156,7.889399999999998,1.4578000000000002
CS2_38,179,0.9344,0.8899,3.5829,4.2,2.7469,0.3979,-0.5529,0.0,-0.56,0.25,22.7789,29.8153,21.0581,2.0824,6120.27,22.0,calce_cs2,0.9366,-0.0021999999999999797,-0.0005200000000000094,7.815300000000001,1.4531
CS2_38,180,0.9339,0.8894,3.5726,4.2,2.7432,0.398,-0.5487,0.0,-0.56,0.25,22.8183,29.8661,20.9604,2.1303,6128.0,22.0,calce_cs2,0.9344,-0.000500000000000056,-0.0006400000000000184,7.866099999999999,1.4568000000000003
CS2_38,181,0.9298,0.8856,3.5739,4.2,2.7502,0.3981,-0.5638,0.0,-0.56,0.25,22.836,29.7382,21.1111,2.139,6084.7,22.0,calce_cs2,0.9339,-0.0040999999999999925,-0.0007800000000000029,7.738199999999999,1.4498000000000002
CS2_38,182,0.9306,0.8863,3.5704,4.2,2.7498,0.3982,-0.5591,0.0,-0.56,0.25,22.8238,29.6624,21.0383,2.015,6084.75,22.0,calce_cs2,0.9298,0.0008000000000000229,-0.0010399999999999964,7.662400000000002,1.4502000000000002
CS2_38,183,0.9366,0.892,3.568,4.2,2.7507,0.3983,-0.5407,0.0,-0.56,0.25,23.0024,29.8805,21.0719,2.0824,6113.88,22.0,calce_cs2,0.9306,0.006000000000000005,0.0,7.880500000000001,1.4493
CS2_38,184,0.9293,0.8851,3.5753,4.2,2.7469,0.3984,-0.5482,0.0,-0.56,0.25,22.9268,29.7179,20.8543,2.1274,6089.95,22.0,calce_cs2,0.9366,-0.007299999999999973,-0.0010199999999999988,7.7179,1.4531
CS2_38,185,0.9293,0.885,3.5871,4.2,2.7527,0.3985,-0.5493,0.0,-0.56,0.25,22.8135,29.9587,21.108,2.0351,6080.85,22.0,calce_cs2,0.9293,0.0,-0.0009199999999999875,7.9587,1.4473000000000003
CS2_38,186,0.9299,0.8857,3.5753,4.2,2.7442,0.3986,-0.5533,0.0,-0.56,0.25,22.8696,29.9285,20.9088,2.1044,6069.91,22.0,calce_cs2,0.9293,0.0005999999999999339,1.9999999999997796e-05,7.9285,1.4558
CS2_38,187,0.9301,0.8858,3.5693,4.2,2.7472,0.3987,-0.5508,0.0,-0.56,0.25,22.9541,29.9681,21.0926,2.1074,6078.53,22.0,calce_cs2,0.9299,0.000200000000000089,-9.999999999998899e-05,7.9681,1.4528000000000003
CS2_38,188,0.9249,0.8808,3.57,4.2,2.7557,0.3988,-0.5453,0.0,-0.56,0.25,23.0854,29.7235,21.0084,2.1053,6051.68,22.0,calce_cs2,0.9301,-0.005199999999999982,-0.0023399999999999866,7.723500000000001,1.4443000000000001
CS2_38,189,0.9311,0.8868,3.5766,4.2,2.7472,0.3989,-0.5443,0.0,-0.56,0.25,22.6389,29.816,21.0272,2.1341,6098.32,22.0,calce_cs2,0.9249,0.006199999999999983,0.00036000000000000474,7.815999999999999,1.4528000000000003
CS2_38,190,0.9305,0.8862,3.5792,4.2,2.7525,0.399,-0.5506,0.0,-0.56,0.25,22.6552,29.644,21.0167,2.0714,6093.09,22.0,calce_cs2,0.9311,-0.0006000000000000449,0.00023999999999999578,7.643999999999998,1.4475000000000002
CS2_38,191,0.9274,0.8833,3.5693,4.2,2.7444,0.3991,-0.5541,0.0,-0.56,0.25,22.8965,29.99,21.0458,2.1873,6069.59,22.0,calce_cs2,0.9305,-0.0030999999999999917,-0.0004999999999999894,7.989999999999998,1.4556
CS2_38,192,0.9322,0.8878,3.5704,4.2,2.7408,0.3992,-0.5456,0.0,-0.56,0.25,22.8553,29.7919,21.0007,2.0276,6092.95,22.0,calce_cs2,0.9274,0.0048000000000000265,0.0004199999999999982,7.791899999999998,1.4592
CS2_38,193,0.9262,0.8821,3.564,4.2,2.7525,0.3993,-0.55,0.0,-0.56,0.25,23.1069,29.8624,21.0691,2.029,6072.9,22.0,calce_cs2,0.9322,-0.006000000000000005,0.0002599999999999936,7.862400000000001,1.4475000000000002
CS2_38,194,0.9245,0.8804,3.5713,4.2,2.7497,0.3994,-0.5452,0.0,-0.56,0.25,22.6874,29.8846,20.9921,2.1263,6063.16,22.0,calce_cs2,0.9262,-0.0017000000000000348,-0.00132000000000001,7.884599999999999,1.4503000000000004
CS2_38,195,0.9258,0.8817,3.5719,4.2,2.7458,0.3995,-0.5436,0.0,-0.56,0.25,23.1612,29.7657,21.2473,2.1615,6045.05,22.0,calce_cs2,0.9245,0.0012999999999999678,-0.0009400000000000075,7.765699999999999,1.4542000000000002
CS2_38,196,0.9223,0.8784,3.581,4.2,2.7464,0.3996,-0.5494,0.0,-0.56,0.25,22.8658,29.7445,21.0437,2.1043,6045.25,22.0,calce_cs2,0.9258,-0.0034999999999999476,-0.0010199999999999988,7.744499999999999,1.4536000000000002
CS2_38,197,0.9174,0.8738,3.5671,4.2,2.7507,0.3997,-0.545,0.0,-0.56,0.25,22.9571,29.4341,20.9417,1.9993,6015.21,22.0,calce_cs2,0.9223,-0.0049000000000000155,-0.002960000000000007,7.434100000000001,1.4493
CS2_38,198,0.9167,0.8731,3.5722,4.2,2.7428,0.3998,-0.552,0.0,-0.56,0.25,22.9282,29.9715,21.059,2.1189,5998.48,22.0,calce_cs2,0.9174,-0.0007000000000000339,-0.0019000000000000128,7.971499999999999,1.4572000000000003
CS2_38,199,0.9195,0.8757,3.5693,4.2,2.7551,0.3999,-0.5431,0.0,-0.56,0.25,22.8838,29.5492,20.9738,1.9734,6041.36,22.0,calce_cs2,0.9167,0.0028000000000000247,-0.0010000000000000009,7.549199999999999,1.4449
CS2_38,200,0.9198,0.876,3.5695,4.2,2.7545,0.4,-0.543,0.0,-0.56,0.25,22.7896,29.9991,21.1074,2.1624,6010.72,22.0,calce_cs2,0.9195,0.00029999999999996696,-0.001200000000000001,7.9990999999999985,1.4455
CS2_38,201,0.9213,0.8775,3.5677,4.2,2.74,0.4001,-0.5436,0.0,-0.56,0.25,22.9422,29.7416,20.9573,2.0997,6033.38,22.0,calce_cs2,0.9198,0.0015000000000000568,-0.00020000000000000017,7.741599999999998,1.46
CS2_38,202,0.9157,0.8721,3.5757,4.2,2.7476,0.4002,-0.5499,0.0,-0.56,0.25,22.9463,29.9844,20.9648,2.0754,5989.09,22.0,calce_cs2,0.9213,-0.005600000000000049,-0.00034000000000000696,7.984400000000001,1.4524000000000004
CS2_38,203,0.9215,0.8776,3.5795,4.2,2.7511,0.4003,-0.5492,0.0,-0.56,0.25,22.9797,29.8925,21.172,2.0953,6043.22,22.0,calce_cs2,0.9157,0.005800000000000027,0.0009600000000000053,7.892499999999998,1.4489
CS2_38,204,0.919,0.8752,3.5729,4.2,2.7447,0.4004,-0.5453,0.0,-0.56,0.25,22.7806,29.7435,21.1123,2.1429,6016.55,22.0,calce_cs2,0.9215,-0.0024999999999999467,-9.999999999998899e-05,7.743500000000001,1.4553000000000003
CS2_38,205,0.9168,0.8731,3.5743,4.2,2.7481,0.4005,-0.5487,0.0,-0.56,0.25,22.7486,29.6901,20.9512,2.1418,6011.46,22.0,calce_cs2,0.919,-0.0022000000000000908,-0.0006000000000000005,7.690100000000001,1.4519000000000002
CS2_38,206,0.9202,0.8763,3.5642,4.2,2.7471,0.4006,-0.5514,0.0,-0.56,0.25,22.9215,29.8859,21.1567,2.1423,6055.76,22.0,calce_cs2,0.9168,0.0034000000000000696,-0.00021999999999999797,7.8858999999999995,1.4529
CS2_38,207,0.9178,0.8741,3.5688,4.2,2.7477,0.4007,-0.5459,0.0,-0.56,0.25,23.0698,29.7761,21.0032,2.0742,6004.81,22.0,calce_cs2,0.9202,-0.0024000000000000687,0.0004199999999999982,7.7761,1.4523000000000001
CS2_38,208,0.9151,0.8716,3.5629,4.2,2.7444,0.4008,-0.5522,0.0,-0.56,0.25,22.8112,29.8586,20.9106,2.1676,5993.33,22.0,calce_cs2,0.9178,-0.0026999999999999247,-0.0012799999999999923,7.858599999999999,1.4556
CS2_38,209,0.9155,0.8719,3.5656,4.2,2.7562,0.4009,-0.5526,0.0,-0.56,0.25,23.0386,29.7799,20.9445,2.1043,5995.79,22.0,calce_cs2,0.9151,0.00039999999999995595,-0.0007000000000000117,7.779900000000001,1.4438
CS2_38,210,0.9197,0.876,3.5706,4.2,2.7481,0.401,-0.5492,0.0,-0.56,0.25,23.1468,30.1528,20.948,2.0947,6020.14,22.0,calce_cs2,0.9155,0.0041999999999999815,0.0005800000000000027,8.1528,1.4519000000000002
CS2_38,211,0.9185,0.8747,3.5659,4.2,2.7457,0.4011,-0.5464,0.0,-0.56,0.25,23.0187,29.9558,21.0793,2.0705,6017.13,22.0,calce_cs2,0.9197,-0.0011999999999999789,-0.00034000000000000696,7.9558,1.4543000000000004
CS2_38,212,0.9212,0.8773,3.5708,4.2,2.7494,0.4012,-0.5562,0.0,-0.56,0.25,22.9071,29.9304,20.9782,2.1102,6006.99,22.0,calce_cs2,0.9185,0.0027000000000000357,0.0006800000000000139,7.930399999999999,1.4506000000000001
CS2_38,213,0.9095,0.8662,3.5786,4.2,2.7453,0.4013,-0.5434,0.0,-0.56,0.25,22.9344,29.5852,20.8665,2.1746,5956.48,22.0,calce_cs2,0.9212,-0.011700000000000044,-0.0011200000000000099,7.5852,1.4547000000000003
CS2_38,214,0.9144,0.8709,3.5712,4.2,2.7496,0.4014,-0.5502,0.0,-0.56,0.25,22.7404,29.7815,21.0591,2.1743,5983.4,22.0,calce_cs2,0.9095,0.0049000000000000155,-0.00021999999999999797,7.781500000000001,1.4504000000000001
CS2_38,215,0.9122,0.8687,3.5649,4.2,2.7523,0.4015,-0.5541,0.0,-0.56,0.25,22.9682,29.9226,20.865,2.0832,5973.26,22.0,calce_cs2,0.9144,-0.0021999999999999797,-0.0014999999999999903,7.922599999999999,1.4477000000000002
CS2_38,216,0.9117,0.8683,3.5585,4.2,2.7404,0.4016,-0.5447,0.0,-0.56,0.25,23.0171,29.6977,21.0778,2.0626,5976.52,22.0,calce_cs2,0.9122,-0.000500000000000056,-0.0013600000000000057,7.697700000000001,1.4596
CS2_38,217,0.9112,0.8678,3.5538,4.2,2.7506,0.4017,-0.5567,0.0,-0.56,0.25,22.906,30.0846,20.9244,2.1253,5963.41,22.0,calce_cs2,0.9117,-0.0004999999999999449,-0.0020000000000000018,8.084599999999998,1.4494000000000002
CS2_38,218,0.9102,0.8669,3.5663,4.2,2.756,0.4018,-0.5414,0.0,-0.56,0.25,23.2022,30.0521,21.1455,1.9848,5966.08,22.0,calce_cs2,0.9112,-0.0010000000000000009,0.0001400000000000068,8.0521,1.4440000000000004
CS2_38,219,0.9094,0.8661,3.5556,4.2,2.7556,0.4019,-0.5548,0.0,-0.56,0.25,22.878,29.9658,21.0551,2.0684,5969.68,22.0,calce_cs2,0.9102,-0.0008000000000000229,-0.0010000000000000009,7.9658000000000015,1.4444000000000004
CS2_38,220,0.9118,0.8684,3.5639,4.2,2.7536,0.402,-0.5492,0.0,-0.56,0.25,22.9075,30.1646,21.075,2.137,5968.37,22.0,calce_cs2,0.9094,0.0024000000000000687,-7.999999999999118e-05,8.1646,1.4464000000000001
CS2_38,221,0.9124,0.869,3.5616,4.2,2.7542,0.4021,-0.54,0.0,-0.56,0.25,22.9998,29.9526,21.029,2.1191,5956.5,22.0,calce_cs2,0.9118,0.0005999999999999339,0.0001400000000000068,7.9526,1.4458000000000002
CS2_38,222,0.9073,0.8641,3.5649,4.2,2.7497,0.4022,-0.5503,0.0,-0.56,0.25,23.0952,30.0333,21.0593,2.1103,5935.51,22.0,calce_cs2,0.9124,-0.005099999999999993,-0.0007800000000000029,8.0333,1.4503000000000004
CS2_38,223,0.9071,0.8639,3.5646,4.2,2.7509,0.4023,-0.5546,0.0,-0.56,0.25,23.0849,29.9985,21.0343,2.0452,5932.67,22.0,calce_cs2,0.9073,-0.00019999999999997797,-0.0006199999999999984,7.9985,1.4491
CS2_38,224,0.9043,0.8612,3.5586,4.2,2.7457,0.4024,-0.5577,0.0,-0.56,0.25,22.976,30.2608,20.8285,2.0924,5918.51,22.0,calce_cs2,0.9071,-0.0028000000000000247,-0.0010199999999999988,8.2608,1.4543000000000004
CS2_38,225,0.907,0.8638,3.5497,4.2,2.756,0.4025,-0.554,0.0,-0.56,0.25,23.0128,30.1261,21.0286,2.1185,5934.6,22.0,calce_cs2,0.9043,0.0027000000000000357,-0.0009600000000000053,8.126100000000001,1.4440000000000004
CS2_38,226,0.9061,0.863,3.5543,4.2,2.7415,0.4026,-0.5514,0.0,-0.56,0.25,22.8862,29.7926,21.1085,2.1417,5923.35,22.0,calce_cs2,0.907,-0.0009000000000000119,-0.0012599999999999944,7.7926,1.4585000000000004
CS2_38,227,0.9076,0.8643,3.5675,4.2,2.7462,0.4027,-0.5484,0.0,-0.56,0.25,22.998,30.0051,20.9807,2.078,5938.02,22.0,calce_cs2,0.9061,0.0014999999999999458,5.9999999999993395e-05,8.005099999999999,1.4538000000000002
CS2_38,228,0.9039,0.8609,3.5588,4.2,2.7607,0.4028,-0.5546,0.0,-0.56,0.25,23.1625,30.0416,20.9477,2.1524,5920.83,22.0,calce_cs2,0.9076,-0.0036999999999999256,-0.0006399999999999961,8.041599999999999,1.4393000000000002
CS2_38,229,0.9051,0.862,3.5465,4.2,2.7485,0.4029,-0.5555,0.0,-0.56,0.25,22.9374,30.1614,20.8999,2.0042,5916.28,22.0,calce_cs2,0.9039,0.0011999999999999789,0.0001600000000000046,8.1614,1.4515000000000002
CS2_38,230,0.9034,0.8604,3.5544,4.2,2.7489,0.403,-0.5449,0.0,-0.56,0.25,23.0362,30.1102,21.0245,2.0833,5945.47,22.0,calce_cs2,0.9051,-0.0017000000000000348,-0.0007200000000000095,8.110199999999999,1.4511000000000003
CS2_38,231,0.9011,0.8582,3.5617,4.2,2.7449,0.4031,-0.5565,0.0,-0.56,0.25,23.1189,30.1259,21.0682,2.1586,5910.09,22.0,calce_cs2,0.9034,-0.0022999999999999687,-0.0010000000000000009,8.125900000000001,1.4551000000000003
CS2_38,232,0.9056,0.8625,3.5635,4.2,2.7537,0.4032,-0.5564,0.0,-0.56,0.25,22.9955,29.9542,20.9968,2.0497,5938.13,22.0,calce_cs2,0.9011,0.0044999999999999485,-0.00040000000000000034,7.9542,1.4463000000000004
CS2_38,233,0.8982,0.8555,3.5627,4.2,2.7561,0.4033,-0.5518,0.0,-0.56,0.25,22.8493,29.8185,21.0591,2.2181,5870.66,22.0,calce_cs2,0.9056,-0.007399999999999962,-0.0011400000000000078,7.8185,1.4439000000000002
CS2_38,234,0.9003,0.8575,3.5665,4.2,2.7424,0.4034,-0.5478,0.0,-0.56,0.25,23.0876,30.2075,21.164,2.149,5892.2,22.0,calce_cs2,0.8982,0.0020999999999999908,-0.0009600000000000053,8.2075,1.4576000000000002
CS2_38,235,0.9044,0.8613,3.5606,4.2,2.7548,0.4035,-0.5538,0.0,-0.56,0.25,23.0757,30.3237,20.9522,2.0405,5913.37,22.0,calce_cs2,0.9003,0.0040999999999999925,0.00020000000000000017,8.323699999999999,1.4452000000000003
CS2_38,236,0.9014,0.8585,3.5546,4.2,2.7493,0.4036,-0.5398,0.0,-0.56,0.25,23.1326,30.1902,21.0395,2.0853,5876.11,22.0,calce_cs2,0.9044,-0.0030000000000000027,5.9999999999993395e-05,8.1902,1.4507000000000003
CS2_38,237,0.8963,0.8536,3.5622,4.2,2.7485,0.4037,-0.553,0.0,-0.56,0.25,22.9344,30.167,21.009,2.0463,5874.24,22.0,calce_cs2,0.9014,-0.005099999999999993,-0.001859999999999995,8.167000000000002,1.4515000000000002
CS2_38,238,0.9014,0.8585,3.5507,4.2,2.7485,0.4038,-0.5451,0.0,-0.56,0.25,22.832,30.0688,21.0123,2.0522,5889.0,22.0,calce_cs2,0.8963,0.005099999999999993,0.0006399999999999961,8.0688,1.4515000000000002
CS2_38,239,0.898,0.8553,3.5482,4.2,2.7504,0.4039,-0.5515,0.0,-0.56,0.25,23.2046,30.2446,20.9294,2.1066,5901.06,22.0,calce_cs2,0.9014,-0.0033999999999999586,-0.0004599999999999937,8.244599999999998,1.4496000000000002
CS2_38,240,0.8999,0.8571,3.5544,4.2,2.7471,0.404,-0.5503,0.0,-0.56,0.25,23.0708,30.3434,21.0189,2.1014,5912.34,22.0,calce_cs2,0.898,0.0019000000000000128,-0.0008999999999999897,8.343399999999999,1.4529
CS2_38,241,0.8994,0.8565,3.5567,4.2,2.742,0.4041,-0.5423,0.0,-0.56,0.25,22.9802,29.9729,21.079,2.1023,5888.93,22.0,calce_cs2,0.8999,-0.000500000000000056,-0.00040000000000000034,7.972899999999999,1.4580000000000002
CS2_38,242,0.9022,0.8592,3.557,4.2,2.7454,0.4042,-0.5473,0.0,-0.56,0.25,23.0487,29.9762,21.0178,2.0951,5899.29,22.0,calce_cs2,0.8994,0.0028000000000000247,0.0011800000000000033,7.976199999999999,1.4546000000000001
CS2_38,243,0.8988,0.856,3.5464,4.2,2.7511,0.4043,-0.5574,0.0,-0.56,0.25,23.2677,30.2556,20.9574,2.0551,5880.91,22.0,calce_cs2,0.9022,-0.0033999999999999586,-0.0005199999999999872,8.255600000000001,1.4489
CS2_38,244,0.8971,0.8544,3.562,4.2,2.7511,0.4044,-0.5447,0.0,-0.56,0.25,23.066,30.2816,21.0199,2.134,5872.67,22.0,calce_cs2,0.8988,-0.0017000000000000348,-0.00018000000000000237,8.281600000000001,1.4489
CS2_38,245,0.8942,0.8516,3.5554,4.2,2.7531,0.4045,-0.5536,0.0,-0.56,0.25,22.9053,30.2175,20.8267,2.1139,5854.88,22.0,calce_cs2,0.8971,-0.0029000000000000137,-0.0011400000000000078,8.217500000000001,1.4469000000000003
CS2_38,246,0.8945,0.8519,3.5397,4.2,2.7474,0.4046,-0.5513,0.0,-0.56,0.25,23.2726,29.9826,21.0048,2.0031,5864.31,22.0,calce_cs2,0.8942,0.00029999999999996696,-0.000980000000000003,7.9826000000000015,1.4526000000000003
CS2_38,247,0.894,0.8514,3.5568,4.2,2.7477,0.4047,-0.5451,0.0,-0.56,0.25,23.1124,30.0347,21.0671,2.0915,5861.46,22.0,calce_cs2,0.8945,-0.0004999999999999449,-0.001639999999999997,8.0347,1.4523000000000001
CS2_38,248,0.8926,0.8501,3.5556,4.2,2.7459,0.4048,-0.5556,0.0,-0.56,0.25,23.1811,30.0671,21.1614,2.0003,5847.22,22.0,calce_cs2,0.894,-0.0014000000000000679,-0.0012400000000000189,8.0671,1.4541000000000004
CS2_38,249,0.8923,0.8499,3.5511,4.2,2.7491,0.4049,-0.5444,0.0,-0.56,0.25,23.2296,30.424,20.9982,2.0148,5851.41,22.0,calce_cs2,0.8926,-0.00029999999999996696,-0.0009600000000000053,8.424,1.4509000000000003
CS2_38,250,0.894,0.8514,3.5415,4.2,2.7487,0.405,-0.5466,0.0,-0.56,0.25,23.1762,30.1198,20.9993,2.0273,5858.95,22.0,calce_cs2,0.8923,0.0017000000000000348,-3.999999999999559e-05,8.119800000000001,1.4513000000000003
CS2_38,251,0.8913,0.8489,3.558,4.2,2.7516,0.4051,-0.5487,0.0,-0.56,0.25,23.0854,30.4723,21.0371,2.0781,5826.66,22.0,calce_cs2,0.894,-0.0027000000000000357,-0.0006399999999999961,8.4723,1.4484000000000004
CS2_38,252,0.8896,0.8472,3.5503,4.2,2.748,0.4052,-0.5423,0.0,-0.56,0.25,23.2291,30.3547,20.887,2.1937,5807.07,22.0,calce_cs2,0.8913,-0.0017000000000000348,-0.0008800000000000141,8.354700000000001,1.452
CS2_38,253,0.8938,0.8513,3.5442,4.2,2.7495,0.4053,-0.5526,0.0,-0.56,0.25,23.0023,30.1368,20.8537,2.0975,5839.83,22.0,calce_cs2,0.8896,0.0042000000000000925,0.00024000000000001798,8.136800000000001,1.4505000000000003
CS2_38,254,0.89,0.8476,3.5523,4.2,2.7459,0.4054,-0.5458,0.0,-0.56,0.25,23.4046,30.1547,20.9855,2.1075,5839.74,22.0,calce_cs2,0.8938,-0.0038000000000000256,-0.0004599999999999937,8.154699999999998,1.4541000000000004
CS2_38,255,0.8901,0.8478,3.5498,4.2,2.7506,0.4055,-0.5445,0.0,-0.56,0.25,23.2293,30.3284,21.0801,2.0814,5821.87,22.0,calce_cs2,0.89,9.999999999998899e-05,-0.0007800000000000029,8.328399999999998,1.4494000000000002
CS2_38,256,0.8872,0.845,3.5513,4.2,2.752,0.4056,-0.5446,0.0,-0.56,0.25,22.9575,30.4324,21.0537,2.1686,5808.45,22.0,calce_cs2,0.8901,-0.0029000000000000137,-0.0008199999999999985,8.432400000000001,1.4480000000000004
CS2_38,257,0.8869,0.8447,3.5516,4.2,2.7542,0.4057,-0.546,0.0,-0.56,0.25,23.0881,30.5831,20.7337,1.9844,5798.38,22.0,calce_cs2,0.8872,-0.00029999999999996696,-0.0005399999999999849,8.583100000000002,1.4458000000000002
CS2_38,258,0.8918,0.8494,3.5436,4.2,2.7444,0.4058,-0.5479,0.0,-0.56,0.25,23.1845,30.1181,20.933,2.1326,5863.94,22.0,calce_cs2,0.8869,0.0049000000000000155,-0.00040000000000000034,8.118099999999998,1.4556
CS2_38,259,0.8865,0.8443,3.5436,4.2,2.7453,0.4059,-0.5437,0.0,-0.56,0.25,23.2299,30.285,20.9279,2.0385,5821.94,22.0,calce_cs2,0.8918,-0.005300000000000082,-0.0007000000000000117,8.285,1.4547000000000003
CS2_38,260,0.8886,0.8463,3.5536,4.2,2.7489,0.406,-0.5514,0.0,-0.56,0.25,23.18,30.5763,21.1311,2.0667,5814.16,22.0,calce_cs2,0.8865,0.0020999999999999908,-0.00030000000000001136,8.5763,1.4511000000000003
CS2_38,261,0.8837,0.8417,3.549,4.2,2.7428,0.4061,-0.5495,0.0,-0.56,0.25,23.2674,30.1152,21.0089,2.0923,5777.49,22.0,calce_cs2,0.8886,-0.004899999999999904,-0.0006999999999999895,8.115200000000002,1.4572000000000003
CS2_38,262,0.8854,0.8433,3.5345,4.2,2.7429,0.4062,-0.5548,0.0,-0.56,0.25,23.1346,30.2812,20.9914,2.0375,5808.44,22.0,calce_cs2,0.8837,0.0016999999999999238,-0.00030000000000001136,8.281199999999998,1.4571
CS2_38,263,0.8917,0.8492,3.5441,4.2,2.7598,0.4063,-0.5558,0.0,-0.56,0.25,23.2629,30.2358,21.0216,2.081,5829.24,22.0,calce_cs2,0.8854,0.006300000000000083,-1.9999999999997796e-05,8.235800000000001,1.4402000000000004
CS2_38,264,0.8881,0.8458,3.5528,4.2,2.7519,0.4064,-0.5464,0.0,-0.56,0.25,23.2524,30.2649,21.1172,2.2002,5801.08,22.0,calce_cs2,0.8917,-0.0036000000000000476,0.0003200000000000092,8.2649,1.4481000000000002
CS2_38,265,0.8842,0.8421,3.5418,4.2,2.7506,0.4065,-0.5528,0.0,-0.56,0.25,23.2025,30.4273,21.0297,2.014,5769.28,22.0,calce_cs2,0.8881,-0.0039000000000000146,-0.0008799999999999919,8.427299999999999,1.4494000000000002
CS2_38,266,0.8836,0.8415,3.5402,4.2,2.7426,0.4066,-0.5473,0.0,-0.56,0.25,23.021,30.1954,20.8891,2.0863,5789.34,22.0,calce_cs2,0.8842,-0.0005999999999999339,-1.9999999999997796e-05,8.1954,1.4574000000000003
CS2_38,267,0.8808,0.8389,3.5493,4.2,2.7551,0.4067,-0.54,0.0,-0.56,0.25,23.2554,30.5376,20.9271,2.1215,5751.18,22.0,calce_cs2,0.8836,-0.0028000000000000247,-0.0009199999999999875,8.537600000000001,1.4449
CS2_38,268,0.8817,0.8397,3.5427,4.2,2.7462,0.4068,-0.5498,0.0,-0.56,0.25,23.1949,30.4371,21.0388,2.1128,5767.86,22.0,calce_cs2,0.8808,0.0009000000000000119,-0.0020000000000000018,8.437100000000001,1.4538000000000002
CS2_38,269,0.8847,0.8426,3.542,4.2,2.7466,0.4069,-0.5484,0.0,-0.56,0.25,23.3714,30.3959,20.8766,2.1131,5793.91,22.0,calce_cs2,0.8817,0.0030000000000000027,-0.0006799999999999917,8.395900000000001,1.4534000000000002
CS2_38,270,0.8801,0.8382,3.5521,4.2,2.7431,0.407,-0.5411,0.0,-0.56,0.25,23.143,30.3662,20.9196,2.0926,5743.44,22.0,calce_cs2,0.8847,-0.0046000000000000485,-0.0008199999999999985,8.3662,1.4569
CS2_38,271,0.888,0.8457,3.5403,4.2,2.7525,0.4071,-0.5505,0.0,-0.56,0.25,23.0667,30.4201,20.8947,2.09,5805.89,22.0,calce_cs2,0.8801,0.007900000000000018,0.0008799999999999919,8.420100000000001,1.4475000000000002
CS2_38,272,0.8806,0.8386,3.5207,4.2,2.7549,0.4072,-0.5463,0.0,-0.56,0.25,23.2089,30.3484,20.8075,2.0152,5786.13,22.0,calce_cs2,0.888,-0.007399999999999962,-3.999999999999559e-05,8.348400000000002,1.4451
CS2_38,273,0.8816,0.8396,3.5383,4.2,2.7496,0.4073,-0.5441,0.0,-0.56,0.25,23.2345,30.3981,20.9283,2.0087,5764.6,22.0,calce_cs2,0.8806,0.0010000000000000009,-1.9999999999997796e-05,8.3981,1.4504000000000001
CS2_38,274,0.8779,0.8361,3.5338,4.2,2.7549,0.4074,-0.5441,0.0,-0.56,0.25,23.2245,30.5001,20.8631,2.082,5761.03,22.0,calce_cs2,0.8816,-0.0037000000000000366,-0.0013600000000000057,8.5001,1.4451
CS2_38,275,0.8815,0.8395,3.5454,4.2,2.7475,0.4075,-0.5533,0.0,-0.56,0.25,23.1913,30.5651,20.9914,2.0853,5749.53,22.0,calce_cs2,0.8779,0.0035999999999999366,0.00027999999999999136,8.565100000000001,1.4525000000000001
CS2_38,276,0.8804,0.8384,3.5302,4.2,2.751,0.4076,-0.5548,0.0,-0.56,0.25,23.086,30.4057,20.9758,2.034,5771.65,22.0,calce_cs2,0.8815,-0.0010999999999999899,-0.0015200000000000103,8.4057,1.4490000000000003
CS2_38,277,0.8807,0.8388,3.5268,4.2,2.7463,0.4077,-0.5515,0.0,-0.56,0.25,23.2755,30.5426,21.0092,2.0417,5768.86,22.0,calce_cs2,0.8804,0.000300000000000078,1.9999999999997796e-05,8.5426,1.4537
CS2_38,278,0.881,0.839,3.5314,4.2,2.7489,0.4078,-0.5501,0.0,-0.56,0.25,23.3689,30.4421,21.014,2.1096,5761.22,22.0,calce_cs2,0.8807,0.00029999999999996696,-0.00012000000000000899,8.4421,1.4511000000000003
CS2_38,279,0.8756,0.8339,3.5363,4.2,2.7435,0.4079,-0.5535,0.0,-0.56,0.25,23.4391,30.4685,21.1029,2.1511,5721.85,22.0,calce_cs2,0.881,-0.00539999999999996,-0.0004599999999999937,8.468499999999999,1.4565000000000001
CS2_38,280,0.8722,0.8307,3.5449,4.2,2.7497,0.408,-0.5449,0.0,-0.56,0.25,23.4596,30.4128,20.8562,2.1429,5707.13,22.0,calce_cs2,0.8756,-0.0034000000000000696,-0.001859999999999995,8.4128,1.4503000000000004
CS2_38,281,0.8739,0.8323,3.5374,4.2,2.7527,0.4081,-0.5433,0.0,-0.56,0.25,23.5304,30.3969,20.8754,2.0812,5697.72,22.0,calce_cs2,0.8722,0.0017000000000000348,-0.00129999999999999,8.396899999999999,1.4473000000000003
CS2_38,282,0.8769,0.8352,3.5456,4.2,2.7514,0.4082,-0.552,0.0,-0.56,0.25,23.3992,30.9158,20.9138,2.0653,5754.74,22.0,calce_cs2,0.8739,0.0030000000000000027,-0.0007600000000000051,8.9158,1.4486000000000003
CS2_38,283,0.8738,0.8322,3.5333,4.2,2.7518,0.4083,-0.5485,0.0,-0.56,0.25,23.2789,30.3882,21.0347,2.1432,5726.38,22.0,calce_cs2,0.8769,-0.0030999999999999917,-0.0014399999999999968,8.388200000000001,1.4482000000000004
CS2_38,284,0.8772,0.8355,3.525,4.2,2.7492,0.4084,-0.5465,0.0,-0.56,0.25,23.316,30.4351,21.075,2.163,5767.64,22.0,calce_cs2,0.8738,0.0033999999999999586,0.00031999999999998696,8.435099999999998,1.4508
CS2_38,285,0.8717,0.8302,3.5346,4.2,2.7529,0.4085,-0.5494,0.0,-0.56,0.25,23.4534,30.4225,20.8868,2.0691,5687.89,22.0,calce_cs2,0.8772,-0.005499999999999949,-9.999999999998899e-05,8.4225,1.4471000000000003
CS2_38,286,0.8719,0.8303,3.5272,4.2,2.751,0.4086,-0.5441,0.0,-0.56,0.25,23.3349,30.5434,20.8206,2.0415,5720.36,22.0,calce_cs2,0.8717,0.00019999999999997797,-0.00040000000000000034,8.543399999999998,1.4490000000000003
CS2_38,287,0.8724,0.8309,3.5475,4.2,2.7438,0.4087,-0.5545,0.0,-0.56,0.25,23.2528,30.3643,20.9213,2.0982,5691.46,22.0,calce_cs2,0.8719,0.0004999999999999449,-0.0009000000000000119,8.3643,1.4562000000000004
CS2_38,288,0.8713,0.8298,3.5345,4.2,2.7503,0.4088,-0.5493,0.0,-0.56,0.25,23.4036,30.4611,21.0365,2.1037,5699.79,22.0,calce_cs2,0.8724,-0.0010999999999999899,-0.0005000000000000115,8.461099999999998,1.4497
CS2_38,289,0.8715,0.83,3.5367,4.2,2.7443,0.4089,-0.5491,0.0,-0.56,0.25,23.4334,30.4956,21.0396,2.0703,5709.77,22.0,calce_cs2,0.8713,0.000200000000000089,-0.0011399999999999854,8.4956,1.4557000000000002
CS2_38,290,0.8672,0.8259,3.5336,4.2,2.7585,0.409,-0.553,0.0,-0.56,0.25,23.4435,30.4572,21.0673,2.1594,5682.83,22.0,calce_cs2,0.8715,-0.0043000000000000815,-0.0009000000000000119,8.4572,1.4415
CS2_38,291,0.8703,0.8289,3.5322,4.2,2.7566,0.4091,-0.5432,0.0,-0.56,0.25,23.105,30.4281,20.9632,2.0399,5658.14,22.0,calce_cs2,0.8672,0.0030999999999999917,-0.0003200000000000092,8.4281,1.4434
CS2_38,292,0.866,0.8248,3.5305,4.2,2.7451,0.4092,-0.5434,0.0,-0.56,0.25,23.3051,30.4382,20.8388,2.0274,5668.89,22.0,calce_cs2,0.8703,-0.0042999999999999705,-0.0012799999999999923,8.438199999999998,1.4549000000000003
CS2_38,293,0.869,0.8276,3.5346,4.2,2.7442,0.4093,-0.5522,0.0,-0.56,0.25,23.2278,30.5476,20.9623,2.0265,5716.74,22.0,calce_cs2,0.866,0.0030000000000000027,-0.0004599999999999937,8.5476,1.4558
CS2_38,294,0.8696,0.8282,3.5281,4.2,2.7451,0.4094,-0.5512,0.0,-0.56,0.25,23.4914,30.7219,21.1651,2.1017,5667.63,22.0,calce_cs2,0.869,0.0006000000000000449,-0.00038000000000000257,8.721900000000002,1.4549000000000003
CS2_38,295,0.8659,0.8247,3.5325,4.2,2.76,0.4095,-0.5543,0.0,-0.56,0.25,23.3081,30.5917,20.9541,2.0575,5687.05,22.0,calce_cs2,0.8696,-0.0037000000000000366,-0.0002599999999999936,8.5917,1.4400000000000004
CS2_38,296,0.8626,0.8215,3.5377,4.2,2.7447,0.4096,-0.5534,0.0,-0.56,0.25,23.3103,30.5748,20.9387,2.1129,5679.56,22.0,calce_cs2,0.8659,-0.0032999999999999696,-0.0015399999999999858,8.5748,1.4553000000000003
CS2_38,297,0.8684,0.8271,3.5349,4.2,2.7483,0.4097,-0.5568,0.0,-0.56,0.25,23.2986,30.4643,21.0247,2.1576,5698.13,22.0,calce_cs2,0.8626,0.005799999999999916,0.00047999999999999156,8.464300000000001,1.4517000000000002
CS2_38,298,0.8652,0.824,3.5387,4.2,2.755,0.4098,-0.5533,0.0,-0.56,0.25,23.4397,30.2652,20.93,2.0082,5680.83,22.0,calce_cs2,0.8684,-0.0031999999999999806,-0.0007600000000000051,8.2652,1.4450000000000003
CS2_38,299,0.865,0.8238,3.5408,4.2,2.7468,0.4099,-0.5526,0.0,-0.56,0.25,23.3645,30.6398,20.913,2.0478,5650.76,22.0,calce_cs2,0.8652,-0.00019999999999997797,-0.0009200000000000097,8.639800000000001,1.4532000000000003
CS2_38,300,0.8641,0.8229,3.5167,4.2,2.7557,0.41,-0.5473,0.0,-0.56,0.25,23.3619,30.4245,21.0671,2.1365,5655.92,22.0,calce_cs2,0.865,-0.0009000000000000119,-0.00036000000000000474,8.424499999999998,1.4443000000000001
CS2_38,301,0.8642,0.8231,3.5255,4.2,2.7517,0.4101,-0.552,0.0,-0.56,0.25,23.302,30.411,21.141,2.1302,5662.17,22.0,calce_cs2,0.8641,9.999999999998899e-05,0.00031999999999998696,8.411000000000001,1.4483000000000001
CS2_38,302,0.8629,0.8218,3.5313,4.2,2.7519,0.4102,-0.5452,0.0,-0.56,0.25,23.3998,30.661,20.9875,2.077,5632.2,22.0,calce_cs2,0.8642,-0.0012999999999999678,-0.0010999999999999899,8.661000000000001,1.4481000000000002
CS2_38,303,0.8661,0.8249,3.5274,4.2,2.7485,0.4103,-0.5499,0.0,-0.56,0.25,23.4619,30.7268,20.8549,2.0651,5663.4,22.0,calce_cs2,0.8629,0.0031999999999999806,0.00018000000000000237,8.7268,1.4515000000000002
CS2_38,304,0.8604,0.8194,3.5252,4.2,2.7466,0.4104,-0.541,0.0,-0.56,0.25,23.9072,30.5533,20.9982,2.1308,5599.89,22.0,calce_cs2,0.8661,-0.005699999999999927,-0.0009199999999999875,8.5533,1.4534000000000002
CS2_38,305,0.8614,0.8204,3.5207,4.2,2.7524,0.4105,-0.5508,0.0,-0.56,0.25,23.2827,30.4539,21.076,2.117,5658.29,22.0,calce_cs2,0.8604,0.0010000000000000009,-0.0005399999999999849,8.4539,1.4476
CS2_38,306,0.8693,0.8279,3.5201,4.2,2.7522,0.4106,-0.5487,0.0,-0.56,0.25,23.4343,30.6236,20.9277,2.1982,5693.75,22.0,calce_cs2,0.8614,0.007899999999999907,0.0010199999999999988,8.6236,1.4478
CS2_38,307,0.8651,0.8239,3.5277,4.2,2.7482,0.4107,-0.5448,0.0,-0.56,0.25,23.4582,30.725,20.9972,2.0563,5664.74,22.0,calce_cs2,0.8693,-0.0041999999999999815,0.00043999999999999595,8.725000000000001,1.4518
CS2_38,308,0.8596,0.8187,3.5357,4.2,2.7498,0.4108,-0.5493,0.0,-0.56,0.25,23.2446,30.5756,21.0732,2.1452,5601.3,22.0,calce_cs2,0.8651,-0.005499999999999949,-0.00129999999999999,8.575600000000001,1.4502000000000002
CS2_38,309,0.8586,0.8177,3.5257,4.2,2.746,0.4109,-0.5427,0.0,-0.56,0.25,23.5589,30.8644,21.0424,2.097,5616.27,22.0,calce_cs2,0.8596,-0.0010000000000000009,-0.00036000000000000474,8.8644,1.4540000000000002
CS2_38,310,0.8567,0.8159,3.5204,4.2,2.7608,0.411,-0.5527,0.0,-0.56,0.25,23.3891,30.5491,20.9642,2.0794,5633.51,22.0,calce_cs2,0.8586,-0.0019000000000000128,-0.0009400000000000075,8.5491,1.4392
CS2_38,311,0.8579,0.8171,3.5211,4.2,2.7462,0.4111,-0.5525,0.0,-0.56,0.25,23.4302,30.6317,20.8356,2.0447,5612.34,22.0,calce_cs2,0.8567,0.0011999999999999789,-0.002279999999999993,8.631699999999999,1.4538000000000002
CS2_38,312,0.858,0.8172,3.5126,4.2,2.7562,0.4112,-0.5449,0.0,-0.56,0.25,23.4508,30.5792,21.0449,2.1319,5638.41,22.0,calce_cs2,0.8579,9.999999999998899e-05,-0.001419999999999999,8.5792,1.4438
CS2_38,313,0.855,0.8143,3.5342,4.2,2.7499,0.4113,-0.5493,0.0,-0.56,0.25,23.4058,30.5994,20.9773,2.0865,5590.79,22.0,calce_cs2,0.858,-0.0030000000000000027,-0.0009200000000000097,8.5994,1.4501000000000004
CS2_38,314,0.8582,0.8173,3.5183,4.2,2.7522,0.4114,-0.5517,0.0,-0.56,0.25,23.4687,30.6489,21.1232,2.1906,5624.31,22.0,calce_cs2,0.855,0.0031999999999999806,-8.00000000000134e-05,8.648900000000001,1.4478
CS2_38,315,0.8565,0.8157,3.5252,4.2,2.7516,0.4115,-0.5539,0.0,-0.56,0.25,23.5041,30.7781,20.9523,2.0513,5608.88,22.0,calce_cs2,0.8582,-0.0016999999999999238,-3.999999999999559e-05,8.778099999999998,1.4484000000000004
CS2_38,316,0.8576,0.8168,3.5248,4.2,2.7502,0.4116,-0.5563,0.0,-0.56,0.25,23.5103,30.6991,21.0937,2.075,5595.32,22.0,calce_cs2,0.8565,0.0010999999999999899,-5.9999999999993395e-05,8.699100000000001,1.4498000000000002
CS2_38,317,0.855,0.8143,3.521,4.2,2.7491,0.4117,-0.5495,0.0,-0.56,0.25,23.5099,30.8941,20.9067,1.9792,5589.63,22.0,calce_cs2,0.8576,-0.0026000000000000467,-0.0006000000000000005,8.894100000000002,1.4509000000000003
CS2_38,318,0.8566,0.8158,3.5366,4.2,2.7543,0.4118,-0.5513,0.0,-0.56,0.25,23.4116,30.6833,21.0439,2.0799,5594.32,22.0,calce_cs2,0.855,0.0016000000000000458,0.0003200000000000092,8.6833,1.4457
CS2_38,319,0.8553,0.8146,3.5267,4.2,2.7454,0.4119,-0.562,0.0,-0.56,0.25,23.6296,30.8115,20.9913,2.1212,5616.33,22.0,calce_cs2,0.8566,-0.0013000000000000789,-0.0005800000000000027,8.811499999999999,1.4546000000000001
CS2_38,320,0.8532,0.8125,3.5108,4.2,2.7453,0.412,-0.561,0.0,-0.56,0.25,23.6887,30.908,21.0895,2.0733,5587.57,22.0,calce_cs2,0.8553,-0.0020999999999999908,-0.0006600000000000162,8.908000000000001,1.4547000000000003
CS2_38,321,0.8558,0.8151,3.5244,4.2,2.7561,0.4121,-0.5626,0.0,-0.56,0.25,23.5285,30.5718,20.9886,2.1054,5621.29,22.0,calce_cs2,0.8532,0.0026000000000000467,-0.00036000000000000474,8.5718,1.4439000000000002
CS2_38,322,0.851,0.8104,3.5298,4.2,2.7496,0.4122,-0.5452,0.0,-0.56,0.25,23.5695,31.0041,21.0175,2.0465,5561.03,22.0,calce_cs2,0.8558,-0.0048000000000000265,-0.0008000000000000007,9.004100000000001,1.4504000000000001
CS2_38,323,0.862,0.821,3.5265,4.2,2.7486,0.4123,-0.5547,0.0,-0.56,0.25,23.2965,30.6896,21.0105,2.0799,5656.86,22.0,calce_cs2,0.851,0.01100000000000001,0.001079999999999992,8.689599999999999,1.4514
CS2_38,324,0.8544,0.8138,3.5076,4.2,2.7534,0.4124,-0.5499,0.0,-0.56,0.25,23.4934,30.7774,20.9877,2.0575,5563.26,22.0,calce_cs2,0.862,-0.00759999999999994,-0.00017999999999998017,8.7774,1.4466
CS2_38,325,0.8526,0.812,3.5186,4.2,2.7496,0.4125,-0.5395,0.0,-0.56,0.25,23.5462,30.6688,20.9374,2.1437,5587.55,22.0,calce_cs2,0.8544,-0.0018000000000000238,-0.00011999999999998679,8.668800000000001,1.4504000000000001
CS2_38,326,0.8509,0.8104,3.5158,4.2,2.7577,0.4126,-0.54,0.0,-0.56,0.25,23.6155,30.7514,21.0319,2.0376,5565.68,22.0,calce_cs2,0.8526,-0.0017000000000000348,-0.000980000000000003,8.7514,1.4423000000000004
CS2_38,327,0.8503,0.8098,3.5146,4.2,2.7515,0.4127,-0.5459,0.0,-0.56,0.25,23.4404,30.4383,21.0749,2.142,5550.53,22.0,calce_cs2,0.8509,-0.0006000000000000449,-0.0001400000000000068,8.438300000000002,1.4485000000000001
CS2_38,328,0.8469,0.8065,3.506,4.2,2.76,0.4128,-0.5551,0.0,-0.56,0.25,23.5459,30.7735,20.9521,2.1005,5559.02,22.0,calce_cs2,0.8503,-0.0033999999999999586,-0.0030200000000000005,8.773499999999999,1.4400000000000004
CS2_38,329,0.8568,0.816,3.5295,4.2,2.7381,0.4129,-0.5438,0.0,-0.56,0.25,23.6543,30.8114,21.0869,2.0519,5611.6,22.0,calce_cs2,0.8469,0.00990000000000002,0.00047999999999999156,8.811399999999999,1.4619
CS2_38,330,0.8498,0.8093,3.5156,4.2,2.7498,0.413,-0.551,0.0,-0.56,0.25,23.3452,30.7266,20.9801,2.1217,5549.18,22.0,calce_cs2,0.8568,-0.007000000000000006,-0.0005600000000000049,8.726600000000001,1.4502000000000002
CS2_38,331,0.8446,0.8044,3.5202,4.2,2.7516,0.4131,-0.5519,0.0,-0.56,0.25,23.4715,30.7696,20.8984,2.1271,5539.48,22.0,calce_cs2,0.8498,-0.005199999999999982,-0.0012599999999999944,8.7696,1.4484000000000004
CS2_38,332,0.8488,0.8083,3.5254,4.2,2.7536,0.4132,-0.5567,0.0,-0.56,0.25,23.5401,30.8604,21.1207,2.1528,5553.19,22.0,calce_cs2,0.8446,0.0041999999999999815,-0.0002999999999999892,8.860399999999998,1.4464000000000001
CS2_38,333,0.8502,0.8097,3.5201,4.2,2.7455,0.4133,-0.5419,0.0,-0.56,0.25,23.6633,31.167,20.9242,2.1147,5562.46,22.0,calce_cs2,0.8488,0.0013999999999999568,0.0006599999999999939,9.167000000000002,1.4545000000000003
CS2_38,334,0.845,0.8048,3.5235,4.2,2.7525,0.4134,-0.5535,0.0,-0.56,0.25,23.7306,30.6347,21.0344,2.0935,5550.44,22.0,calce_cs2,0.8502,-0.005199999999999982,-0.0023600000000000066,8.634699999999999,1.4475000000000002
CS2_38,335,0.8453,0.805,3.5137,4.2,2.7453,0.4135,-0.5555,0.0,-0.56,0.25,23.2621,30.7677,20.9432,2.0696,5558.86,22.0,calce_cs2,0.845,0.000300000000000078,-0.0008999999999999897,8.767700000000001,1.4547000000000003
CS2_38,336,0.8479,0.8075,3.5058,4.2,2.7487,0.4136,-0.5452,0.0,-0.56,0.25,23.6127,30.7415,21.0881,2.0897,5545.37,22.0,calce_cs2,0.8453,0.0025999999999999357,0.0006599999999999939,8.741499999999998,1.4513000000000003
CS2_38,337,0.8447,0.8045,3.516,4.2,2.7459,0.4137,-0.5467,0.0,-0.56,0.25,23.6997,30.9628,20.903,2.0618,5514.54,22.0,calce_cs2,0.8479,-0.0031999999999999806,-0.0008199999999999985,8.962800000000001,1.4541000000000004
CS2_38,338,0.8435,0.8033,3.5008,4.2,2.7452,0.4138,-0.5511,0.0,-0.56,0.25,23.5692,30.9438,20.9499,2.1241,5507.21,22.0,calce_cs2,0.8447,-0.0011999999999999789,-0.0013399999999999857,8.9438,1.4548
CS2_38,339,0.8438,0.8036,3.5223,4.2,2.7489,0.4139,-0.5556,0.0,-0.56,0.25,23.7359,30.9996,21.0244,2.0821,5515.43,22.0,calce_cs2,0.8435,0.00029999999999996696,-0.00023999999999999578,8.999600000000001,1.4511000000000003
CS2_38,340,0.8424,0.8023,3.505,4.2,2.7546,0.414,-0.5474,0.0,-0.56,0.25,23.6363,30.7063,21.0292,2.0679,5512.5,22.0,calce_cs2,0.8438,-0.0013999999999999568,-0.0005800000000000027,8.706299999999999,1.4454000000000002
CS2_38,341,0.8383,0.7984,3.5066,4.2,2.7569,0.4141,-0.5468,0.0,-0.56,0.25,23.4716,30.9351,20.8244,2.0942,5481.14,22.0,calce_cs2,0.8424,-0.0040999999999999925,-0.0019199999999999883,8.935099999999998,1.4431000000000003
CS2_38,342,0.8384,0.7985,3.514,4.2,2.7493,0.4142,-0.5536,0.0,-0.56,0.25,23.6179,30.8902,20.8903,2.0979,5513.96,22.0,calce_cs2,0.8383,9.999999999998899e-05,-0.0012599999999999944,8.8902,1.4507000000000003
CS2_38,343,0.8378,0.7979,3.511,4.2,2.7483,0.4143,-0.5519,0.0,-0.56,0.25,23.5055,30.8876,20.8831,2.0929,5482.07,22.0,calce_cs2,0.8384,-0.0006000000000000449,-0.0011400000000000078,8.887599999999999,1.4517000000000002
CS2_38,344,0.8411,0.8011,3.5187,4.2,2.7479,0.4144,-0.5452,0.0,-0.56,0.25,23.7158,31.0947,20.9624,2.1438,5542.05,22.0,calce_cs2,0.8378,0.0032999999999999696,-0.0005400000000000072,9.0947,1.4521000000000002
CS2_38,345,0.8435,0.8033,3.5163,4.2,2.7445,0.4145,-0.5531,0.0,-0.56,0.25,23.545,31.0933,21.0748,2.1561,5516.1,22.0,calce_cs2,0.8411,0.0024000000000000687,0.00021999999999999797,9.0933,1.4555000000000002
CS2_38,346,0.8376,0.7977,3.5212,4.2,2.7574,0.4146,-0.5525,0.0,-0.56,0.25,23.3737,30.7598,21.0409,2.1052,5492.3,22.0,calce_cs2,0.8435,-0.005900000000000016,-0.0001400000000000068,8.759799999999998,1.4426
CS2_38,347,0.8403,0.8003,3.5139,4.2,2.7533,0.4147,-0.5546,0.0,-0.56,0.25,23.4267,31.0767,20.9666,2.0604,5491.09,22.0,calce_cs2,0.8376,0.0027000000000000357,0.00038000000000000257,9.076699999999999,1.4467000000000003
CS2_38,348,0.8372,0.7973,3.5198,4.2,2.7497,0.4148,-0.5419,0.0,-0.56,0.25,23.5392,31.0541,21.0273,2.1021,5492.16,22.0,calce_cs2,0.8403,-0.0030999999999999917,-0.00011999999999998679,9.054099999999998,1.4503000000000004
CS2_38,349,0.8353,0.7955,3.5164,4.2,2.7494,0.4149,-0.5529,0.0,-0.56,0.25,23.654,30.6058,20.9786,2.1593,5472.51,22.0,calce_cs2,0.8372,-0.0019000000000000128,-0.0011599999999999833,8.605799999999999,1.4506000000000001
CS2_38,350,0.8384,0.7985,3.5055,4.2,2.7565,0.415,-0.5426,0.0,-0.56,0.25,23.6886,30.8673,20.995,2.0004,5511.4,22.0,calce_cs2,0.8353,0.0030999999999999917,-0.0010199999999999988,8.8673,1.4435000000000002
CS2_38,351,0.8376,0.7977,3.4976,4.2,2.755,0.4151,-0.556,0.0,-0.56,0.25,23.3902,30.7785,20.9754,2.1443,5480.15,22.0,calce_cs2,0.8384,-0.0008000000000000229,0.0,8.778500000000001,1.4450000000000003
CS2_38,352,0.8392,0.7992,3.5147,4.2,2.7522,0.4152,-0.547,0.0,-0.56,0.25,23.4988,30.7364,21.0,2.0685,5501.51,22.0,calce_cs2,0.8376,0.0015999999999999348,-0.00022000000000002017,8.7364,1.4478
CS2_38,353,0.8366,0.7968,3.5128,4.2,2.7401,0.4153,-0.5506,0.0,-0.56,0.25,23.6089,31.2326,21.0148,2.0525,5473.2,22.0,calce_cs2,0.8392,-0.0025999999999999357,-0.00012000000000000899,9.232600000000001,1.4599000000000002
CS2_38,354,0.8349,0.7951,3.5064,4.2,2.7402,0.4154,-0.5496,0.0,-0.56,0.25,23.6114,30.6935,20.8624,2.1805,5470.49,22.0,calce_cs2,0.8366,-0.0017000000000000348,-8.00000000000134e-05,8.6935,1.4598
CS2_38,355,0.8353,0.7955,3.5072,4.2,2.7431,0.4155,-0.5516,0.0,-0.56,0.25,23.6387,30.5557,21.0779,2.0764,5466.82,22.0,calce_cs2,0.8349,0.00040000000000006697,-0.0006199999999999984,8.555700000000002,1.4569
CS2_38,356,0.836,0.7962,3.5088,4.2,2.7423,0.4156,-0.5523,0.0,-0.56,0.25,23.4997,30.8056,20.9786,2.0608,5466.2,22.0,calce_cs2,0.8353,0.0006999999999999229,-0.0003200000000000092,8.805599999999998,1.4577
CS2_38,357,0.8368,0.797,3.5001,4.2,2.7479,0.4157,-0.5457,0.0,-0.56,0.25,23.6109,30.9631,21.0876,2.0833,5482.68,22.0,calce_cs2,0.836,0.0008000000000000229,-0.00047999999999999156,8.9631,1.4521000000000002
CS2_38,358,0.8324,0.7928,3.5104,4.2,2.7521,0.4158,-0.5515,0.0,-0.56,0.25,23.8206,31.0339,20.8709,2.1177,5468.58,22.0,calce_cs2,0.8368,-0.0043999999999999595,-0.0008399999999999963,9.0339,1.4479000000000002
CS2_38,359,0.8286,0.7892,3.4987,4.2,2.7405,0.4159,-0.543,0.0,-0.56,0.25,23.6305,30.9534,20.844,2.1022,5427.09,22.0,calce_cs2,0.8324,-0.0038000000000000256,-0.0012599999999999944,8.953399999999998,1.4595000000000002
CS2_38,360,0.8295,0.79,3.5169,4.2,2.7548,0.416,-0.5489,0.0,-0.56,0.25,23.5817,30.9587,21.1429,1.975,5460.76,22.0,calce_cs2,0.8286,0.0009000000000000119,-0.0011600000000000054,8.9587,1.4452000000000003
CS2_38,361,0.8316,0.792,3.5131,4.2,2.7514,0.4161,-0.5523,0.0,-0.56,0.25,23.7197,31.1667,20.8622,2.0389,5452.38,22.0,calce_cs2,0.8295,0.0020999999999999908,-0.0008799999999999919,9.166699999999999,1.4486000000000003
CS2_38,362,0.8363,0.7965,3.5042,4.2,2.7563,0.4162,-0.5507,0.0,-0.56,0.25,23.6469,31.1043,21.0943,2.1165,5483.32,22.0,calce_cs2,0.8316,0.0047000000000000375,-9.999999999998899e-05,9.104299999999999,1.4437000000000002
CS2_38,363,0.8299,0.7904,3.5094,4.2,2.7493,0.4163,-0.5444,0.0,-0.56,0.25,23.4628,31.0353,21.0203,2.1783,5427.75,22.0,calce_cs2,0.8363,-0.006400000000000072,-0.0005000000000000115,9.0353,1.4507000000000003
CS2_38,364,0.8326,0.7929,3.5018,4.2,2.7546,0.4164,-0.5533,0.0,-0.56,0.25,23.5744,31.092,20.9447,2.0729,5442.06,22.0,calce_cs2,0.8299,0.0027000000000000357,0.0008000000000000007,9.091999999999999,1.4454000000000002
CS2_38,365,0.8302,0.7907,3.5178,4.2,2.7442,0.4165,-0.547,0.0,-0.56,0.25,23.9547,30.9815,21.0188,2.0967,5451.83,22.0,calce_cs2,0.8326,-0.0023999999999999577,0.0001400000000000068,8.9815,1.4558
CS2_38,366,0.827,0.7876,3.4989,4.2,2.751,0.4166,-0.5469,0.0,-0.56,0.25,23.7914,31.1628,21.1107,2.0914,5412.98,22.0,calce_cs2,0.8302,-0.0032000000000000917,-0.0009200000000000097,9.1628,1.4490000000000003
CS2_38,367,0.83,0.7904,3.4968,4.2,2.7478,0.4167,-0.5542,0.0,-0.56,0.25,23.55,31.0278,21.0938,2.0884,5435.22,22.0,calce_cs2,0.827,0.0030000000000000027,-0.0012600000000000167,9.0278,1.4522000000000004
CS2_38,368,0.8256,0.7863,3.4996,4.2,2.744,0.4168,-0.5502,0.0,-0.56,0.25,23.7461,30.8178,21.0737,2.0549,5416.63,22.0,calce_cs2,0.83,-0.0043999999999999595,-0.0008599999999999941,8.817799999999998,1.456
CS2_38,369,0.8286,0.7891,3.4956,4.2,2.7568,0.4169,-0.5578,0.0,-0.56,0.25,23.9043,31.0825,20.9625,2.0965,5428.58,22.0,calce_cs2,0.8256,0.0030000000000000027,-0.0008000000000000007,9.0825,1.4432
CS2_38,370,0.8262,0.7868,3.5066,4.2,2.75,0.417,-0.5494,0.0,-0.56,0.25,23.7352,31.1018,21.1294,2.0573,5415.36,22.0,calce_cs2,0.8286,-0.0023999999999999577,-0.0008000000000000007,9.1018,1.4500000000000002
CS2_38,371,0.8262,0.7869,3.5035,4.2,2.7478,0.4171,-0.5495,0.0,-0.56,0.25,23.701,31.1266,20.9758,2.2227,5401.91,22.0,calce_cs2,0.8262,0.0,-0.00015999999999998237,9.1266,1.4522000000000004
CS2_38,372,0.8246,0.7853,3.4908,4.2,2.7589,0.4172,-0.5516,0.0,-0.56,0.25,23.7306,31.014,20.9288,2.2186,5423.76,22.0,calce_cs2,0.8262,-0.0016000000000000458,-0.001079999999999992,9.014,1.4411
CS2_38,373,0.8252,0.7859,3.5071,4.2,2.7427,0.4173,-0.5541,0.0,-0.56,0.25,23.6768,31.3456,20.9601,1.992,5406.69,22.0,calce_cs2,0.8246,0.0006000000000000449,-7.999999999999118e-05,9.345600000000001,1.4573
CS2_38,374,0.8231,0.7839,3.4978,4.2,2.7493,0.4174,-0.548,0.0,-0.56,0.25,23.695,30.953,21.057,2.0583,5386.22,22.0,calce_cs2,0.8252,-0.0020999999999999908,-0.0010999999999999899,8.953,1.4507000000000003
CS2_38,375,0.8258,0.7865,3.4895,4.2,2.745,0.4175,-0.5466,0.0,-0.56,0.25,23.5915,31.2781,21.1862,2.0702,5417.35,22.0,calce_cs2,0.8231,0.0026999999999999247,-8.00000000000134e-05,9.278099999999998,1.455
CS2_38,376,0.8203,0.7812,3.5024,4.2,2.7549,0.4176,-0.5427,0.0,-0.56,0.25,23.6582,31.1944,20.9525,2.0498,5349.33,22.0,calce_cs2,0.8258,-0.005499999999999949,-0.0011800000000000033,9.194400000000002,1.4451
CS2_38,377,0.8213,0.7822,3.4977,4.2,2.7428,0.4177,-0.5474,0.0,-0.56,0.25,23.6921,31.2787,21.0417,2.0561,5391.46,22.0,calce_cs2,0.8203,0.0010000000000000009,-0.0006599999999999939,9.2787,1.4572000000000003
CS2_38,378,0.8226,0.7834,3.5068,4.2,2.7442,0.4178,-0.553,0.0,-0.56,0.25,23.6831,31.1528,20.9299,2.0244,5400.76,22.0,calce_cs2,0.8213,0.0012999999999999678,-0.0005200000000000094,9.1528,1.4558
CS2_38,379,0.8232,0.784,3.4959,4.2,2.7439,0.4179,-0.5474,0.0,-0.56,0.25,23.7239,31.0987,21.0498,2.1819,5388.62,22.0,calce_cs2,0.8226,0.0006000000000000449,1.9999999999997796e-05,9.098700000000001,1.4561000000000002
CS2_38,380,0.818,0.779,3.495,4.2,2.7528,0.418,-0.5461,0.0,-0.56,0.25,23.8455,31.0253,20.9498,2.0346,5344.78,22.0,calce_cs2,0.8232,-0.0052000000000000934,-0.0015600000000000058,9.025300000000001,1.4472
CS2_38,381,0.8199,0.7808,3.4992,4.2,2.7376,0.4181,-0.551,0.0,-0.56,0.25,23.7281,31.2434,21.1445,2.0493,5371.81,22.0,calce_cs2,0.818,0.0019000000000000128,-8.00000000000134e-05,9.243400000000001,1.4624000000000001
CS2_38,382,0.8195,0.7805,3.498,4.2,2.7544,0.4182,-0.5498,0.0,-0.56,0.25,23.6236,30.957,21.0462,2.2054,5348.02,22.0,calce_cs2,0.8199,-0.00039999999999995595,-0.00036000000000000474,8.957,1.4456000000000002
CS2_38,383,0.8215,0.7824,3.4921,4.2,2.7439,0.4183,-0.5481,0.0,-0.56,0.25,23.5624,31.4529,21.029,2.1137,5377.31,22.0,calce_cs2,0.8195,0.0020000000000000018,-0.00021999999999999797,9.4529,1.4561000000000002
CS2_38,384,0.8208,0.7817,3.4892,4.2,2.7493,0.4184,-0.5529,0.0,-0.56,0.25,23.6351,31.0102,21.1698,2.1681,5358.24,22.0,calce_cs2,0.8215,-0.0007000000000000339,-0.00048000000000001373,9.010200000000001,1.4507000000000003
CS2_38,385,0.8175,0.7786,3.492,4.2,2.7476,0.4185,-0.552,0.0,-0.56,0.25,23.6451,31.1389,20.9459,2.1926,5356.91,22.0,calce_cs2,0.8208,-0.0032999999999999696,-9.999999999998899e-05,9.1389,1.4524000000000004
CS2_38,386,0.8191,0.7801,3.4894,4.2,2.7544,0.4186,-0.5456,0.0,-0.56,0.25,23.6597,30.9784,21.1027,2.1093,5351.11,22.0,calce_cs2,0.8175,0.0016000000000000458,-0.00015999999999998237,8.9784,1.4456000000000002
CS2_38,387,0.8164,0.7775,3.4945,4.2,2.7559,0.4187,-0.5425,0.0,-0.56,0.25,23.8314,31.1064,21.0959,2.0318,5333.72,22.0,calce_cs2,0.8191,-0.0027000000000000357,-0.0006199999999999984,9.1064,1.4441000000000002
CS2_38,388,0.8189,0.7799,3.5012,4.2,2.7539,0.4188,-0.5537,0.0,-0.56,0.25,23.6831,31.1937,20.9577,2.0992,5341.98,22.0,calce_cs2,0.8164,0.0024999999999999467,-0.0005200000000000094,9.1937,1.4461000000000004
CS2_38,389,0.813,0.7743,3.4866,4.2,2.7498,0.4189,-0.5477,0.0,-0.56,0.25,23.5538,31.4593,21.0911,2.1228,5340.62,22.0,calce_cs2,0.8189,-0.005900000000000016,-0.0015600000000000058,9.459299999999999,1.4502000000000002
CS2_38,390,0.8195,0.7805,3.5005,4.2,2.7487,0.419,-0.5536,0.0,-0.56,0.25,23.7227,31.7911,21.0342,2.1125,5344.56,22.0,calce_cs2,0.813,0.006500000000000061,0.00040000000000000034,9.7911,1.4513000000000003
CS2_38,391,0.8143,0.7756,3.4923,4.2,2.7542,0.4191,-0.5408,0.0,-0.56,0.25,23.7969,31.0236,21.0264,2.1016,5336.73,22.0,calce_cs2,0.8195,-0.005199999999999982,-0.0009600000000000053,9.023599999999998,1.4458000000000002
CS2_38,392,0.8136,0.7749,3.4968,4.2,2.7472,0.4192,-0.5497,0.0,-0.56,0.25,23.7573,31.0049,21.0705,2.101,5317.8,22.0,calce_cs2,0.8143,-0.0007000000000000339,-0.0005600000000000049,9.0049,1.4528000000000003
CS2_38,393,0.8104,0.7718,3.4932,4.2,2.7417,0.4193,-0.5481,0.0,-0.56,0.25,23.9602,31.111,21.1024,2.1064,5332.02,22.0,calce_cs2,0.8136,-0.0031999999999999806,-0.0016999999999999904,9.111,1.4583000000000004
CS2_38,394,0.8115,0.7729,3.4936,4.2,2.7409,0.4194,-0.547,0.0,-0.56,0.25,23.8847,31.3942,21.0499,2.1106,5344.36,22.0,calce_cs2,0.8104,0.0010999999999999899,-0.0002999999999999892,9.394200000000001,1.4591000000000003
CS2_38,395,0.8082,0.7697,3.5014,4.2,2.7497,0.4195,-0.5479,0.0,-0.56,0.25,23.6335,31.2393,21.0204,2.0847,5284.0,22.0,calce_cs2,0.8115,-0.0032999999999999696,-0.0022599999999999955,9.2393,1.4503000000000004
CS2_38,396,0.8097,0.7711,3.4833,4.2,2.7555,0.4196,-0.5477,0.0,-0.56,0.25,23.8532,31.297,21.0,2.0947,5311.52,22.0,calce_cs2,0.8082,0.0014999999999999458,-0.0009200000000000097,9.297,1.4445000000000001
CS2_38,397,0.8121,0.7735,3.4959,4.2,2.7525,0.4197,-0.5636,0.0,-0.56,0.25,24.0782,31.2489,21.0502,2.1185,5313.89,22.0,calce_cs2,0.8097,0.0024000000000000687,-0.0002999999999999892,9.248899999999999,1.4475000000000002
CS2_38,398,0.8112,0.7726,3.4791,4.2,2.7438,0.4198,-0.5611,0.0,-0.56,0.25,23.9059,31.2399,20.878,1.9844,5305.16,22.0,calce_cs2,0.8121,-0.0009000000000000119,0.0001600000000000046,9.239899999999999,1.4562000000000004
CS2_38,399,0.8082,0.7697,3.49,4.2,2.7507,0.4199,-0.5535,0.0,-0.56,0.25,23.7874,31.3061,20.9507,2.0659,5281.14,22.0,calce_cs2,0.8112,-0.0030000000000000027,-0.0006599999999999939,9.3061,1.4493
CS2_38,400,0.8131,0.7744,3.49,4.2,2.7492,0.42,-0.5498,0.0,-0.56,0.25,23.8276,31.1751,21.0684,2.1845,5313.7,22.0,calce_cs2,0.8082,0.0049000000000000155,0.000980000000000003,9.1751,1.4508
CS2_38,401,0.807,0.7686,3.4988,4.2,2.7531,0.4201,-0.5509,0.0,-0.56,0.25,23.8244,31.1443,21.1106,2.1592,5282.44,22.0,calce_cs2,0.8131,-0.006099999999999994,-0.0005399999999999849,9.144300000000001,1.4469000000000003
CS2_38,402,0.8091,0.7705,3.5029,4.2,2.7493,0.4202,-0.5596,0.0,-0.56,0.25,23.843,31.1589,21.1275,2.1425,5310.5,22.0,calce_cs2,0.807,0.0020999999999999908,-0.0006000000000000005,9.1589,1.4507000000000003
CS2_38,403,0.809,0.7704,3.5005,4.2,2.7517,0.4203,-0.545,0.0,-0.56,0.25,23.9666,31.5068,20.9941,2.0959,5310.06,22.0,calce_cs2,0.8091,-9.999999999998899e-05,-0.00043999999999999595,9.506799999999998,1.4483000000000001
CS2_38,404,0.81,0.7715,3.4901,4.2,2.7387,0.4204,-0.554,0.0,-0.56,0.25,23.9476,31.1097,20.9253,2.034,5277.16,22.0,calce_cs2,0.809,0.0010000000000000009,0.00036000000000000474,9.1097,1.4613
CS2_38,405,0.8068,0.7683,3.489,4.2,2.7482,0.4205,-0.549,0.0,-0.56,0.25,23.8813,31.2692,20.9881,2.0237,5272.85,22.0,calce_cs2,0.81,-0.0032000000000000917,-0.0012600000000000167,9.269200000000001,1.4518
CS2_38,406,0.8082,0.7697,3.4771,4.2,2.7553,0.4206,-0.5521,0.0,-0.56,0.25,23.8834,31.3748,20.9984,2.0888,5285.37,22.0,calce_cs2,0.8068,0.0014000000000000679,0.00023999999999999578,9.3748,1.4447
CS2_38,407,0.8037,0.7654,3.5002,4.2,2.7469,0.4207,-0.5481,0.0,-0.56,0.25,24.0133,31.2692,21.1512,2.1042,5224.1,22.0,calce_cs2,0.8082,-0.0045000000000000595,-0.0010800000000000143,9.269200000000001,1.4531
CS2_38,408,0.8034,0.7651,3.4862,4.2,2.753,0.4208,-0.5499,0.0,-0.56,0.25,23.6973,31.2941,20.9648,2.1114,5248.74,22.0,calce_cs2,0.8037,-0.00029999999999996696,-0.0011200000000000099,9.2941,1.447
CS2_38,409,0.8009,0.7628,3.4892,4.2,2.7542,0.4209,-0.5466,0.0,-0.56,0.25,23.7332,31.254,21.098,1.9465,5232.75,22.0,calce_cs2,0.8034,-0.0025000000000000577,-0.0018200000000000217,9.254000000000001,1.4458000000000002
CS2_38,410,0.8016,0.7634,3.4926,4.2,2.7452,0.421,-0.5496,0.0,-0.56,0.25,23.8409,31.2281,20.9735,2.1324,5265.9,22.0,calce_cs2,0.8009,0.0007000000000000339,-0.0010399999999999964,9.228100000000001,1.4548
CS2_38,411,0.7965,0.7586,3.4896,4.2,2.7405,0.4211,-0.5536,0.0,-0.56,0.25,23.8369,31.2276,21.0042,2.1012,5228.55,22.0,calce_cs2,0.8016,-0.005099999999999993,-0.0023400000000000087,9.227599999999999,1.4595000000000002
CS2_38,412,0.7977,0.7597,3.4792,4.2,2.7564,0.4212,-0.5448,0.0,-0.56,0.25,23.7483,31.4023,21.0781,2.1318,5213.22,22.0,calce_cs2,0.7965,0.0011999999999999789,-0.001200000000000001,9.4023,1.4436
CS2_38,413,0.797,0.7591,3.4887,4.2,2.746,0.4213,-0.5553,0.0,-0.56,0.25,23.8123,31.3692,20.9475,2.1518,5210.87,22.0,calce_cs2,0.7977,-0.0006999999999999229,-0.0012799999999999923,9.3692,1.4540000000000002
CS2_38,414,0.7945,0.7567,3.4799,4.2,2.7496,0.4214,-0.5509,0.0,-0.56,0.25,23.6671,31.1195,21.0373,2.101,5186.76,22.0,calce_cs2,0.797,-0.0025000000000000577,-0.0012799999999999923,9.119499999999999,1.4504000000000001
CS2_38,415,0.794,0.7562,3.482,4.2,2.7519,0.4215,-0.5596,0.0,-0.56,0.25,24.0401,31.3653,21.1099,2.0184,5172.32,22.0,calce_cs2,0.7945,-0.0004999999999999449,-0.001519999999999988,9.365300000000001,1.4481000000000002
CS2_38,416,0.7975,0.7595,3.4798,4.2,2.7533,0.4216,-0.5498,0.0,-0.56,0.25,23.9847,31.1475,21.1597,2.2013,5210.45,22.0,calce_cs2,0.794,0.0034999999999999476,0.00020000000000000017,9.1475,1.4467000000000003
CS2_38,417,0.7901,0.7525,3.4901,4.2,2.7574,0.4217,-0.5519,0.0,-0.56,0.25,23.7459,31.4356,21.0908,2.1855,5174.99,22.0,calce_cs2,0.7975,-0.007399999999999962,-0.001519999999999988,9.4356,1.4426
CS2_38,418,0.7893,0.7517,3.4825,4.2,2.7482,0.4218,-0.5447,0.0,-0.56,0.25,23.9342,31.1168,20.8524,2.1476,5164.78,22.0,calce_cs2,0.7901,-0.0008000000000000229,-0.001540000000000008,9.116800000000001,1.4518
CS2_38,419,0.7909,0.7532,3.4893,4.2,2.7555,0.4219,-0.5536,0.0,-0.56,0.25,24.0667,31.2816,21.0665,2.1008,5165.03,22.0,calce_cs2,0.7893,0.0016000000000000458,-0.0007199999999999874,9.281600000000001,1.4445000000000001
CS2_38,420,0.7868,0.7493,3.4884,4.2,2.7593,0.422,-0.5474,0.0,-0.56,0.25,23.995,31.3115,20.8206,2.1578,5167.37,22.0,calce_cs2,0.7909,-0.0040999999999999925,-0.0014399999999999968,9.311499999999999,1.4407
CS2_38,421,0.7833,0.746,3.4789,4.2,2.7503,0.4221,-0.5438,0.0,-0.56,0.25,23.9737,31.2243,21.0408,2.1316,5140.84,22.0,calce_cs2,0.7868,-0.0035000000000000586,-0.002839999999999998,9.2243,1.4497
CS2_38,422,0.7794,0.7423,3.4763,4.2,2.7552,0.4222,-0.5467,0.0,-0.56,0.25,23.9937,31.6817,20.8166,2.0732,5119.54,22.0,calce_cs2,0.7833,-0.0039000000000000146,-0.0021400000000000086,9.6817,1.4448000000000003
CS2_38,423,0.783,0.7457,3.476,4.2,2.7464,0.4223,-0.55,0.0,-0.56,0.25,23.9188,31.4158,21.0933,2.119,5117.12,22.0,calce_cs2,0.7794,0.0036000000000000476,-0.0012599999999999944,9.4158,1.4536000000000002
CS2_38,424,0.7789,0.7419,3.4905,4.2,2.7529,0.4224,-0.5509,0.0,-0.56,0.25,23.763,31.3868,21.0173,2.1021,5091.46,22.0,calce_cs2,0.783,-0.0040999999999999925,-0.002400000000000002,9.386800000000001,1.4471000000000003
CS2_38,425,0.7748,0.7379,3.4796,4.2,2.7485,0.4225,-0.5447,0.0,-0.56,0.25,23.7006,31.5028,21.1064,2.1871,5066.64,22.0,calce_cs2,0.7789,-0.0040999999999999925,-0.002400000000000002,9.5028,1.4515000000000002
CS2_38,426,0.777,0.74,3.4926,4.2,2.7523,0.4226,-0.5485,0.0,-0.56,0.25,23.8431,31.4548,21.057,2.0479,5113.91,22.0,calce_cs2,0.7748,0.0021999999999999797,-0.0012599999999999944,9.454799999999999,1.4477000000000002
CS2_38,427,0.7762,0.7392,3.4788,4.2,2.7399,0.4227,-0.5553,0.0,-0.56,0.25,23.7363,31.4819,21.0174,2.0692,5072.41,22.0,calce_cs2,0.777,-0.0008000000000000229,-0.0006399999999999961,9.4819,1.4601000000000002
CS2_38,428,0.7729,0.7361,3.4863,4.2,2.7486,0.4228,-0.5465,0.0,-0.56,0.25,23.8444,31.3733,20.9818,2.1139,5057.37,22.0,calce_cs2,0.7762,-0.0032999999999999696,-0.0020199999999999997,9.3733,1.4514
CS2_38,429,0.7732,0.7364,3.4837,4.2,2.7537,0.4229,-0.553,0.0,-0.56,0.25,23.9128,31.456,21.1227,2.0545,5065.65,22.0,calce_cs2,0.7729,0.00029999999999996696,-0.0011400000000000078,9.456,1.4463000000000004
CS2_38,430,0.7712,0.7344,3.4734,4.2,2.7581,0.423,-0.5457,0.0,-0.56,0.25,23.9549,31.5969,21.0118,2.0074,5023.88,22.0,calce_cs2,0.7732,-0.0020000000000000018,-0.0007200000000000095,9.596900000000002,1.4419
CS2_38,431,0.7616,0.7253,3.4679,4.2,2.7457,0.4231,-0.5469,0.0,-0.56,0.25,23.9404,31.4077,20.9788,2.0229,4990.48,22.0,calce_cs2,0.7712,-0.009599999999999942,-0.0030799999999999938,9.407699999999998,1.4543000000000004
CS2_38,432,0.7637,0.7273,3.4699,4.2,2.7421,0.4232,-0.5485,0.0,-0.56,0.25,23.9821,31.2553,20.9317,2.0086,5014.62,22.0,calce_cs2,0.7616,0.0020999999999999908,-0.002499999999999991,9.255299999999998,1.4579
CS2_38,433,0.7676,0.731,3.4837,4.2,2.7534,0.4233,-0.55,0.0,-0.56,0.25,24.0511,31.5848,21.0377,2.1775,5002.69,22.0,calce_cs2,0.7637,0.0038999999999999035,-0.0010600000000000164,9.584800000000001,1.4466
CS2_38,434,0.7602,0.724,3.4845,4.2,2.7577,0.4234,-0.5571,0.0,-0.56,0.25,24.1932,31.6614,20.9178,2.0413,4982.73,22.0,calce_cs2,0.7676,-0.007399999999999962,-0.0026000000000000025,9.6614,1.4423000000000004
CS2_38,435,0.7569,0.7209,3.4903,4.2,2.7563,0.4235,-0.5457,0.0,-0.56,0.25,23.8317,31.5275,21.0853,2.1009,4942.3,22.0,calce_cs2,0.7602,-0.0032999999999999696,-0.002859999999999996,9.5275,1.4437000000000002
CS2_38,436,0.758,0.7219,3.4762,4.2,2.7559,0.4236,-0.5511,0.0,-0.56,0.25,24.1425,31.4893,20.9318,2.0843,4968.36,22.0,calce_cs2,0.7569,0.0010999999999999899,-0.0007200000000000095,9.4893,1.4441000000000002
CS2_38,437,0.756,0.72,3.4751,4.2,2.7483,0.4237,-0.5533,0.0,-0.56,0.25,24.0296,31.6405,21.0627,2.0454,4950.25,22.0,calce_cs2,0.758,-0.0020000000000000018,-0.001540000000000008,9.6405,1.4517000000000002
CS2_38,438,0.7517,0.7159,3.4698,4.2,2.7515,0.4238,-0.5518,0.0,-0.56,0.25,24.0098,31.4785,20.9257,2.0839,4914.72,22.0,calce_cs2,0.756,-0.0042999999999999705,-0.0031799999999999828,9.4785,1.4485000000000001
CS2_38,439,0.7519,0.7161,3.4619,4.2,2.7477,0.4239,-0.5565,0.0,-0.56,0.25,24.0716,31.529,20.9196,2.1174,4905.64,22.0,calce_cs2,0.7517,0.00019999999999997797,-0.0016599999999999948,9.529,1.4523000000000001
CS2_38,440,0.7521,0.7163,3.4744,4.2,2.7539,0.424,-0.5536,0.0,-0.56,0.25,23.9288,31.2169,21.0157,2.0879,4939.34,22.0,calce_cs2,0.7519,0.00019999999999997797,-0.0009600000000000053,9.216899999999999,1.4461000000000004
CS2_38,441,0.75,0.7143,3.4765,4.2,2.7513,0.4241,-0.5457,0.0,-0.56,0.25,23.9048,31.4788,21.2597,2.1346,4926.41,22.0,calce_cs2,0.7521,-0.0020999999999999908,-0.0016000000000000014,9.4788,1.4487
CS2_38,442,0.7432,0.7078,3.4907,4.2,2.7572,0.4242,-0.5451,0.0,-0.56,0.25,23.8942,31.6559,20.9768,2.1161,4834.15,22.0,calce_cs2,0.75,-0.006800000000000028,-0.0025600000000000067,9.655899999999999,1.4428
CS2_38,443,0.7399,0.7046,3.4638,4.2,2.7429,0.4243,-0.5482,0.0,-0.56,0.25,23.7874,31.2972,21.0007,2.007,4858.1,22.0,calce_cs2,0.7432,-0.0032999999999999696,-0.0023600000000000066,9.2972,1.4571
CS2_38,444,0.7409,0.7056,3.4775,4.2,2.7612,0.4244,-0.5529,0.0,-0.56,0.25,23.883,31.3054,20.8776,2.0634,4839.5,22.0,calce_cs2,0.7399,0.0010000000000000009,-0.002200000000000002,9.305399999999999,1.4388
CS2_38,445,0.7381,0.7029,3.4665,4.2,2.7525,0.4245,-0.5478,0.0,-0.56,0.25,23.9469,31.5649,21.1326,2.0909,4822.33,22.0,calce_cs2,0.7409,-0.0028000000000000247,-0.0028000000000000026,9.564900000000002,1.4475000000000002
CS2_38,446,0.7364,0.7014,3.4648,4.2,2.7365,0.4246,-0.5549,0.0,-0.56,0.25,24.09,31.4492,20.9442,2.0719,4845.25,22.0,calce_cs2,0.7381,-0.0016999999999999238,-0.002719999999999989,9.449200000000001,1.4635000000000002
CS2_38,447,0.7338,0.6989,3.4695,4.2,2.7411,0.4247,-0.5404,0.0,-0.56,0.25,24.1266,31.5571,21.0086,2.1064,4806.22,22.0,calce_cs2,0.7364,-0.0026000000000000467,-0.0018799999999999928,9.557099999999998,1.4589000000000003
CS2_38,448,0.731,0.6962,3.4641,4.2,2.7482,0.4248,-0.5458,0.0,-0.56,0.25,24.0481,31.6279,20.8117,2.1527,4762.0,22.0,calce_cs2,0.7338,-0.0028000000000000247,-0.0017800000000000038,9.6279,1.4518
CS2_38,449,0.7301,0.6953,3.4666,4.2,2.7581,0.4249,-0.5445,0.0,-0.56,0.25,24.104,31.5712,20.9321,2.107,4785.39,22.0,calce_cs2,0.731,-0.0009000000000000119,-0.0021600000000000065,9.571200000000001,1.4419
CS2_38,450,0.7309,0.6961,3.4674,4.2,2.7518,0.425,-0.5504,0.0,-0.56,0.25,23.9674,31.6499,20.9117,2.0616,4791.39,22.0,calce_cs2,0.7301,0.0008000000000000229,-0.0014399999999999968,9.649899999999999,1.4482000000000004
CS2_38,451,0.7265,0.6919,3.4766,4.2,2.7467,0.4251,-0.5469,0.0,-0.56,0.25,23.9781,31.6136,21.0398,2.1015,4754.45,22.0,calce_cs2,0.7309,-0.0043999999999999595,-0.001980000000000004,9.613600000000002,1.4533
CS2_38,452,0.7249,0.6904,3.4784,4.2,2.7508,0.4252,-0.5541,0.0,-0.56,0.25,23.8768,31.5675,20.9977,2.0892,4727.14,22.0,calce_cs2,0.7265,-0.0016000000000000458,-0.0017800000000000038,9.567499999999999,1.4492000000000003
CS2_38,453,0.7181,0.6839,3.4752,4.2,2.7499,0.4253,-0.5515,0.0,-0.56,0.25,23.7912,31.4847,20.9785,2.127,4687.35,22.0,calce_cs2,0.7249,-0.006800000000000028,-0.0025800000000000046,9.4847,1.4501000000000004
CS2_38,454,0.7161,0.682,3.4812,4.2,2.7476,0.4254,-0.5491,0.0,-0.56,0.25,23.9593,31.6495,20.9661,2.1101,4694.53,22.0,calce_cs2,0.7181,-0.0020000000000000018,-0.0028000000000000026,9.6495,1.4524000000000004
CS2_38,455,0.7131,0.6792,3.471,4.2,2.7542,0.4255,-0.5517,0.0,-0.56,0.25,24.0075,31.6908,20.9443,2.0903,4669.12,22.0,calce_cs2,0.7161,-0.0030000000000000027,-0.0035600000000000076,9.6908,1.4458000000000002
CS2_38,456,0.7144,0.6804,3.4608,4.2,2.7586,0.4256,-0.5468,0.0,-0.56,0.25,24.0301,31.6455,20.9815,2.091,4673.97,22.0,calce_cs2,0.7131,0.0013000000000000789,-0.00242,9.645499999999998,1.4414000000000002
CS2_38,457,0.7137,0.6798,3.4681,4.2,2.7469,0.4257,-0.5528,0.0,-0.56,0.25,24.0601,31.7664,20.9489,2.1697,4681.5,22.0,calce_cs2,0.7144,-0.0007000000000000339,-0.0022399999999999976,9.7664,1.4531
CS2_38,458,0.7121,0.6782,3.4476,4.2,2.7595,0.4258,-0.5501,0.0,-0.56,0.25,23.9173,31.4393,20.995,2.0713,4659.91,22.0,calce_cs2,0.7137,-0.0016000000000000458,-0.001200000000000001,9.4393,1.4405000000000001
CS2_38,459,0.71,0.6762,3.465,4.2,2.7425,0.4259,-0.5438,0.0,-0.56,0.25,24.2624,31.6634,21.0553,2.0297,4644.34,22.0,calce_cs2,0.7121,-0.0020999999999999908,-0.0012199999999999989,9.6634,1.4575
CS2_38,460,0.7128,0.6788,3.4546,4.2,2.7517,0.426,-0.5544,0.0,-0.56,0.25,24.143,31.8098,20.9254,2.1153,4643.73,22.0,calce_cs2,0.71,0.0028000000000000247,-5.9999999999993395e-05,9.8098,1.4483000000000001
CS2_38,461,0.7006,0.6672,3.4725,4.2,2.7546,0.4261,-0.5567,0.0,-0.56,0.25,24.0686,31.381,21.0985,2.0897,4589.17,22.0,calce_cs2,0.7128,-0.012199999999999989,-0.002760000000000007,9.381,1.4454000000000002
CS2_38,462,0.7012,0.6678,3.458,4.2,2.7488,0.4262,-0.5474,0.0,-0.56,0.25,24.1808,31.55,20.9116,2.0707,4576.01,22.0,calce_cs2,0.7006,0.0006000000000000449,-0.002499999999999991,9.55,1.4512
CS2_38,463,0.6983,0.6651,3.4577,4.2,2.7456,0.4263,-0.5575,0.0,-0.56,0.25,24.3401,31.4701,20.9139,2.027,4564.49,22.0,calce_cs2,0.7012,-0.0029000000000000137,-0.0027599999999999847,9.470099999999999,1.4544000000000001
CS2_38,464,0.6932,0.6602,3.4602,4.2,2.7534,0.4264,-0.549,0.0,-0.56,0.25,24.0138,31.6894,20.9593,2.0571,4534.88,22.0,calce_cs2,0.6983,-0.005099999999999993,-0.0033599999999999854,9.6894,1.4466
CS2_38,465,0.695,0.662,3.4721,4.2,2.7404,0.4265,-0.5612,0.0,-0.56,0.25,24.1092,31.6153,20.9824,2.0797,4557.4,22.0,calce_cs2,0.6932,0.0017999999999999128,-0.0035600000000000076,9.615300000000001,1.4596
CS2_38,466,0.6918,0.6589,3.4579,4.2,2.7478,0.4266,-0.5517,0.0,-0.56,0.25,24.1767,31.5618,21.0428,2.1046,4512.94,22.0,calce_cs2,0.695,-0.0031999999999999806,-0.001760000000000006,9.561800000000002,1.4522000000000004
CS2_38,467,0.6915,0.6586,3.4623,4.2,2.7531,0.4267,-0.5536,0.0,-0.56,0.25,24.266,31.764,20.9233,2.1275,4537.34,22.0,calce_cs2,0.6918,-0.00029999999999996696,-0.0019400000000000083,9.764,1.4469000000000003
CS2_38,468,0.6899,0.6571,3.4505,4.2,2.7467,0.4268,-0.5511,0.0,-0.56,0.25,23.9799,31.7635,21.0815,2.0925,4534.4,22.0,calce_cs2,0.6915,-0.0016000000000000458,-0.0016800000000000148,9.7635,1.4533
CS2_38,469,0.685,0.6524,3.4662,4.2,2.7559,0.4269,-0.5444,0.0,-0.56,0.25,24.2065,31.7412,20.9356,2.156,4496.93,22.0,calce_cs2,0.6899,-0.004899999999999904,-0.001639999999999997,9.7412,1.4441000000000002
CS2_38,470,0.6798,0.6474,3.4568,4.2,2.7525,0.427,-0.55,0.0,-0.56,0.25,24.3663,31.533,20.9276,2.2265,4445.04,22.0,calce_cs2,0.685,-0.0052000000000000934,-0.0030399999999999984,9.533000000000001,1.4475000000000002
CS2_38,471,0.6794,0.6471,3.4603,4.2,2.7447,0.4271,-0.5469,0.0,-0.56,0.25,24.1842,31.6613,20.9143,2.1192,4422.02,22.0,calce_cs2,0.6798,-0.00039999999999995595,-0.0024799999999999935,9.6613,1.4553000000000003
CS2_38,472,0.6753,0.6432,3.4565,4.2,2.7587,0.4272,-0.5504,0.0,-0.56,0.25,23.9226,31.5605,21.073,2.021,4389.84,22.0,calce_cs2,0.6794,-0.0040999999999999925,-0.0032399999999999985,9.560500000000001,1.4413
CS2_38,473,0.6722,0.6402,3.4724,4.2,2.752,0.4273,-0.5486,0.0,-0.56,0.25,24.1724,31.4888,20.9204,2.081,4413.14,22.0,calce_cs2,0.6753,-0.0030999999999999917,-0.0035399999999999876,9.488800000000001,1.4480000000000004
CS2_38,474,0.6739,0.6418,3.4514,4.2,2.747,0.4274,-0.5488,0.0,-0.56,0.25,23.9776,31.8636,21.0062,2.0362,4406.51,22.0,calce_cs2,0.6722,0.0017000000000000348,-0.0022199999999999998,9.863600000000002,1.4530000000000003
CS2_38,475,0.6753,0.6431,3.4632,4.2,2.7471,0.4275,-0.5457,0.0,-0.56,0.25,24.0551,31.4591,21.0851,2.1474,4426.36,22.0,calce_cs2,0.6739,0.0013999999999999568,-0.0008999999999999897,9.4591,1.4529
CS2_38,476,0.6703,0.6384,3.4683,4.2,2.7537,0.4276,-0.5492,0.0,-0.56,0.25,24.2492,31.9315,20.9732,2.0925,4408.25,22.0,calce_cs2,0.6753,-0.0050000000000000044,-0.0018199999999999994,9.9315,1.4463000000000004
CS2_38,477,0.6659,0.6342,3.4543,4.2,2.7545,0.4277,-0.5408,0.0,-0.56,0.25,24.1089,31.8604,21.0773,2.0326,4367.62,22.0,calce_cs2,0.6703,-0.0043999999999999595,-0.0018799999999999928,9.860399999999998,1.4455
CS2_38,478,0.6616,0.6301,3.4456,4.2,2.7571,0.4278,-0.5523,0.0,-0.56,0.25,24.0078,31.9048,20.9548,2.095,4336.22,22.0,calce_cs2,0.6659,-0.0043000000000000815,-0.0021200000000000108,9.904800000000002,1.4429000000000003
CS2_38,479,0.6561,0.6248,3.464,4.2,2.7581,0.4279,-0.5495,0.0,-0.56,0.25,23.9665,31.7613,21.0621,2.1746,4319.32,22.0,calce_cs2,0.6616,-0.005499999999999949,-0.0035600000000000076,9.761299999999999,1.4419
CS2_38,480,0.6543,0.6231,3.463,4.2,2.7463,0.428,-0.5539,0.0,-0.56,0.25,24.1513,31.6276,21.0062,2.116,4284.44,22.0,calce_cs2,0.6561,-0.0018000000000000238,-0.004200000000000004,9.627600000000001,1.4537
CS2_38,481,0.6537,0.6226,3.4624,4.2,2.7547,0.4281,-0.5523,0.0,-0.56,0.25,24.4867,32.1211,21.0829,2.0224,4271.91,22.0,calce_cs2,0.6543,-0.0006000000000000449,-0.0033200000000000117,10.121099999999998,1.4453
CS2_38,482,0.6524,0.6214,3.4531,4.2,2.7463,0.4282,-0.5515,0.0,-0.56,0.25,24.3771,31.8392,21.1159,2.1188,4234.64,22.0,calce_cs2,0.6537,-0.0012999999999999678,-0.0027000000000000136,9.839200000000002,1.4537
CS2_38,483,0.6448,0.6141,3.4578,4.2,2.745,0.4283,-0.5503,0.0,-0.56,0.25,24.1509,31.8874,20.813,2.0487,4221.96,22.0,calce_cs2,0.6524,-0.00759999999999994,-0.0033599999999999854,9.8874,1.455
CS2_38,484,0.6523,0.6212,3.4506,4.2,2.7605,0.4284,-0.5506,0.0,-0.56,0.25,24.1349,31.7952,21.0577,2.0332,4295.92,22.0,calce_cs2,0.6448,0.007499999999999951,-0.0007600000000000051,9.795200000000001,1.4395000000000002
CS2_38,485,0.6509,0.6199,3.4554,4.2,2.7415,0.4285,-0.5575,0.0,-0.56,0.25,24.3318,31.9548,21.0196,2.149,4263.27,22.0,calce_cs2,0.6523,-0.0013999999999999568,-0.0006799999999999917,9.954799999999999,1.4585000000000004
CS2_38,486,0.6399,0.6094,3.445,4.2,2.7591,0.4286,-0.5571,0.0,-0.56,0.25,24.1412,32.1057,21.0699,2.0019,4193.9,22.0,calce_cs2,0.6509,-0.01100000000000001,-0.0027599999999999847,10.105699999999999,1.4409
CS2_38,487,0.6384,0.608,3.4562,4.2,2.7526,0.4287,-0.5499,0.0,-0.56,0.25,24.2888,32.0372,21.0736,2.0802,4178.09,22.0,calce_cs2,0.6399,-0.0015000000000000568,-0.0028000000000000026,10.037199999999999,1.4474
CS2_38,488,0.6351,0.6049,3.4571,4.2,2.7517,0.4288,-0.5477,0.0,-0.56,0.25,24.2391,32.0392,20.9101,2.0724,4149.8,22.0,calce_cs2,0.6384,-0.0032999999999999696,-0.0019400000000000083,10.039200000000001,1.4483000000000001
CS2_38,489,0.6326,0.6025,3.4496,4.2,2.7417,0.4289,-0.5543,0.0,-0.56,0.25,24.2151,32.0108,20.877,2.1616,4144.9,22.0,calce_cs2,0.6351,-0.0024999999999999467,-0.003939999999999988,10.010800000000003,1.4583000000000004
CS2_38,490,0.6279,0.598,3.4559,4.2,2.7552,0.429,-0.5446,0.0,-0.56,0.25,24.01,31.8791,20.7999,2.0951,4097.54,22.0,calce_cs2,0.6326,-0.0047000000000000375,-0.004600000000000004,9.879100000000001,1.4448000000000003
CS2_38,491,0.6241,0.5943,3.4527,4.2,2.7514,0.4291,-0.5582,0.0,-0.56,0.25,24.4094,31.9753,21.0311,2.1635,4064.45,22.0,calce_cs2,0.6279,-0.0038000000000000256,-0.0031600000000000074,9.9753,1.4486000000000003
CS2_38,492,0.6259,0.5961,3.4671,4.2,2.7529,0.4292,-0.5402,0.0,-0.56,0.25,24.24,31.6996,20.9749,2.0193,4100.18,22.0,calce_cs2,0.6241,0.0018000000000000238,-0.002499999999999991,9.6996,1.4471000000000003
CS2_38,493,0.6224,0.5928,3.455,4.2,2.746,0.4293,-0.5474,0.0,-0.56,0.25,24.3185,31.9718,20.9861,2.1649,4037.75,22.0,calce_cs2,0.6259,-0.0035000000000000586,-0.002540000000000009,9.971800000000002,1.4540000000000002
CS2_38,494,0.6158,0.5864,3.4457,4.2,2.7379,0.4294,-0.5507,0.0,-0.56,0.25,24.1739,31.888,21.0705,2.0229,4008.98,22.0,calce_cs2,0.6224,-0.006599999999999939,-0.0033600000000000075,9.888000000000002,1.4621000000000004
CS2_38,495,0.6151,0.5858,3.4498,4.2,2.7539,0.4295,-0.549,0.0,-0.56,0.25,24.2148,31.8544,21.0984,2.1697,4026.72,22.0,calce_cs2,0.6158,-0.0007000000000000339,-0.0025600000000000067,9.854399999999998,1.4461000000000004
CS2_38,496,0.6125,0.5833,3.4491,4.2,2.7418,0.4296,-0.5515,0.0,-0.56,0.25,24.2672,31.9732,21.0054,2.0127,3983.9,22.0,calce_cs2,0.6151,-0.0025999999999999357,-0.0023199999999999887,9.973199999999999,1.4582000000000002
CS2_38,497,0.6084,0.5794,3.4511,4.2,2.7506,0.4297,-0.5396,0.0,-0.56,0.25,24.3127,31.9365,20.9232,2.1213,3986.02,22.0,calce_cs2,0.6125,-0.0040999999999999925,-0.003499999999999992,9.936499999999999,1.4494000000000002
CS2_38,498,0.6058,0.5769,3.4559,4.2,2.759,0.4298,-0.5495,0.0,-0.56,0.25,24.2158,32.0051,20.9961,2.0453,3969.18,22.0,calce_cs2,0.6084,-0.0026000000000000467,-0.0033199999999999896,10.005099999999999,1.4410000000000003
CS2_38,499,0.6028,0.5741,3.4559,4.2,2.749,0.4299,-0.5508,0.0,-0.56,0.25,24.1074,32.0127,21.0508,2.0576,3931.57,22.0,calce_cs2,0.6058,-0.0030000000000000027,-0.0026000000000000025,10.012700000000002,1.451
CS2_38,500,0.6029,0.5742,3.4536,4.2,2.7541,0.43,-0.5444,0.0,-0.56,0.25,24.3311,32.0331,20.8851,1.9464,3926.46,22.0,calce_cs2,0.6028,9.999999999998899e-05,-0.0024399999999999977,10.033099999999997,1.4459
CS2_38,501,0.6032,0.5745,3.4388,4.2,2.7538,0.4301,-0.5541,0.0,-0.56,0.25,24.3439,32.2682,21.0304,2.1214,3933.6,22.0,calce_cs2,0.6029,0.00029999999999996696,-0.0018600000000000172,10.2682,1.4462000000000002
CS2_38,502,0.6002,0.5716,3.4538,4.2,2.75,0.4302,-0.5525,0.0,-0.56,0.25,24.3315,31.8326,21.1191,2.0846,3923.54,22.0,calce_cs2,0.6032,-0.0030000000000000027,-0.0016400000000000193,9.8326,1.4500000000000002
CS2_38,503,0.591,0.5628,3.4481,4.2,2.7558,0.4303,-0.5568,0.0,-0.56,0.25,24.3749,31.7475,20.8504,2.1821,3863.76,22.0,calce_cs2,0.6002,-0.009199999999999986,-0.002960000000000007,9.747499999999999,1.4442000000000004
CS2_38,504,0.5905,0.5624,3.446,4.2,2.7497,0.4304,-0.544,0.0,-0.56,0.25,24.4681,31.9674,20.9595,2.0585,3846.0,22.0,calce_cs2,0.591,-0.0004999999999999449,-0.0024599999999999956,9.967400000000001,1.4503000000000004
CS2_38,505,0.5847,0.5569,3.4537,4.2,2.7493,0.4305,-0.5561,0.0,-0.56,0.25,24.2777,32.1243,20.9424,2.1789,3833.95,22.0,calce_cs2,0.5905,-0.005800000000000027,-0.0036399999999999987,10.124299999999998,1.4507000000000003
CS2_38,506,0.5827,0.5549,3.4478,4.2,2.758,0.4306,-0.5561,0.0,-0.56,0.25,24.3765,32.0909,21.0062,2.105,3788.28,22.0,calce_cs2,0.5847,-0.0020000000000000018,-0.0040999999999999925,10.090899999999998,1.4420000000000002
CS2_38,507,0.5824,0.5547,3.4455,4.2,2.7424,0.4307,-0.5522,0.0,-0.56,0.25,24.1227,31.8132,20.9323,2.0568,3790.5,22.0,calce_cs2,0.5827,-0.00029999999999996696,-0.0035599999999999855,9.813199999999998,1.4576000000000002
CS2_38,508,0.5777,0.5502,3.4547,4.2,2.7477,0.4308,-0.5544,0.0,-0.56,0.25,24.268,32.024,21.1071,2.1084,3762.95,22.0,calce_cs2,0.5824,-0.0047000000000000375,-0.0026599999999999957,10.024000000000001,1.4523000000000001
CS2_38,509,0.5721,0.5448,3.4544,4.2,2.7521,0.4309,-0.5462,0.0,-0.56,0.25,24.4717,32.0741,21.0212,2.0266,3721.34,22.0,calce_cs2,0.5777,-0.005599999999999938,-0.0036799999999999945,10.074100000000001,1.4479000000000002
CS2_38,510,0.5747,0.5474,3.4341,4.2,2.7461,0.431,-0.5573,0.0,-0.56,0.25,24.3835,31.9629,20.9026,2.1164,3745.37,22.0,calce_cs2,0.5721,0.0025999999999999357,-0.0020000000000000018,9.962900000000001,1.4539
CS2_38,511,0.5686,0.5416,3.4522,4.2,2.7486,0.4311,-0.5486,0.0,-0.56,0.25,24.2658,32.3696,20.9159,2.0843,3711.66,22.0,calce_cs2,0.5747,-0.006099999999999994,-0.0028200000000000005,10.369599999999998,1.4514
CS2_38,512,0.5648,0.5379,3.4343,4.2,2.7535,0.4312,-0.5624,0.0,-0.56,0.25,24.3997,31.9366,20.9773,2.0285,3677.52,22.0,calce_cs2,0.5686,-0.0038000000000000256,-0.003520000000000012,9.936599999999999,1.4465000000000003
CS2_38,513,0.5652,0.5383,3.4556,4.2,2.7567,0.4313,-0.5468,0.0,-0.56,0.25,24.2105,32.174,20.9334,2.0749,3712.48,22.0,calce_cs2,0.5648,0.00040000000000006697,-0.002499999999999991,10.174,1.4433000000000002
CS2_38,514,0.5605,0.5338,3.4325,4.2,2.7444,0.4314,-0.5484,0.0,-0.56,0.25,24.5069,32.3424,21.1637,2.0794,3675.66,22.0,calce_cs2,0.5652,-0.0047000000000000375,-0.002320000000000011,10.342399999999998,1.4556
CS2_38,515,0.5587,0.5321,3.4366,4.2,2.7497,0.4315,-0.5486,0.0,-0.56,0.25,24.4596,32.0783,20.9427,2.1401,3661.15,22.0,calce_cs2,0.5605,-0.0018000000000000238,-0.0032000000000000028,10.078299999999999,1.4503000000000004
CS2_38,516,0.5565,0.53,3.4417,4.2,2.7491,0.4316,-0.5469,0.0,-0.56,0.25,24.3561,32.0014,20.9131,2.0795,3657.49,22.0,calce_cs2,0.5587,-0.0021999999999999797,-0.00242,10.001399999999997,1.4509000000000003
CS2_38,517,0.553,0.5267,3.4443,4.2,2.7506,0.4317,-0.5526,0.0,-0.56,0.25,24.4012,32.0365,20.97,2.1768,3629.62,22.0,calce_cs2,0.5565,-0.0034999999999999476,-0.0023599999999999845,10.036499999999997,1.4494000000000002
CS2_38,518,0.5547,0.5283,3.4337,4.2,2.7561,0.4318,-0.5468,0.0,-0.56,0.25,24.4534,32.4152,20.8895,2.1243,3630.68,22.0,calce_cs2,0.553,0.0016999999999999238,-0.002100000000000013,10.415199999999999,1.4439000000000002
CS2_38,519,0.5541,0.5277,3.4471,4.2,2.7553,0.4319,-0.5395,0.0,-0.56,0.25,24.4104,32.2297,21.0749,2.1199,3610.3,22.0,calce_cs2,0.5547,-0.0005999999999999339,-0.0012799999999999923,10.229700000000001,1.4447
CS2_38,520,0.541,0.5152,3.4386,4.2,2.7448,0.432,-0.5522,0.0,-0.56,0.25,24.2747,32.2596,21.0391,2.0785,3527.31,22.0,calce_cs2,0.5541,-0.0131,-0.0035399999999999876,10.259599999999999,1.4552
CS2_38,521,0.552,0.5257,3.4407,4.2,2.7466,0.4321,-0.5539,0.0,-0.56,0.25,24.402,32.4158,21.037,2.1505,3613.03,22.0,calce_cs2,0.541,0.01100000000000001,-0.0008999999999999897,10.415799999999997,1.4534000000000002
CS2_38,522,0.5375,0.5119,3.4437,4.2,2.745,0.4322,-0.556,0.0,-0.56,0.25,24.5921,32.0352,21.0067,2.1281,3519.62,22.0,calce_cs2,0.552,-0.014500000000000068,-0.0031000000000000138,10.035200000000003,1.455
CS2_38,523,0.5312,0.5059,3.4416,4.2,2.7385,0.4323,-0.55,0.0,-0.56,0.25,24.4051,32.0143,21.0133,2.0429,3474.26,22.0,calce_cs2,0.5375,-0.006299999999999972,-0.004699999999999993,10.014299999999999,1.4615
CS2_38,524,0.5304,0.5051,3.4356,4.2,2.7439,0.4324,-0.5435,0.0,-0.56,0.25,24.4098,32.3398,20.9895,2.111,3477.26,22.0,calce_cs2,0.5312,-0.0008000000000000229,-0.004740000000000011,10.339799999999997,1.4561000000000002
CS2_38,525,0.5265,0.5014,3.4344,4.2,2.7524,0.4325,-0.555,0.0,-0.56,0.25,24.4628,32.2642,21.0491,2.1454,3439.73,22.0,calce_cs2,0.5304,-0.0039000000000000146,-0.0029000000000000137,10.264200000000002,1.4476
CS2_38,526,0.5278,0.5026,3.4497,4.2,2.7481,0.4326,-0.5591,0.0,-0.56,0.25,24.367,32.1273,21.0115,2.0856,3458.32,22.0,calce_cs2,0.5265,0.0013000000000000789,-0.00484,10.127299999999998,1.4519000000000002
CS2_38,527,0.5242,0.4992,3.4455,4.2,2.7516,0.4327,-0.5501,0.0,-0.56,0.25,24.4791,32.1453,21.0456,2.1099,3417.87,22.0,calce_cs2,0.5278,-0.0036000000000000476,-0.0026599999999999957,10.145299999999999,1.4484000000000004
CS2_38,528,0.5172,0.4926,3.4392,4.2,2.7497,0.4328,-0.5537,0.0,-0.56,0.25,24.1457,32.0233,21.0972,2.1081,3411.19,22.0,calce_cs2,0.5242,-0.007000000000000006,-0.0028000000000000026,10.023299999999999,1.4503000000000004
CS2_38,529,0.5178,0.4932,3.4418,4.2,2.7415,0.4329,-0.5612,0.0,-0.56,0.25,24.6037,32.1269,21.065,2.1184,3388.95,22.0,calce_cs2,0.5172,0.0006000000000000449,-0.002519999999999989,10.1269,1.4585000000000004
CS2_38,530,0.5118,0.4874,3.4385,4.2,2.7468,0.433,-0.5469,0.0,-0.56,0.25,24.1167,32.1275,21.02,2.1503,3342.19,22.0,calce_cs2,0.5178,-0.006000000000000005,-0.002939999999999987,10.127499999999998,1.4532000000000003
CS2_38,531,0.5083,0.4841,3.4368,4.2,2.745,0.4331,-0.5494,0.0,-0.56,0.25,24.6222,32.2446,20.9848,2.1286,3351.76,22.0,calce_cs2,0.5118,-0.0035000000000000586,-0.0039000000000000146,10.244599999999998,1.455
CS2_38,532,0.5097,0.4855,3.4317,4.2,2.7469,0.4332,-0.545,0.0,-0.56,0.25,24.3045,32.3001,20.9925,2.0798,3354.07,22.0,calce_cs2,0.5083,0.0014000000000000679,-0.0028999999999999916,10.3001,1.4531
CS2_38,533,0.5089,0.4847,3.4274,4.2,2.7513,0.4333,-0.5478,0.0,-0.56,0.25,24.456,31.8885,21.0762,2.1844,3335.22,22.0,calce_cs2,0.5097,-0.0008000000000000229,-0.0016599999999999948,9.8885,1.4487
CS2_38,534,0.5045,0.4805,3.4422,4.2,2.7502,0.4334,-0.5546,0.0,-0.56,0.25,24.3871,32.2259,20.9674,2.0594,3280.84,22.0,calce_cs2,0.5089,-0.0044000000000000705,-0.002660000000000018,10.225900000000003,1.4498000000000002
CS2_38,535,0.4959,0.4723,3.4398,4.2,2.7478,0.4335,-0.543,0.0,-0.56,0.25,24.3983,32.2231,20.8775,2.0659,3286.14,22.0,calce_cs2,0.5045,-0.008599999999999941,-0.003180000000000005,10.223100000000002,1.4522000000000004
CS2_38,536,0.4963,0.4727,3.4384,4.2,2.7361,0.4336,-0.5528,0.0,-0.56,0.25,24.312,32.2357,20.9021,2.1262,3238.9,22.0,calce_cs2,0.4959,0.00040000000000001146,-0.002399999999999991,10.235700000000001,1.4639000000000002
CS2_38,537,0.4903,0.4669,3.4415,4.2,2.7497,0.4337,-0.5475,0.0,-0.56,0.25,24.5466,32.3997,21.0193,1.9757,3192.15,22.0,calce_cs2,0.4963,-0.006000000000000005,-0.003880000000000006,10.399700000000003,1.4503000000000004
CS2_38,538,0.4875,0.4643,3.4342,4.2,2.7447,0.4338,-0.5493,0.0,-0.56,0.25,24.2647,32.2298,20.9156,2.1689,3187.68,22.0,calce_cs2,0.4903,-0.0028000000000000247,-0.004280000000000006,10.229799999999997,1.4553000000000003
CS2_38,539,0.4853,0.4622,3.4313,4.2,2.747,0.4339,-0.5463,0.0,-0.56,0.25,24.4281,32.2414,20.9844,2.0913,3197.31,22.0,calce_cs2,0.4875,-0.0021999999999999797,-0.003839999999999988,10.241399999999999,1.4530000000000003
CS2_38,540,0.4811,0.4582,3.4213,4.2,2.7498,0.434,-0.5489,0.0,-0.56,0.25,24.4759,32.1583,20.9784,2.1176,3179.33,22.0,calce_cs2,0.4853,-0.0041999999999999815,-0.002959999999999996,10.158299999999997,1.4502000000000002
CS2_38,541,0.4771,0.4543,3.436,4.2,2.7504,0.4341,-0.5503,0.0,-0.56,0.25,24.4941,32.4065,21.2227,2.0862,3120.46,22.0,calce_cs2,0.4811,-0.0040000000000000036,-0.003839999999999999,10.406500000000001,1.4496000000000002
CS2_38,542,0.4775,0.4547,3.435,4.2,2.7441,0.4342,-0.5508,0.0,-0.56,0.25,24.3426,32.0057,20.9036,2.1017,3149.55,22.0,calce_cs2,0.4771,0.00039999999999995595,-0.0025600000000000067,10.005699999999997,1.4559000000000002
CS2_38,543,0.4711,0.4487,3.4263,4.2,2.7525,0.4343,-0.547,0.0,-0.56,0.25,24.5508,32.0941,20.9843,2.1462,3058.87,22.0,calce_cs2,0.4775,-0.006399999999999961,-0.003279999999999994,10.094099999999997,1.4475000000000002
CS2_38,544,0.4652,0.443,3.433,4.2,2.7535,0.4344,-0.5567,0.0,-0.56,0.25,24.3942,32.1013,21.0228,2.0037,3044.35,22.0,calce_cs2,0.4711,-0.005900000000000016,-0.004020000000000001,10.101300000000002,1.4465000000000003
CS2_38,545,0.4656,0.4434,3.4344,4.2,2.7602,0.4345,-0.5568,0.0,-0.56,0.25,24.5689,32.5573,21.0879,2.113,3018.73,22.0,calce_cs2,0.4652,0.00040000000000001146,-0.003100000000000003,10.557299999999998,1.4398
CS2_38,546,0.4596,0.4377,3.4333,4.2,2.7485,0.4346,-0.5523,0.0,-0.56,0.25,24.3265,31.9789,21.1262,2.1377,3019.62,22.0,calce_cs2,0.4656,-0.006000000000000005,-0.003500000000000003,9.9789,1.4515000000000002
CS2_38,547,0.4578,0.436,3.4337,4.2,2.7517,0.4347,-0.5492,0.0,-0.56,0.25,24.4476,31.9816,20.907,2.0339,2987.88,22.0,calce_cs2,0.4596,-0.0018000000000000238,-0.003939999999999999,9.9816,1.4483000000000001
CS2_38,548,0.4544,0.4327,3.4299,4.2,2.7504,0.4348,-0.5555,0.0,-0.56,0.25,24.3916,32.3319,20.8571,2.1232,2986.13,22.0,calce_cs2,0.4578,-0.0033999999999999586,-0.0033399999999999984,10.331899999999997,1.4496000000000002
CS2_38,549,0.4512,0.4297,3.4243,4.2,2.7457,0.4349,-0.5414,0.0,-0.56,0.25,24.258,32.4337,21.0015,2.111,2957.88,22.0,calce_cs2,0.4544,-0.003200000000000036,-0.0028000000000000026,10.433700000000002,1.4543000000000004
CS2_38,550,0.4486,0.4272,3.4253,4.2,2.7522,0.435,-0.551,0.0,-0.56,0.25,24.6035,32.4769,21.0915,2.0981,2949.14,22.0,calce_cs2,0.4512,-0.002599999999999991,-0.003400000000000003,10.4769,1.4478
