cell_id,cycle,capacity,soh,voltage_mean,voltage_max,voltage_min,voltage_std,current_mean,current_max,current_min,current_std,temp_mean,temp_max,temp_min,temp_std,discharge_time,ambient_temperature,dataset,capacity_prev,capacity_delta,rolling_decay_rate,temp_rise,voltage_range
B0005,1,1.8501,0.9965,3.5184,4.2,2.7035,0.4202,-1.9648,0.0,-2.0112,0.65,24.4899,36.1486,23.8767,3.4624,3335.53,24.0,nasa_pcoe,1.8501,0.0,0.0,12.148600000000002,1.4965000000000002
B0005,2,1.8411,0.9917,3.5159,4.1999,2.7018,0.4204,-1.9991,0.0,-2.0186,0.65,24.4657,35.6629,23.8314,3.4274,3299.86,24.0,nasa_pcoe,1.8501,-0.009000000000000119,0.0,11.6629,1.4981000000000004
B0005,3,1.8414,0.9918,3.5162,4.1999,2.7012,0.4206,-1.9942,0.0,-2.0127,0.65,24.5916,35.668,23.8376,3.4519,3311.54,24.0,nasa_pcoe,1.8411,0.00029999999999996696,0.0,11.668,1.4987000000000004
B0005,4,1.83,0.9857,3.5257,4.1999,2.7011,0.4208,-1.9906,0.0,-2.0059,0.65,24.4169,35.9727,23.604,3.3937,3295.91,24.0,nasa_pcoe,1.8414,-0.011399999999999855,0.0,11.972700000000003,1.4988000000000006
B0005,5,1.829,0.9852,3.5164,4.1999,2.7009,0.421,-1.983,0.0,-2.0174,0.65,24.517,35.8716,23.9057,3.5275,3274.61,24.0,nasa_pcoe,1.83,-0.001000000000000112,0.0,11.8716,1.4990000000000006
B0005,6,1.823,0.9819,3.5127,4.1998,2.6984,0.4212,-1.9739,0.0,-2.0048,0.65,24.7897,35.8286,23.7691,3.5265,3291.14,24.0,nasa_pcoe,1.829,-0.006000000000000005,-0.005420000000000025,11.828600000000002,1.5013999999999998
B0005,7,1.8159,0.9781,3.5128,4.1998,2.6966,0.4214,-1.992,0.0,-2.0059,0.65,24.8784,36.0148,23.9004,3.5289,3262.23,24.0,nasa_pcoe,1.823,-0.007099999999999884,-0.005039999999999978,12.014800000000001,1.5031999999999996
B0005,8,1.8139,0.9771,3.5205,4.1998,2.7022,0.4216,-1.9644,0.0,-2.0231,0.65,24.8233,36.0793,23.7701,3.5073,3245.19,24.0,nasa_pcoe,1.8159,-0.0020000000000000018,-0.005499999999999972,12.079300000000003,1.4975999999999998
B0005,9,1.8078,0.9737,3.5137,4.1997,2.7101,0.4218,-1.9852,0.0,-2.014,0.65,24.6497,36.2777,23.8329,3.4576,3259.1,24.0,nasa_pcoe,1.8139,-0.006099999999999994,-0.0044399999999999995,12.277700000000003,1.4895999999999998
B0005,10,1.8044,0.9719,3.5159,4.1997,2.6995,0.422,-1.9833,0.0,-2.012,0.65,24.5305,36.1866,23.8261,3.5004,3245.52,24.0,nasa_pcoe,1.8078,-0.0034000000000000696,-0.004919999999999991,12.186599999999999,1.5002
B0005,11,1.7986,0.9688,3.5087,4.1997,2.7055,0.4222,-1.9817,0.0,-2.0089,0.65,24.4717,35.9715,23.9404,3.4985,3220.8,24.0,nasa_pcoe,1.8044,-0.005800000000000027,-0.0048799999999999955,11.971499999999999,1.4942000000000002
B0005,12,1.7958,0.9673,3.5216,4.1996,2.7026,0.4224,-1.977,0.0,-2.0102,0.65,24.6247,36.4214,23.8752,3.5633,3223.35,24.0,nasa_pcoe,1.7986,-0.0027999999999999137,-0.004020000000000001,12.421399999999998,1.4970000000000003
B0005,13,1.7957,0.9673,3.5154,4.1996,2.6995,0.4226,-1.9792,0.0,-2.0125,0.65,24.9635,36.5669,23.8874,3.5007,3228.62,24.0,nasa_pcoe,1.7958,-9.999999999998899e-05,-0.0036399999999999987,12.566899999999997,1.5001000000000002
B0005,14,1.7842,0.9611,3.5099,4.1996,2.6996,0.4228,-1.9645,0.0,-2.0139,0.65,24.8017,36.421,23.6769,3.5182,3224.69,24.0,nasa_pcoe,1.7957,-0.011500000000000066,-0.004720000000000013,12.421,1.5
B0005,15,1.7824,0.9601,3.5056,4.1996,2.6973,0.423,-1.9681,0.0,-2.0035,0.65,24.7449,36.4146,23.9217,3.5181,3216.84,24.0,nasa_pcoe,1.7842,-0.0018000000000000238,-0.004400000000000004,12.4146,1.5023000000000004
B0005,16,1.7803,0.959,3.5021,4.1995,2.7141,0.4232,-1.9753,0.0,-2.016,0.65,24.9985,36.1289,23.8787,3.5927,3196.34,24.0,nasa_pcoe,1.7824,-0.0020999999999999908,-0.0036599999999999966,12.128900000000002,1.4853999999999994
B0005,17,1.7768,0.9571,3.5095,4.1995,2.7007,0.4234,-1.9785,0.0,-2.0168,0.65,24.8092,36.5323,23.776,3.5968,3203.57,24.0,nasa_pcoe,1.7803,-0.0035000000000000586,-0.0038000000000000256,12.5323,1.4987999999999997
B0005,18,1.7708,0.9538,3.5175,4.1995,2.7085,0.4236,-1.9886,0.0,-2.0154,0.65,25.0224,36.3446,23.8714,3.5379,3186.74,24.0,nasa_pcoe,1.7768,-0.006000000000000005,-0.004980000000000029,12.3446,1.4909999999999997
B0005,19,1.7707,0.9538,3.5069,4.1994,2.7109,0.4238,-1.9834,0.0,-2.0146,0.65,24.8981,36.564,23.8092,3.5504,3204.91,24.0,nasa_pcoe,1.7708,-9.999999999998899e-05,-0.0027000000000000136,12.564,1.4884999999999997
B0005,20,1.7641,0.9502,3.4964,4.1994,2.7077,0.424,-1.9744,0.0,-2.0046,0.65,25.1581,36.1792,23.7062,3.5412,3180.57,24.0,nasa_pcoe,1.7707,-0.006599999999999939,-0.0036599999999999966,12.179200000000002,1.4916999999999998
B0005,21,1.7708,0.9538,3.5056,4.1994,2.7134,0.4242,-1.9799,0.0,-2.0033,0.65,25.1732,36.534,23.8176,3.4078,3172.35,24.0,nasa_pcoe,1.7641,0.006699999999999928,-0.0019000000000000128,12.533999999999999,1.4859999999999998
B0005,22,1.755,0.9453,3.5008,4.1993,2.7181,0.4244,-1.9987,0.0,-2.0066,0.65,24.8081,36.4259,23.9089,3.5051,3148.17,24.0,nasa_pcoe,1.7708,-0.015800000000000036,-0.004360000000000008,12.425899999999999,1.4811999999999999
B0005,23,1.7661,0.9513,3.4931,4.1993,2.7188,0.4246,-1.9616,0.0,-2.0032,0.65,25.1993,36.556,23.8442,3.5838,3172.75,24.0,nasa_pcoe,1.755,0.01110000000000011,-0.0009399999999999853,12.555999999999997,1.4805000000000001
B0005,24,1.7467,0.9408,3.498,4.1993,2.7097,0.4248,-1.9713,0.0,-2.016,0.65,25.0498,36.4907,23.7347,3.6412,3148.02,24.0,nasa_pcoe,1.7661,-0.019400000000000084,-0.004800000000000004,12.490699999999997,1.4895999999999998
B0005,25,1.754,0.9448,3.5059,4.1993,2.7008,0.425,-1.9616,0.0,-2.0137,0.65,24.933,36.571,23.9872,3.4984,3147.87,24.0,nasa_pcoe,1.7467,0.007300000000000084,-0.0020199999999999997,12.570999999999998,1.4985
B0005,26,1.741,0.9378,3.4905,4.1992,2.7159,0.4252,-1.9943,0.0,-2.0122,0.65,25.1696,36.9394,23.6564,3.5931,3133.87,24.0,nasa_pcoe,1.754,-0.0129999999999999,-0.005959999999999965,12.9394,1.4833000000000003
B0005,27,1.7372,0.9358,3.4962,4.1992,2.7113,0.4254,-1.9787,0.0,-2.0195,0.65,25.3671,36.5609,24.0111,3.5549,3127.71,24.0,nasa_pcoe,1.741,-0.0038000000000000256,-0.0035599999999999634,12.560899999999997,1.4879000000000002
B0005,28,1.7354,0.9348,3.4919,4.1992,2.7073,0.4256,-1.9849,0.0,-2.0129,0.65,25.3274,36.7881,23.7307,3.572,3126.78,24.0,nasa_pcoe,1.7372,-0.0018000000000000238,-0.00613999999999999,12.7881,1.4919000000000002
B0005,29,1.7211,0.9271,3.4985,4.1991,2.7114,0.4258,-1.9871,0.0,-2.0189,0.65,25.0419,36.6156,23.9162,3.6242,3093.65,24.0,nasa_pcoe,1.7354,-0.01429999999999998,-0.005119999999999969,12.6156,1.4876999999999998
B0005,30,1.7208,0.9269,3.4933,4.1991,2.7123,0.426,-1.9831,0.0,-2.0084,0.65,25.2305,36.8015,23.8595,3.4345,3118.38,24.0,nasa_pcoe,1.7211,-0.00029999999999996696,-0.006639999999999979,12.801499999999997,1.4867999999999997
B0005,31,1.7275,0.9305,3.4863,4.1991,2.7131,0.4262,-1.9733,0.0,-2.0135,0.65,25.2737,36.3969,23.977,3.4753,3117.62,24.0,nasa_pcoe,1.7208,0.006699999999999928,-0.0027000000000000136,12.396900000000002,1.4859999999999998
B0005,32,1.7217,0.9274,3.4886,4.199,2.7054,0.4264,-1.9776,0.0,-2.0088,0.65,25.224,36.7534,23.8232,3.3842,3084.94,24.0,nasa_pcoe,1.7275,-0.005800000000000027,-0.0031000000000000138,12.7534,1.4935999999999998
B0005,33,1.7048,0.9183,3.4973,4.199,2.6996,0.4266,-1.9643,0.0,-2.0115,0.65,25.3243,36.7439,23.7952,3.6017,3076.28,24.0,nasa_pcoe,1.7217,-0.016899999999999915,-0.006119999999999992,12.743899999999996,1.4993999999999996
B0005,34,1.7132,0.9228,3.4917,4.199,2.7136,0.4268,-1.984,0.0,-2.0089,0.65,25.3519,36.9326,23.7227,3.502,3088.69,24.0,nasa_pcoe,1.7048,0.008399999999999963,-0.0015800000000000037,12.9326,1.4853999999999998
B0005,35,1.7088,0.9204,3.498,4.199,2.7164,0.427,-1.9618,0.0,-2.0106,0.65,25.5214,36.6553,23.8784,3.4874,3062.23,24.0,nasa_pcoe,1.7132,-0.0043999999999999595,-0.002400000000000002,12.655299999999997,1.4825999999999997
B0005,36,1.7044,0.9181,3.4886,4.1989,2.7124,0.4272,-1.9612,0.0,-2.0052,0.65,25.3135,36.7989,23.8492,3.3944,3086.16,24.0,nasa_pcoe,1.7088,-0.0044000000000001815,-0.004620000000000024,12.798900000000003,1.4865
B0005,37,1.7075,0.9197,3.4856,4.1989,2.7125,0.4274,-1.991,0.0,-2.0083,0.65,25.412,37.0664,23.8279,3.3038,3064.49,24.0,nasa_pcoe,1.7044,0.0031000000000001027,-0.002839999999999998,13.066400000000002,1.4864000000000002
B0005,38,1.6999,0.9156,3.4863,4.1989,2.7091,0.4276,-1.9738,0.0,-2.0153,0.65,25.4286,37.0681,23.8514,3.5569,3048.5,24.0,nasa_pcoe,1.7075,-0.007600000000000051,-0.0009800000000000253,13.068100000000001,1.4898000000000002
B0005,39,1.694,0.9125,3.4837,4.1988,2.7128,0.4278,-1.9595,0.0,-2.0094,0.65,25.7077,37.1108,23.9153,3.5821,3050.84,24.0,nasa_pcoe,1.6999,-0.005900000000000016,-0.0038400000000000213,13.110799999999998,1.4860000000000002
B0005,40,1.6951,0.913,3.4911,4.1988,2.7071,0.428,-1.9731,0.0,-2.0047,0.65,25.2362,36.8729,23.5961,3.4784,3058.27,24.0,nasa_pcoe,1.694,0.001100000000000101,-0.002740000000000009,12.872900000000001,1.4917000000000002
B0005,41,1.6883,0.9094,3.4901,4.1988,2.7171,0.4282,-1.9767,0.0,-2.0101,0.65,25.6445,37.086,23.6335,3.4995,3042.99,24.0,nasa_pcoe,1.6951,-0.006800000000000139,-0.0032200000000000006,13.085999999999999,1.4817000000000005
B0005,42,1.6825,0.9063,3.4858,4.1988,2.7143,0.4284,-1.9894,0.0,-2.0126,0.65,25.3911,37.1625,23.8955,3.4211,3033.6,24.0,nasa_pcoe,1.6883,-0.005799999999999805,-0.004999999999999982,13.162500000000001,1.4845000000000002
B0005,43,1.6807,0.9053,3.4788,4.1987,2.7056,0.4286,-1.9819,0.0,-2.0097,0.65,25.2326,37.1873,23.8042,3.5412,3037.28,24.0,nasa_pcoe,1.6825,-0.0018000000000000238,-0.0038399999999999767,13.1873,1.4930999999999996
B0005,44,1.6795,0.9047,3.4796,4.1987,2.7162,0.4288,-1.9724,0.0,-2.0127,0.65,25.5136,37.1855,23.5698,3.3788,3036.76,24.0,nasa_pcoe,1.6807,-0.0012000000000000899,-0.0028999999999999916,13.185499999999998,1.4824999999999995
B0005,45,1.6791,0.9044,3.4749,4.1987,2.7135,0.429,-1.9703,0.0,-2.0149,0.65,25.6369,37.578,23.5543,3.4352,3013.34,24.0,nasa_pcoe,1.6795,-0.00039999999999995595,-0.0032000000000000028,13.578000000000003,1.4851999999999999
B0005,46,1.6713,0.9003,3.4735,4.1986,2.7221,0.4292,-1.9712,0.0,-2.01,0.65,25.872,37.3214,23.7139,3.6218,3013.79,24.0,nasa_pcoe,1.6791,-0.007800000000000029,-0.0033999999999999807,13.321399999999997,1.4764999999999997
B0005,47,1.6689,0.8989,3.4747,4.1986,2.721,0.4294,-1.9931,0.0,-2.0196,0.65,25.8162,37.3442,23.8127,3.4711,3001.55,24.0,nasa_pcoe,1.6713,-0.0023999999999999577,-0.0027200000000000115,13.3442,1.4775999999999998
B0005,48,1.6648,0.8967,3.4747,4.1986,2.7113,0.4296,-1.9886,0.0,-2.0098,0.65,25.5754,37.4255,23.795,3.4809,2987.59,24.0,nasa_pcoe,1.6689,-0.0040999999999999925,-0.003180000000000005,13.4255,1.4872999999999998
B0005,49,1.6523,0.89,3.4776,4.1985,2.711,0.4298,-1.9853,0.0,-2.0074,0.65,25.7561,37.8128,23.962,3.5746,2966.6,24.0,nasa_pcoe,1.6648,-0.012499999999999956,-0.005439999999999978,13.812800000000003,1.4875000000000003
B0005,50,1.658,0.8931,3.4663,4.1985,2.7067,0.43,-1.9795,0.0,-2.0087,0.65,25.6144,37.5646,23.6338,3.4947,2972.33,24.0,nasa_pcoe,1.6523,0.005699999999999816,-0.004220000000000024,13.564599999999999,1.4918
B0005,51,1.6567,0.8924,3.4724,4.1985,2.7122,0.4302,-1.9724,0.0,-2.0045,0.65,25.8907,37.325,24.0434,3.3584,2971.65,24.0,nasa_pcoe,1.658,-0.0012999999999998568,-0.0029199999999999894,13.325000000000003,1.4863
B0005,52,1.6478,0.8876,3.4706,4.1985,2.7159,0.4304,-1.9816,0.0,-2.0042,0.65,25.8382,37.5699,23.7588,3.461,2961.63,24.0,nasa_pcoe,1.6567,-0.00890000000000013,-0.004220000000000024,13.569899999999997,1.4826000000000001
B0005,53,1.6523,0.89,3.4779,4.1984,2.7047,0.4306,-1.9764,0.0,-2.0114,0.65,25.9671,37.4851,23.9301,3.4459,2951.91,24.0,nasa_pcoe,1.6478,0.0045000000000001705,-0.002499999999999991,13.485100000000003,1.4937000000000005
B0005,54,1.6476,0.8875,3.4802,4.1984,2.7177,0.4308,-1.9822,0.0,-2.0059,0.65,25.5183,37.615,23.8771,3.3817,2977.09,24.0,nasa_pcoe,1.6523,-0.0047000000000001485,-0.0009400000000000297,13.615000000000002,1.4807000000000006
B0005,55,1.6459,0.8866,3.4771,4.1984,2.7212,0.431,-1.9792,0.0,-2.0124,0.65,25.9356,37.3823,23.7183,3.6208,2966.62,24.0,nasa_pcoe,1.6476,-0.0017000000000000348,-0.00242,13.3823,1.4772000000000003
B0005,56,1.6525,0.8901,3.4674,4.1983,2.7153,0.4312,-1.9898,0.0,-2.0122,0.65,25.9566,37.7847,23.7078,3.5696,2988.06,24.0,nasa_pcoe,1.6459,0.006600000000000161,-0.0008399999999999963,13.7847,1.4829999999999997
B0005,57,1.6439,0.8855,3.4705,4.1983,2.7117,0.4314,-1.9851,0.0,-2.0091,0.65,26.0503,37.4879,23.5675,3.5144,2985.38,24.0,nasa_pcoe,1.6525,-0.008600000000000163,-0.0007800000000000029,13.487900000000003,1.4865999999999997
B0005,58,1.6352,0.8808,3.4718,4.1983,2.7197,0.4316,-1.9778,0.0,-2.014,0.65,26.0207,38.0752,23.9345,3.6275,2938.33,24.0,nasa_pcoe,1.6439,-0.00869999999999993,-0.003420000000000023,14.075200000000002,1.4785999999999997
B0005,59,1.6432,0.8851,3.4712,4.1982,2.7303,0.4318,-1.9748,0.0,-2.0129,0.65,25.955,37.9457,23.7417,3.5682,2934.56,24.0,nasa_pcoe,1.6352,0.008000000000000007,-0.0008799999999999919,13.945700000000002,1.4678999999999998
B0005,60,1.6348,0.8806,3.46,4.1982,2.7162,0.432,-1.9633,0.0,-2.0113,0.65,25.7745,37.7151,23.7727,3.2842,2942.17,24.0,nasa_pcoe,1.6432,-0.008399999999999963,-0.0022199999999999776,13.7151,1.4819999999999998
B0005,61,1.636,0.8812,3.4563,4.1982,2.7131,0.4322,-1.9748,0.0,-2.014,0.65,26.0003,37.7972,23.8158,3.4458,2946.26,24.0,nasa_pcoe,1.6348,0.0011999999999998678,-0.0033000000000000364,13.797199999999997,1.4851
B0005,62,1.6265,0.8761,3.4639,4.1982,2.7156,0.4324,-1.9855,0.0,-2.0102,0.65,25.9685,37.6872,23.8106,3.4796,2942.74,24.0,nasa_pcoe,1.636,-0.009499999999999842,-0.003479999999999972,13.687199999999997,1.4826000000000001
B0005,63,1.6131,0.8689,3.4575,4.1981,2.7129,0.4326,-1.978,0.0,-2.0086,0.65,26.0368,37.8325,23.8528,3.5667,2890.38,24.0,nasa_pcoe,1.6265,-0.013400000000000079,-0.004420000000000002,13.832500000000003,1.4852000000000003
B0005,64,1.6191,0.8721,3.4692,4.1981,2.7227,0.4328,-1.9913,0.0,-2.0126,0.65,26.1734,37.6508,23.8713,3.4808,2910.63,24.0,nasa_pcoe,1.6131,0.006000000000000005,-0.004820000000000002,13.650799999999997,1.4754
B0005,65,1.6057,0.8649,3.4632,4.1981,2.7276,0.433,-1.9901,0.0,-2.0133,0.65,25.9844,37.594,23.9765,3.4007,2882.03,24.0,nasa_pcoe,1.6191,-0.013400000000000079,-0.005820000000000025,13.594000000000001,1.4705000000000004
B0005,66,1.6055,0.8648,3.4641,4.198,2.7132,0.4332,-1.9625,0.0,-2.0204,0.65,26.4045,38.0029,23.7903,3.4564,2893.86,24.0,nasa_pcoe,1.6057,-0.00019999999999997797,-0.006099999999999994,14.002899999999997,1.4848000000000003
B0005,67,1.5981,0.8608,3.46,4.198,2.7183,0.4334,-1.9665,0.0,-1.9992,0.65,26.2758,37.8689,23.7582,3.3969,2877.56,24.0,nasa_pcoe,1.6055,-0.007399999999999851,-0.005679999999999996,13.868899999999996,1.4797000000000002
B0005,68,1.6046,0.8643,3.4544,4.198,2.7223,0.4336,-1.997,0.0,-2.0049,0.65,26.2709,38.0774,23.8983,3.6332,2898.49,24.0,nasa_pcoe,1.5981,0.00649999999999995,-0.0016999999999999904,14.077399999999997,1.4757000000000002
B0005,69,1.6005,0.8621,3.4624,4.1979,2.7225,0.4338,-2.0037,0.0,-2.0117,0.65,26.2548,37.7721,23.8581,3.3781,2872.97,24.0,nasa_pcoe,1.6046,-0.0040999999999999925,-0.00371999999999999,13.772100000000002,1.4753999999999996
B0005,70,1.595,0.8592,3.4628,4.1979,2.7161,0.434,-1.9537,0.0,-2.0075,0.65,26.2777,37.92,23.87,3.4539,2872.31,24.0,nasa_pcoe,1.6005,-0.00550000000000006,-0.0021399999999999865,13.920000000000002,1.4817999999999998
B0005,71,1.5899,0.8564,3.4615,4.1979,2.7194,0.4342,-1.9776,0.0,-2.0091,0.65,26.2248,38.5194,23.7953,3.3754,2857.78,24.0,nasa_pcoe,1.595,-0.005099999999999882,-0.0031199999999999674,14.519399999999997,1.4785
B0005,72,1.5946,0.8589,3.4606,4.1979,2.7245,0.4344,-1.9957,0.0,-2.0136,0.65,26.2629,38.1423,23.8621,3.5142,2856.99,24.0,nasa_pcoe,1.5899,0.0046999999999999265,-0.0007000000000000117,14.142299999999999,1.4733999999999998
B0005,73,1.5962,0.8598,3.4579,4.1978,2.7282,0.4346,-1.9694,0.0,-2.0123,0.65,26.4199,37.8846,23.7942,3.5655,2874.57,24.0,nasa_pcoe,1.5946,0.0016000000000000458,-0.0016799999999999927,13.884599999999999,1.4695999999999998
B0005,74,1.5827,0.8525,3.4592,4.1978,2.7218,0.4348,-1.9732,0.0,-2.0099,0.65,26.3545,38.4103,23.7484,3.5077,2844.2,24.0,nasa_pcoe,1.5962,-0.013500000000000068,-0.0035600000000000076,14.4103,1.476
B0005,75,1.5798,0.851,3.4594,4.1978,2.721,0.435,-1.9787,0.0,-2.0079,0.65,26.0855,38.1252,23.9044,3.5694,2846.47,24.0,nasa_pcoe,1.5827,-0.0028999999999999027,-0.003039999999999976,14.1252,1.4768
B0005,76,1.5802,0.8512,3.4575,4.1977,2.72,0.4352,-1.9659,0.0,-1.9985,0.65,26.3456,38.199,23.9453,3.6264,2839.11,24.0,nasa_pcoe,1.5798,0.00039999999999995595,-0.0019400000000000083,14.198999999999998,1.4777
B0005,77,1.5761,0.8489,3.4472,4.1977,2.7179,0.4354,-1.9905,0.0,-2.0197,0.65,26.2439,38.1067,23.8683,3.4867,2828.65,24.0,nasa_pcoe,1.5802,-0.0040999999999999925,-0.0036999999999999924,14.106699999999996,1.4798
B0005,78,1.5838,0.8531,3.4537,4.1977,2.7176,0.4356,-1.9762,0.0,-2.0092,0.65,26.5239,38.4114,24.0455,3.449,2845.47,24.0,nasa_pcoe,1.5761,0.00770000000000004,-0.0024799999999999935,14.4114,1.4801000000000002
B0005,79,1.5727,0.8471,3.4463,4.1976,2.721,0.4358,-1.9817,0.0,-2.0119,0.65,26.299,38.5455,23.9049,3.5275,2827.07,24.0,nasa_pcoe,1.5838,-0.01110000000000011,-0.0020000000000000018,14.545499999999997,1.4766000000000004
B0005,80,1.5687,0.845,3.441,4.1976,2.7315,0.436,-1.962,0.0,-2.0131,0.65,26.4418,38.4762,23.8334,3.5527,2843.71,24.0,nasa_pcoe,1.5727,-0.0040000000000000036,-0.002220000000000022,14.476199999999999,1.4661000000000004
B0005,81,1.5599,0.8402,3.4414,4.1976,2.7285,0.4362,-1.9895,0.0,-2.0142,0.65,26.5238,38.5907,23.6939,3.2215,2799.05,24.0,nasa_pcoe,1.5687,-0.008799999999999919,-0.004059999999999997,14.590699999999998,1.4691000000000005
B0005,82,1.5607,0.8407,3.452,4.1976,2.7278,0.4364,-1.9615,0.0,-2.0071,0.65,26.4961,38.6027,23.9109,3.5656,2814.32,24.0,nasa_pcoe,1.5599,0.0007999999999999119,-0.003080000000000016,14.602699999999999,1.4698000000000007
B0005,83,1.5538,0.837,3.4536,4.1975,2.7215,0.4366,-1.9752,0.0,-2.0119,0.65,26.45,38.3794,23.8495,3.5335,2800.92,24.0,nasa_pcoe,1.5607,-0.006899999999999906,-0.006000000000000005,14.379399999999997,1.476
B0005,84,1.5569,0.8386,3.4452,4.1975,2.7182,0.4368,-1.9725,0.0,-2.0068,0.65,26.9245,38.4884,23.8219,3.52,2818.12,24.0,nasa_pcoe,1.5538,0.0030999999999998806,-0.0031600000000000074,14.488399999999999,1.4792999999999998
B0005,85,1.545,0.8322,3.4369,4.1975,2.7262,0.437,-1.9759,0.0,-2.0109,0.65,26.5643,38.5101,23.8175,3.3552,2790.72,24.0,nasa_pcoe,1.5569,-0.011900000000000022,-0.004740000000000011,14.510100000000001,1.4712999999999998
B0005,86,1.5488,0.8342,3.4451,4.1974,2.7334,0.4372,-1.9807,0.0,-2.0128,0.65,26.9322,38.3259,23.5801,3.5352,2782.75,24.0,nasa_pcoe,1.545,0.0038000000000000256,-0.002220000000000022,14.325899999999997,1.464
B0005,87,1.541,0.8301,3.4489,4.1974,2.7248,0.4374,-1.9915,0.0,-2.0106,0.65,26.77,38.4028,23.966,3.5718,2771.76,24.0,nasa_pcoe,1.5488,-0.007800000000000029,-0.00394000000000001,14.4028,1.4726
B0005,88,1.5409,0.83,3.4486,4.1974,2.7258,0.4376,-1.9688,0.0,-2.0083,0.65,26.7685,38.7949,23.8448,3.5514,2786.84,24.0,nasa_pcoe,1.541,-9.999999999998899e-05,-0.0025800000000000267,14.794899999999998,1.4716
B0005,89,1.5455,0.8325,3.443,4.1974,2.7213,0.4378,-1.9805,0.0,-2.0081,0.65,26.6114,38.442,23.7684,3.4407,2781.68,24.0,nasa_pcoe,1.5409,0.0046000000000001595,-0.002279999999999971,14.442,1.4761000000000002
B0005,90,1.5413,0.8302,3.4364,4.1973,2.7246,0.438,-1.9989,0.0,-2.0123,0.65,26.3864,38.4296,23.876,3.5629,2778.66,24.0,nasa_pcoe,1.5455,-0.004200000000000204,-0.0007400000000000074,14.4296,1.4727000000000001
B0005,91,1.5409,0.83,3.4359,4.1973,2.7258,0.4382,-1.984,0.0,-1.998,0.65,26.7716,38.8841,23.9782,3.4299,2773.99,24.0,nasa_pcoe,1.5413,-0.00039999999999995595,-0.0015800000000000037,14.884099999999997,1.4715000000000003
B0005,92,1.53,0.8241,3.4365,4.1973,2.7364,0.4384,-1.9736,0.0,-2.0129,0.65,26.8859,39.0918,23.8925,3.5048,2747.58,24.0,nasa_pcoe,1.5409,-0.01089999999999991,-0.0021999999999999797,15.0918,1.4609
B0005,93,1.5422,0.8307,3.4404,4.1972,2.7248,0.4386,-1.9691,0.0,-2.0094,0.65,26.9675,38.8051,23.9317,3.5321,2797.8,24.0,nasa_pcoe,1.53,0.012199999999999989,0.00026000000000001575,14.805100000000003,1.4723999999999995
B0005,94,1.5373,0.8281,3.4337,4.1972,2.7264,0.4388,-1.9758,0.0,-2.0074,0.65,26.7639,38.8725,24.0142,3.6382,2771.47,24.0,nasa_pcoe,1.5422,-0.004899999999999904,-0.001639999999999997,14.872500000000002,1.4707999999999997
B0005,95,1.521,0.8193,3.438,4.1972,2.7258,0.439,-1.9779,0.0,-2.0045,0.65,26.8584,39.0967,23.8873,3.3509,2728.83,24.0,nasa_pcoe,1.5373,-0.016300000000000203,-0.004059999999999997,15.096699999999998,1.4713999999999996
B0005,96,1.5222,0.8199,3.4395,4.1971,2.737,0.4392,-1.9846,0.0,-2.0046,0.65,26.8942,38.9083,23.8884,3.5522,2724.23,24.0,nasa_pcoe,1.521,0.0012000000000000899,-0.0037399999999999877,14.908299999999997,1.4600999999999997
B0005,97,1.5271,0.8226,3.4271,4.1971,2.7358,0.4394,-1.9722,0.0,-2.008,0.65,26.8222,39.0404,23.7709,3.368,2748.34,24.0,nasa_pcoe,1.5222,0.004899999999999904,-0.0005800000000000249,15.040399999999998,1.4613
B0005,98,1.5212,0.8194,3.4183,4.1971,2.7349,0.4396,-1.9974,0.0,-2.0118,0.65,26.782,38.7494,23.9161,3.4626,2741.64,24.0,nasa_pcoe,1.5271,-0.005899999999999794,-0.0041999999999999815,14.749400000000001,1.4621999999999997
B0005,99,1.5072,0.8119,3.4302,4.1971,2.719,0.4398,-1.9775,0.0,-2.0113,0.65,27.1601,39.1709,23.6608,3.4329,2718.19,24.0,nasa_pcoe,1.5212,-0.014000000000000012,-0.006020000000000003,15.170900000000003,1.4781
B0005,100,1.5092,0.8129,3.4411,4.197,2.7317,0.44,-1.9757,0.0,-2.0048,0.65,27.0358,39.022,23.7804,3.4943,2716.15,24.0,nasa_pcoe,1.5072,0.0020000000000000018,-0.002359999999999962,15.021999999999998,1.4653
B0005,101,1.5069,0.8117,3.4246,4.197,2.7291,0.4402,-1.9755,0.0,-2.0129,0.65,27.0264,39.1344,23.8453,3.4893,2723.3,24.0,nasa_pcoe,1.5092,-0.0023000000000001908,-0.0030600000000000184,15.1344,1.4679000000000002
B0005,102,1.5107,0.8138,3.4282,4.197,2.7359,0.4404,-1.9904,0.0,-2.0069,0.65,26.892,39.0145,23.9914,3.4847,2721.51,24.0,nasa_pcoe,1.5069,0.0038000000000000256,-0.003279999999999994,15.014499999999998,1.4611
B0005,103,1.4896,0.8024,3.4381,4.1969,2.7355,0.4406,-1.9769,0.0,-2.0122,0.65,27.0851,39.2115,23.8449,3.4139,2687.95,24.0,nasa_pcoe,1.5107,-0.021099999999999897,-0.006320000000000015,15.211500000000001,1.4614000000000003
B0005,104,1.4922,0.8038,3.4214,4.1969,2.7325,0.4408,-1.9875,0.0,-2.0103,0.65,27.1493,39.269,23.8422,3.6291,2690.43,24.0,nasa_pcoe,1.4896,0.0025999999999999357,-0.0030000000000000248,15.268999999999998,1.4644000000000004
B0005,105,1.4812,0.7978,3.4216,4.1969,2.7365,0.441,-1.9743,0.0,-2.0064,0.65,27.2203,39.4955,23.7739,3.5096,2655.87,24.0,nasa_pcoe,1.4922,-0.010999999999999899,-0.005600000000000005,15.4955,1.4604000000000004
B0005,106,1.4899,0.8025,3.4182,4.1968,2.7395,0.4412,-1.9885,0.0,-2.015,0.65,26.827,39.1424,23.6677,3.6314,2691.93,24.0,nasa_pcoe,1.4812,0.00869999999999993,-0.0033999999999999807,15.142400000000002,1.4572999999999996
B0005,107,1.4836,0.7992,3.421,4.1968,2.7321,0.4414,-1.9687,0.0,-2.0123,0.65,27.172,39.0716,23.6467,3.6156,2652.31,24.0,nasa_pcoe,1.4899,-0.006299999999999972,-0.00541999999999998,15.071599999999997,1.4646999999999997
B0005,108,1.4917,0.8035,3.4264,4.1968,2.7351,0.4416,-1.9715,0.0,-2.0062,0.65,27.2422,39.3566,23.7937,3.4397,2682.32,24.0,nasa_pcoe,1.4836,0.008099999999999996,0.0004199999999999982,15.3566,1.4616999999999996
B0005,109,1.4822,0.7984,3.4178,4.1968,2.7373,0.4418,-1.9862,0.0,-2.0196,0.65,27.2845,39.6714,23.8773,3.4517,2652.04,24.0,nasa_pcoe,1.4917,-0.009500000000000064,-0.0020000000000000018,15.671399999999998,1.4594999999999998
B0005,110,1.4836,0.7992,3.4169,4.1967,2.7333,0.442,-1.9933,0.0,-2.013,0.65,27.298,39.0826,23.844,3.4984,2676.08,24.0,nasa_pcoe,1.4822,0.0014000000000000679,0.00047999999999999156,15.0826,1.4634
B0005,111,1.4884,0.8017,3.4212,4.1967,2.7354,0.4422,-1.9786,0.0,-2.004,0.65,27.3326,39.3771,23.8401,3.54,2666.19,24.0,nasa_pcoe,1.4836,0.0047999999999999154,-0.00030000000000001136,15.377099999999999,1.4613
B0005,112,1.4727,0.7933,3.4165,4.1967,2.7297,0.4424,-1.9711,0.0,-2.0115,0.65,27.4872,39.332,23.8279,3.4332,2672.28,24.0,nasa_pcoe,1.4884,-0.015700000000000047,-0.0021800000000000265,15.332,1.467
B0005,113,1.4752,0.7946,3.4154,4.1966,2.7319,0.4426,-1.9755,0.0,-2.0039,0.65,27.5685,39.192,23.8268,3.6168,2638.52,24.0,nasa_pcoe,1.4727,0.0025000000000001688,-0.0032999999999999917,15.192,1.4647000000000001
B0005,114,1.4684,0.791,3.4264,4.1966,2.7423,0.4428,-1.9855,0.0,-2.0072,0.65,27.5943,39.4563,23.7796,3.4535,2633.06,24.0,nasa_pcoe,1.4752,-0.006800000000000139,-0.002760000000000007,15.456299999999999,1.4543
B0005,115,1.4663,0.7898,3.4163,4.1966,2.7304,0.443,-1.9797,0.0,-2.0131,0.65,27.4802,39.7711,23.8109,3.537,2660.57,24.0,nasa_pcoe,1.4684,-0.0020999999999999908,-0.0034600000000000186,15.771099999999997,1.4662000000000002
B0005,116,1.469,0.7913,3.4104,4.1965,2.7429,0.4432,-1.9758,0.0,-2.0135,0.65,27.3916,39.7093,23.8076,3.5431,2635.0,24.0,nasa_pcoe,1.4663,0.0027000000000001467,-0.0038799999999999724,15.709299999999999,1.4536000000000002
B0005,117,1.4598,0.7863,3.4159,4.1965,2.7427,0.4434,-1.9831,0.0,-2.0034,0.65,27.2428,39.5236,23.6593,3.5058,2635.46,24.0,nasa_pcoe,1.469,-0.009200000000000097,-0.0025799999999999825,15.523600000000002,1.4538000000000002
B0005,118,1.4614,0.7872,3.4166,4.1965,2.7361,0.4436,-1.9831,0.0,-2.0093,0.65,27.4271,39.8047,23.8957,3.4371,2617.27,24.0,nasa_pcoe,1.4598,0.0016000000000000458,-0.002760000000000007,15.804699999999997,1.4604000000000004
B0005,119,1.4573,0.785,3.4173,4.1965,2.7312,0.4438,-1.996,0.0,-1.9992,0.65,27.3053,39.8631,23.8031,3.5201,2623.13,24.0,nasa_pcoe,1.4614,-0.0040999999999999925,-0.0022199999999999776,15.863100000000003,1.4653000000000005
B0005,120,1.4435,0.7776,3.4124,4.1964,2.7403,0.444,-1.9829,0.0,-2.0087,0.65,27.5483,39.595,23.8992,3.486,2590.81,24.0,nasa_pcoe,1.4573,-0.013800000000000034,-0.004559999999999986,15.594999999999999,1.4560999999999997
B0005,121,1.4484,0.7802,3.4185,4.1964,2.7363,0.4442,-1.9783,0.0,-2.0111,0.65,27.5546,40.2543,23.77,3.448,2612.48,24.0,nasa_pcoe,1.4435,0.004899999999999904,-0.004120000000000035,16.2543,1.4600999999999997
B0005,122,1.4456,0.7787,3.4095,4.1964,2.7333,0.4444,-1.9819,0.0,-2.0097,0.65,27.6295,39.7799,23.8487,3.5052,2582.34,24.0,nasa_pcoe,1.4484,-0.0027999999999999137,-0.002839999999999998,15.779899999999998,1.4630999999999998
B0005,123,1.4469,0.7794,3.4062,4.1963,2.7393,0.4446,-1.9928,0.0,-2.0148,0.65,27.6376,39.6891,23.7937,3.4549,2600.34,24.0,nasa_pcoe,1.4456,0.0013000000000000789,-0.0028999999999999916,15.689100000000003,1.4569999999999999
B0005,124,1.4415,0.7765,3.4078,4.1963,2.735,0.4448,-1.9783,0.0,-2.0092,0.65,27.6005,39.9469,23.9191,3.576,2579.83,24.0,nasa_pcoe,1.4469,-0.005400000000000071,-0.0031600000000000074,15.9469,1.4613
B0005,125,1.4375,0.7743,3.4073,4.1963,2.7366,0.445,-1.9701,0.0,-2.0125,0.65,27.4493,40.1338,23.7683,3.5703,2595.07,24.0,nasa_pcoe,1.4415,-0.0040000000000000036,-0.001200000000000001,16.1338,1.4596999999999998
B0005,126,1.4361,0.7736,3.3945,4.1963,2.7348,0.4452,-1.9761,0.0,-2.0174,0.65,27.6775,39.9219,23.8579,3.5096,2575.33,24.0,nasa_pcoe,1.4375,-0.0014000000000000679,-0.0024599999999999956,15.9219,1.4615
B0005,127,1.4316,0.7711,3.4064,4.1962,2.7436,0.4454,-1.9886,0.0,-2.0215,0.65,27.6083,39.7828,23.5724,3.5228,2578.9,24.0,nasa_pcoe,1.4361,-0.0044999999999999485,-0.0028000000000000026,15.782800000000002,1.4526000000000003
B0005,128,1.4392,0.7752,3.4109,4.1962,2.7351,0.4456,-1.9617,0.0,-2.0066,0.65,27.6268,40.4219,23.7394,3.5594,2593.52,24.0,nasa_pcoe,1.4316,0.007600000000000051,-0.001540000000000008,16.4219,1.4611
B0005,129,1.4278,0.7691,3.4057,4.1962,2.7324,0.4458,-1.9794,0.0,-2.0096,0.65,27.9833,39.9774,23.809,3.519,2565.49,24.0,nasa_pcoe,1.4392,-0.011400000000000077,-0.002740000000000009,15.977400000000003,1.4638
B0005,130,1.423,0.7665,3.3991,4.1961,2.7447,0.446,-1.9866,0.0,-2.0152,0.65,27.8305,40.2931,23.8719,3.5797,2553.77,24.0,nasa_pcoe,1.4278,-0.0047999999999999154,-0.0028999999999999916,16.293100000000003,1.4514000000000005
B0005,131,1.4205,0.7652,3.4005,4.1961,2.7404,0.4462,-1.9893,0.0,-2.0068,0.65,27.9587,39.972,23.8039,3.6164,2574.97,24.0,nasa_pcoe,1.423,-0.0024999999999999467,-0.0031199999999999674,15.972000000000001,1.4557000000000002
B0005,132,1.4328,0.7718,3.4075,4.1961,2.7375,0.4464,-1.9884,0.0,-2.0152,0.65,27.505,40.5327,23.6897,3.4823,2576.25,24.0,nasa_pcoe,1.4205,0.012299999999999978,0.00024000000000001798,16.5327,1.4586000000000006
B0005,133,1.4214,0.7656,3.4058,4.196,2.7411,0.4466,-1.9773,0.0,-2.0058,0.65,27.703,40.3969,23.786,3.5711,2565.85,24.0,nasa_pcoe,1.4328,-0.011400000000000077,-0.0035600000000000076,16.396900000000002,1.4548999999999999
B0005,134,1.4194,0.7646,3.3939,4.196,2.7419,0.4468,-1.9865,0.0,-2.0126,0.65,27.938,40.4346,23.8021,3.5247,2571.96,24.0,nasa_pcoe,1.4214,-0.0020000000000000018,-0.0016799999999999927,16.434600000000003,1.4541
B0005,135,1.4078,0.7583,3.3999,4.196,2.7492,0.447,-1.9738,0.0,-2.0084,0.65,28.01,40.0952,23.8478,3.48,2533.86,24.0,nasa_pcoe,1.4194,-0.011600000000000055,-0.0030400000000000206,16.0952,1.4467999999999996
B0005,136,1.4102,0.7596,3.3943,4.196,2.7376,0.4472,-1.9741,0.0,-2.0017,0.65,27.9592,40.0132,23.8445,3.5957,2532.25,24.0,nasa_pcoe,1.4078,0.0023999999999999577,-0.0020600000000000397,16.013199999999998,1.4583999999999997
B0005,137,1.4038,0.7561,3.3921,4.1959,2.7385,0.4474,-1.9882,0.0,-2.0141,0.65,27.6109,40.4029,23.8339,3.3641,2541.38,24.0,nasa_pcoe,1.4102,-0.006399999999999961,-0.005800000000000027,16.402900000000002,1.4573999999999998
B0005,138,1.4009,0.7546,3.4031,4.1959,2.7383,0.4476,-1.9544,0.0,-2.0128,0.65,27.9777,40.6263,24.0006,3.6649,2533.66,24.0,nasa_pcoe,1.4038,-0.0028999999999999027,-0.0040999999999999925,16.6263,1.4575999999999998
B0005,139,1.3889,0.7481,3.4,4.1959,2.7413,0.4478,-1.9669,0.0,-2.0044,0.65,27.8776,40.5402,23.8682,3.2781,2508.05,24.0,nasa_pcoe,1.4009,-0.01200000000000001,-0.006099999999999994,16.5402,1.4546000000000001
B0005,140,1.3979,0.753,3.3857,4.1958,2.7413,0.448,-1.9812,0.0,-2.0024,0.65,28.0946,40.1785,23.9854,3.5977,2522.13,24.0,nasa_pcoe,1.3889,0.008999999999999897,-0.001980000000000004,16.1785,1.4545000000000003
B0005,141,1.4009,0.7546,3.3926,4.1958,2.748,0.4482,-1.9994,0.0,-2.0163,0.65,28.0773,40.1339,23.6826,3.4578,2529.28,24.0,nasa_pcoe,1.3979,0.0030000000000001137,-0.0018599999999999728,16.133899999999997,1.4478
B0005,142,1.3957,0.7518,3.3925,4.1958,2.7399,0.4484,-1.9959,0.0,-2.0074,0.65,27.9701,40.2148,23.5128,3.4978,2530.03,24.0,nasa_pcoe,1.4009,-0.0052000000000000934,-0.0016199999999999993,16.214799999999997,1.4559000000000002
B0005,143,1.3948,0.7513,3.3962,4.1957,2.7443,0.4486,-1.991,0.0,-2.008,0.65,27.989,40.5522,23.8122,3.4219,2501.71,24.0,nasa_pcoe,1.3957,-0.0008999999999999009,-0.0012199999999999989,16.5522,1.4514000000000005
B0005,144,1.3888,0.748,3.3933,4.1957,2.7474,0.4488,-1.988,0.0,-2.0025,0.65,28.0593,40.51,23.7253,3.3061,2508.6,24.0,nasa_pcoe,1.3948,-0.006000000000000005,-1.9999999999997796e-05,16.509999999999998,1.4483000000000006
B0005,145,1.3875,0.7474,3.391,4.1957,2.7467,0.449,-1.979,0.0,-2.0105,0.65,28.0344,40.7239,23.7081,3.4112,2503.2,24.0,nasa_pcoe,1.3888,-0.0013000000000000789,-0.002079999999999993,16.7239,1.4490000000000003
B0005,146,1.3855,0.7463,3.3895,4.1957,2.7354,0.4492,-1.9684,0.0,-2.0137,0.65,28.0285,40.6199,23.9149,3.4187,2494.55,24.0,nasa_pcoe,1.3875,-0.0020000000000000018,-0.003080000000000016,16.6199,1.4603000000000006
B0005,147,1.3917,0.7496,3.3895,4.1956,2.7456,0.4494,-1.9619,0.0,-2.0104,0.65,28.0506,40.3592,23.7942,3.4641,2525.16,24.0,nasa_pcoe,1.3855,0.006199999999999983,-0.0008000000000000007,16.3592,1.4499999999999997
B0005,148,1.3807,0.7437,3.3981,4.1956,2.7442,0.4496,-1.9873,0.0,-2.0109,0.65,28.4062,40.516,23.7201,3.4614,2475.69,24.0,nasa_pcoe,1.3917,-0.010999999999999899,-0.0028200000000000005,16.516,1.4513999999999996
B0005,149,1.3833,0.7451,3.3874,4.1956,2.7425,0.4498,-1.9749,0.0,-2.0084,0.65,28.2202,40.6658,23.7264,3.5067,2498.66,24.0,nasa_pcoe,1.3807,0.0025999999999999357,-0.001100000000000012,16.665799999999997,1.4530999999999996
B0005,150,1.3744,0.7403,3.3823,4.1955,2.7425,0.45,-1.9685,0.0,-2.0094,0.65,28.0343,40.8946,23.7332,3.6499,2484.77,24.0,nasa_pcoe,1.3833,-0.008899999999999908,-0.002619999999999978,16.894599999999997,1.4529999999999998
B0005,151,1.3795,0.7431,3.3842,4.1955,2.7388,0.4502,-1.9788,0.0,-2.0051,0.65,28.3735,40.9102,23.7572,3.4788,2488.0,24.0,nasa_pcoe,1.3744,0.005099999999999882,-0.001200000000000001,16.910200000000003,1.4567
B0005,152,1.3697,0.7378,3.3823,4.1955,2.7405,0.4504,-1.9758,0.0,-1.9997,0.65,28.1399,40.781,23.9412,3.4936,2470.02,24.0,nasa_pcoe,1.3795,-0.009800000000000031,-0.004400000000000004,16.781,1.455
B0005,153,1.3674,0.7365,3.3906,4.1954,2.7396,0.4506,-1.9826,0.0,-2.0098,0.65,28.285,41.1675,23.8224,3.4356,2467.22,24.0,nasa_pcoe,1.3697,-0.0022999999999999687,-0.002660000000000018,17.167499999999997,1.4558000000000004
B0005,154,1.3578,0.7314,3.3891,4.1954,2.7408,0.4508,-1.9686,0.0,-2.0034,0.65,28.3323,40.4173,23.7392,3.6038,2443.86,24.0,nasa_pcoe,1.3674,-0.009600000000000053,-0.005100000000000016,16.417299999999997,1.4546000000000001
B0005,155,1.362,0.7336,3.3774,4.1954,2.7433,0.451,-1.9841,0.0,-2.0133,0.65,28.0705,41.0271,23.9257,3.3785,2464.05,24.0,nasa_pcoe,1.3578,0.004200000000000204,-0.0024799999999999935,17.027099999999997,1.4521000000000002
B0005,156,1.3478,0.726,3.3806,4.1954,2.7419,0.4512,-1.9768,0.0,-2.0159,0.65,28.5782,40.8142,23.8201,3.5227,2423.46,24.0,nasa_pcoe,1.362,-0.01419999999999999,-0.006339999999999968,16.8142,1.4535000000000005
B0005,157,1.3536,0.7291,3.3837,4.1953,2.7536,0.4514,-1.9699,0.0,-2.0197,0.65,28.4439,41.1456,23.6683,3.5579,2443.16,24.0,nasa_pcoe,1.3478,0.005799999999999805,-0.0032200000000000006,17.1456,1.4416999999999995
B0005,158,1.3424,0.7231,3.3777,4.1953,2.7504,0.4516,-1.961,0.0,-2.0107,0.65,28.3038,41.194,23.788,3.3262,2424.72,24.0,nasa_pcoe,1.3536,-0.011199999999999877,-0.004999999999999982,17.194000000000003,1.4448999999999996
B0005,159,1.3399,0.7218,3.3733,4.1953,2.7462,0.4518,-1.9758,0.0,-2.0122,0.65,28.5876,41.0446,23.8317,3.5711,2406.63,24.0,nasa_pcoe,1.3424,-0.0024999999999999467,-0.003579999999999961,17.044600000000003,1.4490999999999996
B0005,160,1.3484,0.7263,3.3863,4.1952,2.7465,0.452,-1.9835,0.0,-2.0101,0.65,28.4545,41.1981,23.6384,3.4157,2416.42,24.0,nasa_pcoe,1.3399,0.008499999999999952,-0.0027200000000000115,17.198099999999997,1.4486999999999997
B0005,161,1.3436,0.7237,3.3807,4.1952,2.7524,0.4522,-1.9779,0.0,-2.0063,0.65,28.4276,41.0875,23.7533,3.4413,2418.83,24.0,nasa_pcoe,1.3484,-0.0048000000000001375,-0.0008400000000000407,17.0875,1.4427999999999996
B0005,162,1.3411,0.7224,3.3765,4.1952,2.7531,0.4524,-1.975,0.0,-2.0091,0.65,28.7002,40.5629,23.8678,3.4477,2395.67,24.0,nasa_pcoe,1.3436,-0.0024999999999999467,-0.002499999999999991,16.5629,1.4421
B0005,163,1.3479,0.726,3.3756,4.1951,2.759,0.4526,-1.9911,0.0,-2.0039,0.65,28.8374,40.9334,23.8783,3.4228,2426.51,24.0,nasa_pcoe,1.3411,0.006800000000000139,0.001100000000000012,16.9334,1.4361000000000002
B0005,164,1.3434,0.7236,3.3727,4.1951,2.7494,0.4528,-1.9745,0.0,-2.0098,0.65,28.8543,41.0445,23.8195,3.4406,2404.89,24.0,nasa_pcoe,1.3479,-0.0045000000000001705,0.0006999999999999674,17.0445,1.4457
B0005,165,1.3336,0.7183,3.3623,4.1951,2.7514,0.453,-1.9924,0.0,-2.0145,0.65,28.5246,41.1608,23.8007,3.5868,2394.73,24.0,nasa_pcoe,1.3434,-0.009800000000000031,-0.0029600000000000294,17.160800000000002,1.4437000000000002
B0005,166,1.3261,0.7143,3.3724,4.1951,2.7486,0.4532,-1.9733,0.0,-2.0089,0.65,28.5372,41.1707,23.7204,3.5861,2387.11,24.0,nasa_pcoe,1.3336,-0.00749999999999984,-0.0034999999999999697,17.170699999999997,1.4465
B0005,167,1.3279,0.7153,3.3676,4.195,2.7428,0.4534,-1.9986,0.0,-2.0058,0.65,28.6478,41.4217,23.9531,3.5737,2384.78,24.0,nasa_pcoe,1.3261,0.0018000000000000238,-0.0026399999999999757,17.4217,1.4522000000000004
B0005,168,1.3344,0.7188,3.3707,4.195,2.7581,0.4536,-1.971,0.0,-2.0113,0.65,28.5663,40.8696,23.7281,3.4831,2392.01,24.0,nasa_pcoe,1.3279,0.00649999999999995,-0.0027000000000000136,16.8696,1.4369
B0006,1,2.0229,0.9939,3.5146,4.2,2.6984,0.4202,-1.9853,0.0,-2.0057,0.65,24.463,35.9324,24.001,3.601,3636.82,24.0,nasa_pcoe,2.0229,0.0,0.0,11.932400000000001,1.5016000000000003
B0006,2,2.011,0.9881,3.5205,4.1999,2.6923,0.4204,-1.9886,0.0,-2.0075,0.65,24.5314,36.2525,23.7382,3.4163,3610.91,24.0,nasa_pcoe,2.0229,-0.0118999999999998,0.0,12.252499999999998,1.5076000000000005
B0006,3,2.0029,0.9841,3.5165,4.1999,2.712,0.4206,-1.984,0.0,-2.0097,0.65,24.7076,35.8766,23.8556,3.5316,3613.61,24.0,nasa_pcoe,2.011,-0.008100000000000218,0.0,11.876600000000003,1.4879000000000002
B0006,4,1.99,0.9778,3.5205,4.1999,2.7005,0.4208,-1.9781,0.0,-2.0119,0.65,24.8489,35.5215,23.9399,3.4457,3597.32,24.0,nasa_pcoe,2.0029,-0.012899999999999912,0.0,11.521500000000003,1.4994000000000005
B0006,5,1.9897,0.9776,3.5206,4.1999,2.7056,0.421,-1.9573,0.0,-2.013,0.65,24.5378,35.8325,23.8925,3.3961,3591.5,24.0,nasa_pcoe,1.99,-0.00029999999999996696,0.0,11.832500000000003,1.4943000000000004
B0006,6,1.9772,0.9714,3.5093,4.1998,2.6964,0.4212,-1.988,0.0,-2.0174,0.65,24.7271,36.1668,23.8959,3.4499,3562.0,24.0,nasa_pcoe,1.9897,-0.012499999999999956,-0.009139999999999971,12.166800000000002,1.5033999999999996
B0006,7,1.9703,0.9681,3.5172,4.1998,2.7043,0.4214,-1.9791,0.0,-2.0193,0.65,24.65,36.0513,23.7305,3.4785,3533.63,24.0,nasa_pcoe,1.9772,-0.006900000000000128,-0.008140000000000036,12.051299999999998,1.4954999999999998
B0006,8,1.9618,0.9639,3.5154,4.1998,2.7128,0.4216,-1.9901,0.0,-2.0101,0.65,24.5558,36.0434,23.7776,3.5666,3541.07,24.0,nasa_pcoe,1.9703,-0.008499999999999952,-0.008219999999999983,12.043399999999998,1.4869999999999997
B0006,9,1.956,0.961,3.5114,4.1997,2.7086,0.4218,-1.9782,0.0,-2.0024,0.65,24.4799,36.451,23.7382,3.4131,3520.26,24.0,nasa_pcoe,1.9618,-0.005800000000000027,-0.006800000000000006,12.451,1.4910999999999999
B0006,10,1.9448,0.9555,3.5139,4.1997,2.7007,0.422,-1.9771,0.0,-2.0149,0.65,24.7166,36.1468,23.7812,3.6273,3506.44,24.0,nasa_pcoe,1.956,-0.011199999999999877,-0.008979999999999988,12.146799999999999,1.499
B0006,11,1.9452,0.9558,3.5107,4.1997,2.6948,0.4222,-1.9665,0.0,-2.0101,0.65,24.6521,35.8943,23.7867,3.5012,3493.66,24.0,nasa_pcoe,1.9448,0.00039999999999995595,-0.0064000000000000055,11.894300000000001,1.5049000000000001
B0006,12,1.9338,0.9501,3.5088,4.1996,2.7014,0.4224,-1.9698,0.0,-2.0162,0.65,24.7889,36.3121,23.7821,3.4927,3472.54,24.0,nasa_pcoe,1.9452,-0.011400000000000077,-0.007299999999999996,12.312100000000001,1.4982000000000002
B0006,13,1.916,0.9414,3.5081,4.1996,2.7038,0.4226,-1.9786,0.0,-2.0103,0.65,24.7371,36.3993,23.9448,3.4466,3451.41,24.0,nasa_pcoe,1.9338,-0.017800000000000038,-0.009160000000000012,12.399299999999997,1.4958
B0006,14,1.9225,0.9446,3.5044,4.1996,2.7043,0.4228,-2.002,0.0,-2.0143,0.65,24.9303,36.0336,23.8334,3.4594,3470.37,24.0,nasa_pcoe,1.916,0.006500000000000172,-0.0066999999999999725,12.0336,1.4953000000000003
B0006,15,1.9121,0.9394,3.5053,4.1996,2.6882,0.423,-1.9865,0.0,-2.0147,0.65,24.8963,36.339,23.8829,3.4153,3437.0,24.0,nasa_pcoe,1.9225,-0.010400000000000187,-0.0065400000000000345,12.338999999999999,1.5114
B0006,16,1.9039,0.9354,3.4989,4.1995,2.7153,0.4232,-1.9827,0.0,-2.0113,0.65,24.8237,36.4401,23.6867,3.642,3434.56,24.0,nasa_pcoe,1.9121,-0.008199999999999985,-0.008260000000000023,12.440100000000001,1.4841999999999995
B0006,17,1.9039,0.9355,3.5042,4.1995,2.7135,0.4234,-1.9542,0.0,-2.0047,0.65,25.3571,36.313,23.8937,3.5329,3431.03,24.0,nasa_pcoe,1.9039,0.0,-0.005980000000000008,12.313000000000002,1.4859999999999998
B0006,18,1.8962,0.9316,3.5006,4.1995,2.6977,0.4236,-1.975,0.0,-2.0093,0.65,25.0895,36.4009,23.762,3.5843,3423.08,24.0,nasa_pcoe,1.9039,-0.007699999999999818,-0.0039599999999999635,12.4009,1.5017999999999994
B0006,19,1.883,0.9252,3.5003,4.1994,2.6988,0.4238,-2.0002,0.0,-2.0175,0.65,25.1336,36.7333,24.0365,3.5025,3394.17,24.0,nasa_pcoe,1.8962,-0.0132000000000001,-0.007900000000000018,12.7333,1.5006
B0006,20,1.8874,0.9273,3.4947,4.1994,2.7055,0.424,-1.9875,0.0,-2.0121,0.65,25.0518,36.5018,23.8194,3.6114,3401.43,24.0,nasa_pcoe,1.883,0.0043999999999999595,-0.004939999999999989,12.501800000000003,1.4939
B0006,21,1.8709,0.9192,3.5035,4.1994,2.7157,0.4242,-1.9891,0.0,-2.0124,0.65,24.7678,36.7486,23.756,3.5101,3358.35,24.0,nasa_pcoe,1.8874,-0.01649999999999996,-0.0065999999999999835,12.748600000000003,1.4836999999999998
B0006,22,1.8631,0.9154,3.502,4.1993,2.7063,0.4244,-1.9771,0.0,-2.0132,0.65,25.304,36.6639,23.8635,3.4857,3352.76,24.0,nasa_pcoe,1.8709,-0.007800000000000029,-0.00815999999999999,12.663899999999998,1.4929999999999999
B0006,23,1.8779,0.9227,3.5043,4.1993,2.7041,0.4246,-1.9781,0.0,-2.0101,0.65,24.9757,36.3835,23.8171,3.5392,3378.54,24.0,nasa_pcoe,1.8631,0.014799999999999924,-0.003660000000000041,12.383499999999998,1.4952
B0006,24,1.8687,0.9181,3.4982,4.1993,2.7039,0.4248,-1.975,0.0,-2.008,0.65,24.9621,36.7755,23.876,3.4967,3351.09,24.0,nasa_pcoe,1.8779,-0.009199999999999875,-0.002859999999999996,12.775500000000001,1.4954
B0006,25,1.8523,0.9101,3.4961,4.1993,2.7088,0.425,-1.9863,0.0,-2.0102,0.65,24.8739,36.7525,23.7641,3.4307,3340.57,24.0,nasa_pcoe,1.8687,-0.01639999999999997,-0.007019999999999982,12.752499999999998,1.4905
B0006,26,1.8435,0.9058,3.4931,4.1992,2.7019,0.4252,-1.9976,0.0,-2.0076,0.65,25.3269,36.5369,23.8767,3.5429,3309.28,24.0,nasa_pcoe,1.8523,-0.008800000000000141,-0.005480000000000018,12.536900000000003,1.4973
B0006,27,1.8387,0.9034,3.4935,4.1992,2.7087,0.4254,-1.9727,0.0,-2.0157,0.65,25.141,36.425,23.957,3.4459,3306.07,24.0,nasa_pcoe,1.8435,-0.0047999999999999154,-0.0048799999999999955,12.424999999999997,1.4905000000000004
B0006,28,1.8314,0.8998,3.4899,4.1992,2.7111,0.4256,-1.9905,0.0,-2.0073,0.65,25.3018,36.4159,23.7528,3.5727,3298.07,24.0,nasa_pcoe,1.8387,-0.007300000000000084,-0.009299999999999998,12.4159,1.4881000000000002
B0006,29,1.8161,0.8923,3.5015,4.1991,2.7066,0.4258,-1.984,0.0,-2.0078,0.65,25.3073,36.9172,23.8128,3.4623,3259.57,24.0,nasa_pcoe,1.8314,-0.01529999999999987,-0.010519999999999996,12.917200000000001,1.4924999999999997
B0006,30,1.8185,0.8935,3.4921,4.1991,2.7066,0.426,-1.9722,0.0,-2.0047,0.65,25.1441,36.9932,23.7463,3.5232,3269.2,24.0,nasa_pcoe,1.8161,0.0023999999999999577,-0.006760000000000011,12.993200000000002,1.4924999999999997
B0006,31,1.817,0.8928,3.4846,4.1991,2.7144,0.4262,-1.9937,0.0,-2.0071,0.65,25.3227,36.9098,23.7802,3.5031,3273.39,24.0,nasa_pcoe,1.8185,-0.0015000000000000568,-0.005299999999999994,12.909799999999997,1.4846999999999997
B0006,32,1.8149,0.8917,3.4947,4.199,2.707,0.4264,-1.9717,0.0,-2.0097,0.65,25.1435,36.5755,23.7766,3.5017,3241.07,24.0,nasa_pcoe,1.817,-0.0020999999999999908,-0.004760000000000009,12.575499999999998,1.492
B0006,33,1.8046,0.8866,3.5052,4.199,2.7015,0.4266,-1.9766,0.0,-2.0091,0.65,25.2921,36.6795,23.863,3.5039,3258.17,24.0,nasa_pcoe,1.8149,-0.010299999999999976,-0.005359999999999987,12.679499999999997,1.4975
B0006,34,1.7948,0.8818,3.4897,4.199,2.7162,0.4268,-1.9762,0.0,-2.0083,0.65,25.1172,37.0089,23.7463,3.3443,3243.82,24.0,nasa_pcoe,1.8046,-0.009800000000000031,-0.004260000000000019,13.008899999999997,1.4827999999999997
B0006,35,1.7945,0.8817,3.4898,4.199,2.7148,0.427,-1.9706,0.0,-2.0134,0.65,25.3465,36.8089,23.7963,3.6131,3233.88,24.0,nasa_pcoe,1.7948,-0.00029999999999996696,-0.004800000000000004,12.808900000000001,1.4842
B0006,36,1.7808,0.875,3.4882,4.1989,2.7106,0.4272,-1.9832,0.0,-2.0123,0.65,25.5021,36.8574,23.5105,3.3792,3202.34,24.0,nasa_pcoe,1.7945,-0.013700000000000045,-0.007240000000000002,12.857399999999998,1.4883000000000002
B0006,37,1.7861,0.8775,3.4843,4.1989,2.7117,0.4274,-1.9669,0.0,-2.0121,0.65,25.4057,37.2526,23.8345,3.4639,3211.42,24.0,nasa_pcoe,1.7808,0.005300000000000082,-0.005759999999999987,13.252600000000001,1.4872
B0006,38,1.7719,0.8706,3.4866,4.1989,2.7206,0.4276,-1.9695,0.0,-2.007,0.65,25.2899,36.8811,23.8661,3.564,3181.38,24.0,nasa_pcoe,1.7861,-0.01419999999999999,-0.00653999999999999,12.881100000000004,1.4783
B0006,39,1.7735,0.8714,3.4835,4.1988,2.7078,0.4278,-1.9836,0.0,-2.0129,0.65,25.1255,36.8938,23.7665,3.5362,3186.84,24.0,nasa_pcoe,1.7719,0.0016000000000000458,-0.004259999999999975,12.893799999999999,1.491
B0006,40,1.7615,0.8655,3.4795,4.1988,2.715,0.428,-1.9778,0.0,-2.01,0.65,25.5242,37.0171,23.8076,3.5611,3159.41,24.0,nasa_pcoe,1.7735,-0.01200000000000001,-0.0065999999999999835,13.0171,1.4838000000000005
B0006,41,1.7718,0.8705,3.4925,4.1988,2.6982,0.4282,-1.9843,0.0,-2.0013,0.65,25.6218,37.2776,23.9215,3.5314,3185.55,24.0,nasa_pcoe,1.7615,0.010299999999999976,-0.0017999999999999794,13.2776,1.5006000000000004
B0006,42,1.75,0.8598,3.4776,4.1988,2.7219,0.4284,-1.9796,0.0,-2.0061,0.65,25.6982,37.1486,23.7583,3.5409,3167.95,24.0,nasa_pcoe,1.7718,-0.02180000000000004,-0.007220000000000004,13.148600000000002,1.4769
B0006,43,1.7565,0.863,3.4827,4.1987,2.7174,0.4286,-1.9875,0.0,-2.0079,0.65,25.4578,37.498,23.9144,3.4985,3174.07,24.0,nasa_pcoe,1.75,0.00649999999999995,-0.003080000000000016,13.497999999999998,1.4812999999999996
B0006,44,1.7451,0.8574,3.4716,4.1987,2.7148,0.4288,-1.9732,0.0,-2.0044,0.65,25.5846,37.7071,23.8895,3.4155,3145.2,24.0,nasa_pcoe,1.7565,-0.011399999999999855,-0.005679999999999996,13.707099999999997,1.4838999999999998
B0006,45,1.7335,0.8517,3.4798,4.1987,2.7084,0.429,-1.9793,0.0,-2.0128,0.65,25.8592,37.1031,23.7579,3.6158,3130.42,24.0,nasa_pcoe,1.7451,-0.011600000000000055,-0.005600000000000005,13.103099999999998,1.4902999999999995
B0006,46,1.7304,0.8502,3.4724,4.1986,2.7099,0.4292,-1.9899,0.0,-2.0091,0.65,25.858,37.3105,23.7808,3.6005,3137.96,24.0,nasa_pcoe,1.7335,-0.0031000000000001027,-0.00828000000000002,13.310499999999998,1.4886999999999997
B0006,47,1.7251,0.8476,3.4759,4.1986,2.725,0.4294,-1.9733,0.0,-2.0065,0.65,25.5345,37.3123,23.7608,3.6031,3106.27,24.0,nasa_pcoe,1.7304,-0.00529999999999986,-0.0049799999999999844,13.3123,1.4735999999999998
B0006,48,1.7056,0.838,3.4853,4.1986,2.7152,0.4296,-1.9744,0.0,-2.0127,0.65,25.9573,37.8431,23.8203,3.6226,3059.13,24.0,nasa_pcoe,1.7251,-0.019500000000000073,-0.01017999999999999,13.8431,1.4834
B0006,49,1.7121,0.8412,3.4766,4.1985,2.717,0.4298,-1.9807,0.0,-2.0154,0.65,25.4828,37.5818,23.7662,3.473,3064.5,24.0,nasa_pcoe,1.7056,0.00649999999999995,-0.006600000000000028,13.581800000000001,1.4815
B0006,50,1.6977,0.8341,3.4731,4.1985,2.7119,0.43,-1.9784,0.0,-2.0123,0.65,25.8704,37.3985,23.8623,3.5872,3063.46,24.0,nasa_pcoe,1.7121,-0.014399999999999968,-0.007160000000000011,13.398499999999999,1.4866000000000001
B0006,51,1.6931,0.8319,3.4692,4.1985,2.7141,0.4302,-1.9754,0.0,-2.0103,0.65,25.9127,37.354,23.8498,3.5253,3045.47,24.0,nasa_pcoe,1.6977,-0.0045999999999999375,-0.007459999999999978,13.354,1.4844
B0006,52,1.6911,0.8309,3.4788,4.1985,2.7253,0.4304,-1.988,0.0,-2.0065,0.65,26.0148,37.3946,23.6776,3.5487,3048.19,24.0,nasa_pcoe,1.6931,-0.0020000000000000018,-0.006800000000000006,13.394599999999997,1.4732000000000003
B0006,53,1.6884,0.8296,3.4679,4.1984,2.715,0.4306,-1.9763,0.0,-2.0092,0.65,25.8623,37.511,23.8574,3.4591,3039.4,24.0,nasa_pcoe,1.6911,-0.0027000000000001467,-0.0034400000000000207,13.511000000000003,1.4834000000000005
B0006,54,1.687,0.8289,3.4722,4.1984,2.7104,0.4308,-1.9824,0.0,-2.013,0.65,25.8575,37.3083,23.6689,3.4105,3026.55,24.0,nasa_pcoe,1.6884,-0.0013999999999998458,-0.00501999999999998,13.308300000000003,1.4880000000000004
B0006,55,1.6837,0.8273,3.4654,4.1984,2.7219,0.431,-1.9639,0.0,-2.0152,0.65,25.593,37.6358,23.8492,3.3731,3016.9,24.0,nasa_pcoe,1.687,-0.0033000000000000806,-0.0028000000000000026,13.635800000000003,1.4765000000000001
B0006,56,1.6829,0.8268,3.4716,4.1983,2.7203,0.4312,-1.98,0.0,-2.0108,0.65,25.9194,37.9016,23.8042,3.5533,3016.39,24.0,nasa_pcoe,1.6837,-0.0007999999999999119,-0.0020399999999999975,13.901600000000002,1.4779999999999998
B0006,57,1.6729,0.8219,3.4684,4.1983,2.7215,0.4314,-1.9791,0.0,-2.0095,0.65,25.9842,37.7983,23.8284,3.5325,3014.1,24.0,nasa_pcoe,1.6829,-0.010000000000000009,-0.0036399999999999987,13.798299999999998,1.4768
B0006,58,1.6644,0.8178,3.4602,4.1983,2.723,0.4316,-1.995,0.0,-2.0203,0.65,26.1735,37.5783,23.6306,3.5877,2995.38,24.0,nasa_pcoe,1.6729,-0.008499999999999952,-0.00479999999999996,13.578299999999999,1.4752999999999998
B0006,59,1.6672,0.8192,3.4659,4.1982,2.7166,0.4318,-1.9867,0.0,-2.0216,0.65,25.9743,37.8455,23.7745,3.4293,2993.9,24.0,nasa_pcoe,1.6644,0.0027999999999999137,-0.003960000000000008,13.845500000000001,1.4815999999999998
B0006,60,1.6725,0.8218,3.4603,4.1982,2.7192,0.432,-1.9748,0.0,-2.005,0.65,25.968,37.8279,23.8242,3.5505,3016.2,24.0,nasa_pcoe,1.6672,0.005300000000000082,-0.0022399999999999755,13.8279,1.479
B0006,61,1.6589,0.8151,3.4578,4.1982,2.7101,0.4322,-1.9836,0.0,-2.0217,0.65,26.2117,37.6515,23.9047,3.5879,2996.67,24.0,nasa_pcoe,1.6725,-0.013600000000000056,-0.004800000000000004,13.651499999999999,1.4880999999999998
B0006,62,1.6451,0.8083,3.4606,4.1982,2.7207,0.4324,-1.9775,0.0,-2.0117,0.65,26.2067,37.9227,23.7629,3.3816,2971.14,24.0,nasa_pcoe,1.6589,-0.013800000000000034,-0.005560000000000009,13.922699999999999,1.4775
B0006,63,1.6465,0.809,3.4648,4.1981,2.7192,0.4326,-1.9749,0.0,-2.0141,0.65,26.0475,37.5301,23.8758,3.7041,2954.27,24.0,nasa_pcoe,1.6451,0.0014000000000000679,-0.0035800000000000055,13.530099999999997,1.4789000000000003
B0006,64,1.6342,0.8029,3.4541,4.1981,2.7207,0.4328,-1.9838,0.0,-2.0073,0.65,26.113,37.8289,23.7142,3.4594,2927.88,24.0,nasa_pcoe,1.6465,-0.012299999999999978,-0.0065999999999999835,13.828899999999997,1.4774000000000003
B0006,65,1.6242,0.798,3.4656,4.1981,2.7278,0.433,-1.9811,0.0,-2.0071,0.65,26.1744,37.7947,23.8348,3.5414,2923.39,24.0,nasa_pcoe,1.6342,-0.010000000000000009,-0.009660000000000002,13.794699999999999,1.4703000000000004
B0006,66,1.6236,0.7977,3.4665,4.198,2.7166,0.4332,-1.9805,0.0,-2.0059,0.65,26.0885,38.0525,23.6951,3.4726,2916.95,24.0,nasa_pcoe,1.6242,-0.000600000000000156,-0.007060000000000022,14.052500000000002,1.4814000000000003
B0006,67,1.6224,0.7971,3.4628,4.198,2.7189,0.4334,-1.9669,0.0,-2.0072,0.65,26.235,37.9026,23.7756,3.6086,2917.74,24.0,nasa_pcoe,1.6236,-0.0011999999999998678,-0.0045399999999999885,13.9026,1.4791000000000003
B0006,68,1.6154,0.7937,3.4594,4.198,2.724,0.4336,-1.9687,0.0,-2.0081,0.65,26.145,38.1984,23.7356,3.6674,2899.76,24.0,nasa_pcoe,1.6224,-0.007000000000000117,-0.006220000000000026,14.1984,1.4740000000000002
B0006,69,1.61,0.791,3.4558,4.1979,2.7182,0.4338,-1.9638,0.0,-2.0199,0.65,26.2864,38.4431,23.6959,3.4742,2885.36,24.0,nasa_pcoe,1.6154,-0.005399999999999849,-0.00484,14.443100000000001,1.4796999999999998
B0006,70,1.5981,0.7852,3.4631,4.1979,2.7195,0.434,-1.9785,0.0,-2.0201,0.65,26.3325,37.8519,23.7815,3.4967,2864.57,24.0,nasa_pcoe,1.61,-0.011900000000000022,-0.005220000000000002,13.8519,1.4783999999999997
B0006,71,1.5983,0.7853,3.4629,4.1979,2.7299,0.4342,-1.9936,0.0,-2.0105,0.65,26.5266,37.8832,23.9072,3.478,2865.8,24.0,nasa_pcoe,1.5981,0.00019999999999997797,-0.005059999999999976,13.883200000000002,1.4679999999999995
B0006,72,1.592,0.7822,3.4484,4.1979,2.7206,0.4344,-1.976,0.0,-2.0114,0.65,26.4623,38.1703,23.7541,3.5169,2868.45,24.0,nasa_pcoe,1.5983,-0.006299999999999972,-0.006079999999999997,14.170299999999997,1.4772999999999996
B0006,73,1.5865,0.7795,3.4595,4.1978,2.7163,0.4346,-1.9575,0.0,-2.004,0.65,26.2923,38.1732,23.7708,3.3706,2861.11,24.0,nasa_pcoe,1.592,-0.00550000000000006,-0.005779999999999985,14.173200000000001,1.4815
B0006,74,1.583,0.7778,3.4501,4.1978,2.7177,0.4348,-1.9734,0.0,-2.0114,0.65,26.3,38.1417,23.8457,3.5414,2859.05,24.0,nasa_pcoe,1.5865,-0.0035000000000000586,-0.005400000000000027,14.1417,1.4801000000000002
B0006,75,1.5924,0.7824,3.4643,4.1978,2.7175,0.435,-1.9683,0.0,-2.008,0.65,26.0193,38.2437,23.7488,3.5067,2884.98,24.0,nasa_pcoe,1.583,0.009400000000000075,-0.0011400000000000078,14.243699999999997,1.4803000000000002
B0006,76,1.5848,0.7786,3.448,4.1977,2.7208,0.4352,-1.9797,0.0,-2.0118,0.65,26.4018,38.6047,23.9089,3.4881,2832.14,24.0,nasa_pcoe,1.5924,-0.007600000000000051,-0.0027000000000000136,14.604700000000001,1.4769
B0006,77,1.5828,0.7777,3.4571,4.1977,2.7227,0.4354,-1.9703,0.0,-2.0112,0.65,26.3919,38.048,23.831,3.4393,2846.08,24.0,nasa_pcoe,1.5848,-0.0020000000000000018,-0.0018400000000000194,14.048000000000002,1.475
B0006,78,1.5717,0.7722,3.4451,4.1977,2.7202,0.4356,-1.9779,0.0,-2.0124,0.65,26.4631,38.3041,23.8163,3.5647,2832.36,24.0,nasa_pcoe,1.5828,-0.011099999999999888,-0.0029599999999999848,14.304099999999998,1.4775
B0006,79,1.5573,0.7652,3.4498,4.1976,2.7268,0.4358,-1.9851,0.0,-2.0049,0.65,26.5632,38.1575,23.8272,3.5088,2812.28,24.0,nasa_pcoe,1.5717,-0.01440000000000019,-0.005140000000000011,14.157499999999999,1.4708000000000006
B0006,80,1.5534,0.7632,3.4476,4.1976,2.7215,0.436,-1.9813,0.0,-2.0184,0.65,26.5592,38.3234,23.9224,3.3516,2807.76,24.0,nasa_pcoe,1.5573,-0.0039000000000000146,-0.007800000000000029,14.3234,1.4761000000000006
B0006,81,1.5525,0.7628,3.4421,4.1976,2.7256,0.4362,-1.9902,0.0,-2.0135,0.65,26.3776,38.6267,23.7763,3.536,2796.86,24.0,nasa_pcoe,1.5534,-0.0008999999999999009,-0.006459999999999999,14.6267,1.4720000000000004
B0006,82,1.5514,0.7623,3.452,4.1976,2.719,0.4364,-2.001,0.0,-2.0132,0.65,26.368,38.718,23.7528,3.413,2803.26,24.0,nasa_pcoe,1.5525,-0.001100000000000101,-0.006280000000000019,14.718000000000004,1.4786000000000006
B0006,83,1.5424,0.7578,3.4539,4.1975,2.7192,0.4366,-1.9652,0.0,-2.003,0.65,26.4747,38.5002,23.6058,3.4369,2783.38,24.0,nasa_pcoe,1.5514,-0.008999999999999897,-0.005860000000000021,14.5002,1.4783
B0006,84,1.5243,0.7489,3.4485,4.1975,2.7319,0.4368,-1.9968,0.0,-2.0119,0.65,26.6974,38.7369,23.7578,3.5295,2758.12,24.0,nasa_pcoe,1.5424,-0.018100000000000005,-0.0065999999999999835,14.736899999999999,1.4655999999999998
B0006,85,1.5274,0.7504,3.436,4.1975,2.7208,0.437,-1.9724,0.0,-2.0084,0.65,26.6067,38.7739,23.7913,3.5083,2751.53,24.0,nasa_pcoe,1.5243,0.0031000000000001027,-0.00519999999999996,14.773899999999998,1.4766999999999997
B0006,86,1.5314,0.7524,3.4494,4.1974,2.7359,0.4372,-1.9754,0.0,-2.0091,0.65,26.8181,38.3937,23.6926,3.455,2744.77,24.0,nasa_pcoe,1.5274,0.0040000000000000036,-0.004219999999999979,14.393700000000003,1.4615
B0006,87,1.5205,0.7471,3.4399,4.1974,2.7243,0.4374,-1.9875,0.0,-2.0004,0.65,26.6067,38.8332,23.5954,3.403,2739.34,24.0,nasa_pcoe,1.5314,-0.010900000000000132,-0.006179999999999986,14.833199999999998,1.4731
B0006,88,1.5154,0.7446,3.4452,4.1974,2.7378,0.4376,-1.972,0.0,-2.01,0.65,26.7214,38.4346,23.658,3.4457,2726.42,24.0,nasa_pcoe,1.5205,-0.005099999999999882,-0.005399999999999983,14.434600000000003,1.4596
B0006,89,1.5045,0.7392,3.4327,4.1974,2.7252,0.4378,-1.9844,0.0,-2.0093,0.65,26.7174,38.8434,23.7024,3.4146,2705.34,24.0,nasa_pcoe,1.5154,-0.010900000000000132,-0.003960000000000008,14.843400000000003,1.4722
B0006,90,1.5096,0.7417,3.4396,4.1973,2.7256,0.438,-1.9678,0.0,-2.0086,0.65,26.7069,38.8331,23.7035,3.4667,2730.6,24.0,nasa_pcoe,1.5045,0.0051000000000001044,-0.0035600000000000076,14.833100000000002,1.4717000000000002
B0006,91,1.506,0.7399,3.4406,4.1973,2.7377,0.4382,-1.9903,0.0,-2.0125,0.65,26.6596,38.7873,23.8115,3.4117,2713.28,24.0,nasa_pcoe,1.5096,-0.0036000000000000476,-0.005080000000000018,14.787300000000002,1.4596000000000005
B0006,92,1.5028,0.7384,3.4373,4.1973,2.7289,0.4384,-1.982,0.0,-2.0149,0.65,26.59,38.9975,23.8578,3.5987,2696.06,24.0,nasa_pcoe,1.506,-0.0032000000000000917,-0.0035400000000000097,14.997500000000002,1.4684000000000004
B0006,93,1.5093,0.7416,3.4346,4.1972,2.724,0.4386,-1.9685,0.0,-2.0202,0.65,26.941,39.1755,23.8854,3.5896,2725.68,24.0,nasa_pcoe,1.5028,0.006500000000000172,-0.0012199999999999989,15.1755,1.4731999999999994
B0006,94,1.4886,0.7314,3.4356,4.1972,2.7307,0.4388,-1.9752,0.0,-2.0092,0.65,26.9196,38.9319,23.8304,3.5363,2678.04,24.0,nasa_pcoe,1.5093,-0.020700000000000163,-0.003180000000000005,14.931899999999999,1.4664999999999995
B0006,95,1.4911,0.7326,3.434,4.1972,2.7339,0.439,-1.9864,0.0,-2.0095,0.65,27.0692,38.8793,23.9302,3.5398,2671.05,24.0,nasa_pcoe,1.4886,0.0025000000000001688,-0.0036999999999999924,14.8793,1.4632999999999994
B0006,96,1.492,0.733,3.4375,4.1971,2.7278,0.4392,-1.9566,0.0,-2.0019,0.65,26.8396,38.9287,23.9517,3.6584,2703.54,24.0,nasa_pcoe,1.4911,0.0008999999999999009,-0.0028000000000000026,14.9287,1.4693
B0006,97,1.4745,0.7245,3.4263,4.1971,2.729,0.4394,-1.9635,0.0,-2.0138,0.65,27.0154,38.9246,23.7865,3.299,2668.6,24.0,nasa_pcoe,1.492,-0.01750000000000007,-0.005659999999999998,14.924599999999998,1.4680999999999997
B0006,98,1.4738,0.7241,3.4314,4.1971,2.7356,0.4396,-1.9778,0.0,-2.0061,0.65,26.9921,39.2961,23.7939,3.3595,2657.17,24.0,nasa_pcoe,1.4745,-0.0006999999999999229,-0.007100000000000018,15.296100000000003,1.4615
B0006,99,1.4651,0.7198,3.4363,4.1971,2.734,0.4398,-1.9789,0.0,-2.0059,0.65,26.625,39.2396,23.6956,3.5017,2636.3,24.0,nasa_pcoe,1.4738,-0.00869999999999993,-0.004699999999999971,15.239600000000003,1.4630999999999998
B0006,100,1.4678,0.7212,3.4252,4.197,2.7372,0.44,-1.9873,0.0,-2.0101,0.65,27.1299,38.9123,23.8105,3.4169,2653.08,24.0,nasa_pcoe,1.4651,0.0026999999999999247,-0.00466000000000002,14.912300000000002,1.4598
B0006,101,1.4452,0.7101,3.4278,4.197,2.7285,0.4402,-1.9732,0.0,-1.9963,0.65,26.9187,38.8756,23.8731,3.6413,2601.9,24.0,nasa_pcoe,1.4678,-0.022599999999999953,-0.00935999999999999,14.875599999999999,1.4685000000000001
B0006,102,1.4369,0.706,3.4291,4.197,2.7291,0.4404,-2.0074,0.0,-2.0092,0.65,27.1635,38.9023,23.7591,3.5047,2578.38,24.0,nasa_pcoe,1.4452,-0.008299999999999974,-0.007519999999999971,14.902299999999997,1.4679000000000002
B0006,103,1.434,0.7046,3.4281,4.1969,2.7209,0.4406,-1.9915,0.0,-2.0081,0.65,26.9542,39.4921,23.7606,3.3621,2593.28,24.0,nasa_pcoe,1.4369,-0.0029000000000001247,-0.007960000000000012,15.4921,1.4760000000000004
B0006,104,1.4353,0.7052,3.4267,4.1969,2.7336,0.4408,-1.9862,0.0,-2.0103,0.65,26.9168,39.39,23.7965,3.5211,2576.53,24.0,nasa_pcoe,1.434,0.0013000000000000789,-0.0059600000000000096,15.39,1.4633000000000003
B0006,105,1.4325,0.7038,3.4259,4.1969,2.7367,0.441,-1.9826,0.0,-2.0002,0.65,27.1666,39.444,23.7893,3.3958,2581.72,24.0,nasa_pcoe,1.4353,-0.0027999999999999137,-0.007059999999999978,15.444000000000003,1.4602000000000004
B0006,106,1.4266,0.7009,3.4234,4.1968,2.733,0.4412,-1.9725,0.0,-2.0137,0.65,27.3278,39.1921,23.7031,3.5055,2557.8,24.0,nasa_pcoe,1.4325,-0.005900000000000016,-0.00371999999999999,15.192100000000003,1.4637999999999995
B0006,107,1.4278,0.7015,3.4188,4.1968,2.7377,0.4414,-1.9755,0.0,-2.007,0.65,27.2706,39.5596,23.8766,3.4812,2576.34,24.0,nasa_pcoe,1.4266,0.0011999999999998678,-0.0018200000000000217,15.559600000000003,1.4590999999999998
B0006,108,1.424,0.6996,3.4169,4.1968,2.7363,0.4416,-1.9803,0.0,-2.0117,0.65,27.4451,39.1586,23.8064,3.4694,2580.07,24.0,nasa_pcoe,1.4278,-0.0038000000000000256,-0.0020000000000000018,15.1586,1.4604999999999997
B0006,109,1.4163,0.6959,3.4184,4.1968,2.7394,0.4418,-1.9728,0.0,-2.0112,0.65,27.1685,39.3989,23.8003,3.4171,2533.06,24.0,nasa_pcoe,1.424,-0.00770000000000004,-0.0038000000000000256,15.398899999999998,1.4573999999999998
B0006,110,1.4131,0.6943,3.4194,4.1967,2.7338,0.442,-1.9736,0.0,-2.0139,0.65,27.2063,39.427,23.8571,3.4416,2543.21,24.0,nasa_pcoe,1.4163,-0.0031999999999998696,-0.0038800000000000167,15.427,1.4628999999999999
B0006,111,1.4198,0.6976,3.4193,4.1967,2.7306,0.4422,-1.9759,0.0,-2.0,0.65,27.3102,39.5258,23.9258,3.4717,2549.31,24.0,nasa_pcoe,1.4131,0.006699999999999928,-0.0013600000000000279,15.525799999999997,1.4661
B0006,112,1.4029,0.6893,3.4214,4.1967,2.7258,0.4424,-1.9852,0.0,-2.0071,0.65,27.3605,39.204,23.9101,3.5431,2531.19,24.0,nasa_pcoe,1.4198,-0.016899999999999915,-0.0049799999999999844,15.204,1.4708999999999999
B0006,113,1.3953,0.6855,3.4242,4.1966,2.7407,0.4426,-1.9643,0.0,-2.0199,0.65,27.3708,39.4446,23.8353,3.4894,2503.63,24.0,nasa_pcoe,1.4029,-0.007600000000000051,-0.00573999999999999,15.444600000000001,1.4559000000000002
B0006,114,1.3962,0.686,3.4084,4.1966,2.735,0.4428,-1.985,0.0,-2.0142,0.65,27.3989,39.4184,23.7406,3.4581,2502.54,24.0,nasa_pcoe,1.3953,0.0009000000000001229,-0.004019999999999957,15.418399999999998,1.4616000000000002
B0006,115,1.3939,0.6849,3.418,4.1966,2.7414,0.443,-1.9672,0.0,-2.0076,0.65,27.5017,39.689,23.8242,3.552,2489.1,24.0,nasa_pcoe,1.3962,-0.0023000000000001908,-0.0038400000000000213,15.689,1.4552
B0006,116,1.3882,0.682,3.4162,4.1965,2.7403,0.4432,-1.9822,0.0,-2.0121,0.65,27.4813,39.6678,23.8946,3.4455,2484.07,24.0,nasa_pcoe,1.3939,-0.005699999999999816,-0.00631999999999997,15.6678,1.4562000000000004
B0006,117,1.3763,0.6762,3.4199,4.1965,2.7382,0.4434,-1.9837,0.0,-2.0158,0.65,27.5771,39.5267,23.8356,3.5837,2467.48,24.0,nasa_pcoe,1.3882,-0.011900000000000022,-0.005319999999999991,15.526699999999998,1.4583000000000004
B0006,118,1.3723,0.6743,3.4106,4.1965,2.7299,0.4436,-1.9825,0.0,-2.0154,0.65,27.6861,39.7564,23.6771,3.5896,2467.65,24.0,nasa_pcoe,1.3763,-0.0040000000000000036,-0.004599999999999982,15.7564,1.4666000000000001
B0006,119,1.3683,0.6723,3.4143,4.1965,2.7321,0.4438,-1.9724,0.0,-2.0082,0.65,27.4829,39.7159,23.7595,3.4718,2460.62,24.0,nasa_pcoe,1.3723,-0.0040000000000000036,-0.005580000000000007,15.715899999999998,1.4644000000000004
B0006,120,1.3678,0.672,3.415,4.1964,2.7306,0.444,-1.9702,0.0,-2.0044,0.65,27.584,39.4941,23.8199,3.5807,2455.34,24.0,nasa_pcoe,1.3683,-0.000500000000000167,-0.005220000000000002,15.494100000000003,1.4657999999999998
B0006,121,1.3483,0.6625,3.407,4.1964,2.7386,0.4442,-1.9852,0.0,-2.0046,0.65,27.7636,39.9375,23.8738,3.4442,2437.0,24.0,nasa_pcoe,1.3678,-0.01949999999999985,-0.00798000000000001,15.9375,1.4577999999999998
B0006,122,1.3437,0.6602,3.416,4.1964,2.7414,0.4444,-1.997,0.0,-2.0143,0.65,27.6786,39.7911,23.882,3.5079,2425.2,24.0,nasa_pcoe,1.3483,-0.0046000000000001595,-0.006520000000000037,15.7911,1.4549999999999996
B0006,123,1.3561,0.6663,3.4053,4.1963,2.7381,0.4446,-1.9726,0.0,-2.0097,0.65,27.7099,39.8862,23.9023,3.3187,2437.11,24.0,nasa_pcoe,1.3437,0.012400000000000189,-0.0032399999999999985,15.886200000000002,1.4581999999999997
B0006,124,1.3447,0.6607,3.4144,4.1963,2.7382,0.4448,-1.9621,0.0,-2.0054,0.65,27.6458,39.9933,23.9299,3.4657,2423.49,24.0,nasa_pcoe,1.3561,-0.011400000000000077,-0.004720000000000013,15.993299999999998,1.4581
B0006,125,1.3445,0.6606,3.4069,4.1963,2.7404,0.445,-1.9688,0.0,-2.0021,0.65,27.7166,40.1006,23.7655,3.4173,2414.68,24.0,nasa_pcoe,1.3447,-0.00019999999999997797,-0.004659999999999975,16.1006,1.4558999999999997
B0006,126,1.3416,0.6592,3.4058,4.1963,2.7353,0.4452,-1.9822,0.0,-2.0141,0.65,27.6084,40.0532,24.001,3.6353,2399.02,24.0,nasa_pcoe,1.3445,-0.0029000000000001247,-0.00134000000000003,16.053199999999997,1.4609999999999999
B0006,127,1.3343,0.6556,3.4066,4.1962,2.7399,0.4454,-1.9742,0.0,-2.0183,0.65,27.5085,40.1061,23.8903,3.3972,2400.67,24.0,nasa_pcoe,1.3416,-0.007299999999999862,-0.0018799999999999707,16.106099999999998,1.4563000000000001
B0006,128,1.3268,0.6519,3.4108,4.1962,2.7353,0.4456,-1.9735,0.0,-2.0086,0.65,28.0493,39.9265,23.8577,3.5611,2387.25,24.0,nasa_pcoe,1.3343,-0.007500000000000062,-0.005860000000000021,15.926499999999997,1.4609
B0006,129,1.3358,0.6563,3.4119,4.1962,2.7327,0.4458,-1.9652,0.0,-2.0126,0.65,27.6812,39.7912,23.8884,3.4638,2402.31,24.0,nasa_pcoe,1.3268,0.009000000000000119,-0.0017799999999999817,15.791200000000003,1.4635000000000002
B0006,130,1.3212,0.6491,3.4033,4.1961,2.7468,0.446,-1.9711,0.0,-2.0082,0.65,27.5124,40.4215,23.6006,3.46,2384.95,24.0,nasa_pcoe,1.3358,-0.014600000000000168,-0.00466000000000002,16.4215,1.4493000000000005
B0006,131,1.3145,0.6458,3.4047,4.1961,2.7442,0.4462,-1.9844,0.0,-2.0107,0.65,27.6269,40.1926,23.9709,3.5486,2368.42,24.0,nasa_pcoe,1.3212,-0.006699999999999928,-0.00541999999999998,16.1926,1.4519000000000002
B0006,132,1.3167,0.6469,3.4055,4.1961,2.7303,0.4464,-1.969,0.0,-2.0216,0.65,27.8255,39.9363,23.7355,3.4445,2365.31,24.0,nasa_pcoe,1.3145,0.0021999999999999797,-0.003520000000000012,15.936300000000003,1.4658000000000002
B0006,133,1.3052,0.6413,3.4036,4.196,2.7392,0.4466,-1.9664,0.0,-2.0184,0.65,27.7904,40.0126,23.6976,3.4725,2336.49,24.0,nasa_pcoe,1.3167,-0.011500000000000066,-0.004320000000000013,16.0126,1.4567999999999999
B0006,134,1.3104,0.6438,3.3987,4.196,2.7341,0.4468,-1.9796,0.0,-2.0101,0.65,27.9864,40.0963,23.9118,3.3911,2354.83,24.0,nasa_pcoe,1.3052,0.0052000000000000934,-0.005080000000000018,16.0963,1.4618999999999995
B0006,135,1.2943,0.6359,3.3997,4.196,2.7415,0.447,-1.9793,0.0,-2.0083,0.65,27.9677,40.5172,23.848,3.5083,2319.04,24.0,nasa_pcoe,1.3104,-0.016100000000000003,-0.005379999999999985,16.517200000000003,1.4545
B0006,136,1.2933,0.6354,3.3956,4.196,2.7482,0.4472,-1.9678,0.0,-2.0159,0.65,28.0019,40.5809,24.0695,3.4284,2321.54,24.0,nasa_pcoe,1.2943,-0.001000000000000112,-0.0042400000000000215,16.5809,1.4477999999999995
B0006,137,1.2871,0.6324,3.4014,4.1959,2.7368,0.4474,-1.9867,0.0,-2.0129,0.65,27.7152,40.4161,23.6462,3.6269,2310.85,24.0,nasa_pcoe,1.2933,-0.006199999999999983,-0.005920000000000014,16.4161,1.4590999999999998
B0006,138,1.2782,0.628,3.3921,4.1959,2.7413,0.4476,-1.9646,0.0,-2.0026,0.65,27.9175,40.4955,23.7963,3.5457,2302.64,24.0,nasa_pcoe,1.2871,-0.008899999999999908,-0.005399999999999983,16.4955,1.4546000000000001
B0006,139,1.282,0.6299,3.3981,4.1959,2.7354,0.4478,-1.9816,0.0,-2.0125,0.65,27.8883,40.4985,23.8918,3.5979,2319.25,24.0,nasa_pcoe,1.2782,0.0038000000000000256,-0.005679999999999996,16.4985,1.4605000000000001
B0006,140,1.2628,0.6204,3.3988,4.1958,2.744,0.448,-1.981,0.0,-2.0104,0.65,28.1406,40.5447,23.8022,3.3475,2255.9,24.0,nasa_pcoe,1.282,-0.019200000000000106,-0.0063000000000000165,16.5447,1.4518
B0006,141,1.2744,0.6262,3.3923,4.1958,2.7452,0.4482,-1.9636,0.0,-2.007,0.65,28.2351,40.1774,23.7548,3.5047,2299.37,24.0,nasa_pcoe,1.2628,0.011600000000000055,-0.0037799999999999835,16.1774,1.4506000000000001
B0006,142,1.2707,0.6244,3.4016,4.1958,2.7397,0.4484,-1.9699,0.0,-2.0085,0.65,28.03,39.9375,23.6805,3.5407,2296.73,24.0,nasa_pcoe,1.2744,-0.0037000000000000366,-0.003279999999999994,15.9375,1.4561000000000002
B0006,143,1.2639,0.621,3.3911,4.1957,2.7396,0.4486,-1.9732,0.0,-2.0105,0.65,27.9396,40.3909,23.8303,3.488,2287.33,24.0,nasa_pcoe,1.2707,-0.006799999999999917,-0.002859999999999996,16.390900000000002,1.4561000000000006
B0006,144,1.2578,0.618,3.3887,4.1957,2.7442,0.4488,-1.9852,0.0,-2.0108,0.65,27.9603,40.6148,23.8228,3.533,2258.46,24.0,nasa_pcoe,1.2639,-0.006099999999999994,-0.00484,16.614800000000002,1.4515000000000002
B0006,145,1.2538,0.616,3.4008,4.1957,2.7356,0.449,-1.9776,0.0,-2.0138,0.65,28.2855,40.5678,23.5476,3.5956,2271.58,24.0,nasa_pcoe,1.2578,-0.0040000000000000036,-0.0017999999999999794,16.5678,1.4601000000000006
B0006,146,1.257,0.6176,3.3911,4.1957,2.7458,0.4492,-1.9756,0.0,-2.0062,0.65,27.9399,40.7965,23.8662,3.4895,2276.27,24.0,nasa_pcoe,1.2538,0.0031999999999998696,-0.0034800000000000165,16.7965,1.4499000000000004
B0006,147,1.2468,0.6126,3.3846,4.1956,2.7463,0.4494,-1.9719,0.0,-2.0075,0.65,28.4192,40.953,23.7468,3.5508,2249.13,24.0,nasa_pcoe,1.257,-0.010199999999999987,-0.0047800000000000065,16.953000000000003,1.4492999999999996
B0006,148,1.2356,0.6071,3.3872,4.1956,2.7432,0.4496,-1.9716,0.0,-2.0159,0.65,28.2098,40.6457,23.7659,3.4324,2226.18,24.0,nasa_pcoe,1.2468,-0.011199999999999877,-0.005659999999999998,16.645699999999998,1.4524
B0006,149,1.2366,0.6076,3.3935,4.1956,2.7431,0.4498,-1.9914,0.0,-2.0036,0.65,28.1409,40.5264,23.7266,3.5573,2221.87,24.0,nasa_pcoe,1.2356,0.0009999999999998899,-0.0042400000000000215,16.526400000000002,1.4524999999999997
B0006,150,1.2385,0.6085,3.3874,4.1955,2.738,0.45,-1.994,0.0,-2.0113,0.65,27.9554,40.7506,23.8609,3.3466,2224.76,24.0,nasa_pcoe,1.2366,0.0019000000000000128,-0.0030600000000000184,16.7506,1.4575
B0006,151,1.2313,0.605,3.3847,4.1955,2.7401,0.4502,-1.9641,0.0,-2.006,0.65,28.5445,40.7032,23.8895,3.5531,2228.69,24.0,nasa_pcoe,1.2385,-0.007199999999999873,-0.005139999999999967,16.703200000000002,1.4554
B0006,152,1.2267,0.6027,3.3784,4.1955,2.7353,0.4504,-1.9717,0.0,-2.013,0.65,28.6447,40.9076,23.825,3.5812,2224.97,24.0,nasa_pcoe,1.2313,-0.0046000000000001595,-0.004020000000000001,16.907600000000002,1.4602
B0006,153,1.223,0.6009,3.3807,4.1954,2.7456,0.4506,-1.9742,0.0,-2.0096,0.65,28.1474,40.9812,23.7521,3.5359,2203.15,24.0,nasa_pcoe,1.2267,-0.0036999999999998145,-0.002519999999999989,16.9812,1.4498000000000002
B0006,154,1.2132,0.5961,3.3854,4.1954,2.753,0.4508,-1.9661,0.0,-2.0155,0.65,28.3588,40.7561,23.7915,3.5742,2151.93,24.0,nasa_pcoe,1.223,-0.009800000000000031,-0.004679999999999973,16.756100000000004,1.4424000000000001
B0006,155,1.213,0.596,3.3761,4.1954,2.753,0.451,-1.9778,0.0,-2.0041,0.65,28.4673,40.8788,23.8006,3.6317,2168.33,24.0,nasa_pcoe,1.2132,-0.00019999999999997797,-0.005099999999999971,16.8788,1.4424000000000001
B0006,156,1.2124,0.5957,3.3797,4.1954,2.7434,0.4512,-1.9769,0.0,-2.0179,0.65,28.0729,41.0116,23.8778,3.4824,2164.91,24.0,nasa_pcoe,1.213,-0.000600000000000156,-0.0037800000000000277,17.0116,1.4520000000000004
B0006,157,1.2047,0.5919,3.3808,4.1953,2.7471,0.4514,-1.9899,0.0,-2.0091,0.65,28.4567,41.3302,23.7748,3.4468,2201.72,24.0,nasa_pcoe,1.2124,-0.007699999999999818,-0.0043999999999999595,17.330199999999998,1.4481999999999995
B0006,158,1.1994,0.5893,3.3788,4.1953,2.7549,0.4516,-1.9683,0.0,-2.009,0.65,28.288,41.1012,23.8,3.3993,2146.15,24.0,nasa_pcoe,1.2047,-0.005300000000000082,-0.004720000000000013,17.1012,1.4403999999999995
B0006,159,1.1958,0.5875,3.3856,4.1953,2.7448,0.4518,-1.9719,0.0,-2.0107,0.65,28.3197,41.1747,23.8056,3.4731,2166.0,24.0,nasa_pcoe,1.1994,-0.0036000000000000476,-0.0034800000000000165,17.1747,1.4504999999999995
B0006,160,1.1913,0.5853,3.3803,4.1952,2.7429,0.452,-1.9906,0.0,-2.0121,0.65,28.6356,41.0615,23.7793,3.5294,2151.61,24.0,nasa_pcoe,1.1958,-0.0044999999999999485,-0.0043400000000000105,17.061500000000002,1.4522999999999997
B0006,161,1.1906,0.585,3.3694,4.1952,2.7459,0.4522,-1.9567,0.0,-2.018,0.65,28.576,41.2333,23.8156,3.3835,2137.13,24.0,nasa_pcoe,1.1913,-0.0006999999999999229,-0.004359999999999964,17.2333,1.4493
B0006,162,1.1818,0.5806,3.3745,4.1952,2.7505,0.4524,-1.9921,0.0,-2.0036,0.65,28.3254,40.9918,23.8456,3.5115,2114.0,24.0,nasa_pcoe,1.1906,-0.008800000000000141,-0.0045800000000000285,16.991799999999998,1.4446999999999997
B0006,163,1.184,0.5817,3.3798,4.1951,2.7466,0.4526,-1.9515,0.0,-2.0038,0.65,28.5972,41.0485,24.063,3.4428,2114.02,24.0,nasa_pcoe,1.1818,0.0021999999999999797,-0.003080000000000016,17.048499999999997,1.4485000000000001
B0006,164,1.1781,0.5789,3.376,4.1951,2.7483,0.4528,-1.9891,0.0,-2.0096,0.65,28.5434,40.754,23.6663,3.428,2129.74,24.0,nasa_pcoe,1.184,-0.005900000000000016,-0.0035400000000000097,16.753999999999998,1.4468
B0006,165,1.1779,0.5788,3.3719,4.1951,2.7533,0.453,-1.9811,0.0,-2.0233,0.65,28.6525,41.0785,23.6414,3.5892,2113.28,24.0,nasa_pcoe,1.1781,-0.00019999999999997797,-0.0026800000000000157,17.0785,1.4418000000000002
B0006,166,1.1798,0.5797,3.3671,4.1951,2.7495,0.4532,-1.9828,0.0,-2.0016,0.65,28.5823,41.2836,23.8156,3.3864,2111.51,24.0,nasa_pcoe,1.1779,0.0019000000000000128,-0.0021600000000000287,17.2836,1.4456000000000002
B0006,167,1.1586,0.5693,3.3689,4.195,2.745,0.4534,-1.9899,0.0,-2.0048,0.65,28.76,41.0563,23.9816,3.506,2078.84,24.0,nasa_pcoe,1.1798,-0.021199999999999886,-0.0046399999999999775,17.0563,1.4500000000000002
B0006,168,1.1681,0.5739,3.3669,4.195,2.7519,0.4536,-1.979,0.0,-2.0114,0.65,28.5321,41.2117,23.8301,3.5617,2104.94,24.0,nasa_pcoe,1.1586,0.009499999999999842,-0.003180000000000005,17.2117,1.4431000000000003
B0007,1,1.8817,0.995,3.5257,4.2,2.7065,0.4202,-1.996,0.0,-2.0173,0.65,24.2677,36.2045,23.8088,3.4958,3392.55,24.0,nasa_pcoe,1.8817,0.0,0.0,12.204500000000003,1.4935
B0007,2,1.8755,0.9918,3.5173,4.1999,2.6947,0.4204,-1.9739,0.0,-2.0148,0.65,24.6041,36.0776,23.7883,3.5661,3363.84,24.0,nasa_pcoe,1.8817,-0.006199999999999983,0.0,12.077599999999997,1.5052000000000003
B0007,3,1.8698,0.9888,3.5184,4.1999,2.6998,0.4206,-1.9941,0.0,-2.0124,0.65,24.7553,35.7571,23.8025,3.4687,3367.64,24.0,nasa_pcoe,1.8755,-0.005700000000000038,0.0,11.757100000000001,1.5001000000000002
B0007,4,1.8698,0.9887,3.5194,4.1999,2.7038,0.4208,-1.9717,0.0,-2.0079,0.65,24.6293,35.8281,23.4926,3.4684,3357.6,24.0,nasa_pcoe,1.8698,0.0,0.0,11.8281,1.4961000000000002
B0007,5,1.8621,0.9847,3.5068,4.1999,2.7052,0.421,-1.9986,0.0,-2.0079,0.65,24.5897,36.0501,23.887,3.6607,3365.49,24.0,nasa_pcoe,1.8698,-0.007699999999999818,0.0,12.0501,1.4947000000000004
B0007,6,1.863,0.9852,3.5219,4.1998,2.702,0.4212,-1.9791,0.0,-2.0124,0.65,24.6951,36.219,23.7981,3.4999,3347.1,24.0,nasa_pcoe,1.8621,0.0008999999999999009,-0.0037399999999999877,12.219000000000001,1.4977999999999998
B0007,7,1.8604,0.9838,3.5138,4.1998,2.7049,0.4214,-1.982,0.0,-2.0077,0.65,24.4021,36.0558,23.7383,3.6047,3356.56,24.0,nasa_pcoe,1.863,-0.0025999999999999357,-0.0030199999999999784,12.055799999999998,1.4949
B0007,8,1.8507,0.9786,3.5092,4.1998,2.6977,0.4216,-1.9744,0.0,-2.0135,0.65,24.9553,35.8516,23.7339,3.4191,3316.71,24.0,nasa_pcoe,1.8604,-0.009700000000000042,-0.003819999999999979,11.851599999999998,1.5020999999999995
B0007,9,1.8487,0.9776,3.5079,4.1997,2.7085,0.4218,-1.9797,0.0,-2.0195,0.65,24.5953,36.0832,23.9231,3.4573,3324.34,24.0,nasa_pcoe,1.8507,-0.0020000000000000018,-0.004219999999999979,12.083199999999998,1.4912
B0007,10,1.839,0.9724,3.5172,4.1997,2.6917,0.422,-1.9778,0.0,-2.0103,0.65,24.7922,36.2471,23.9027,3.5006,3292.59,24.0,nasa_pcoe,1.8487,-0.009700000000000042,-0.004620000000000024,12.247100000000003,1.508
B0007,11,1.8373,0.9716,3.517,4.1997,2.7027,0.4222,-1.9696,0.0,-2.0108,0.65,24.4773,36.1962,23.7965,3.3349,3303.03,24.0,nasa_pcoe,1.839,-0.0017000000000000348,-0.005140000000000011,12.196199999999997,1.4969999999999999
B0007,12,1.8368,0.9713,3.5031,4.1996,2.7064,0.4224,-1.9768,0.0,-2.0104,0.65,25.0216,36.4185,23.6915,3.3519,3319.57,24.0,nasa_pcoe,1.8373,-0.0004999999999999449,-0.004720000000000013,12.418500000000002,1.4932000000000003
B0007,13,1.8294,0.9673,3.5099,4.1996,2.7102,0.4226,-1.9583,0.0,-1.9954,0.65,24.7107,36.5968,23.8248,3.3132,3302.35,24.0,nasa_pcoe,1.8368,-0.007400000000000073,-0.004260000000000019,12.596800000000002,1.4894000000000003
B0007,14,1.814,0.9592,3.5108,4.1996,2.7042,0.4228,-1.9814,0.0,-2.0139,0.65,24.9695,36.266,23.794,3.5006,3269.08,24.0,nasa_pcoe,1.8294,-0.015399999999999858,-0.0069399999999999904,12.265999999999998,1.4954
B0007,15,1.822,0.9634,3.5033,4.1996,2.7046,0.423,-1.988,0.0,-2.0025,0.65,24.5951,36.0989,23.8374,3.4124,3279.12,24.0,nasa_pcoe,1.814,0.008000000000000007,-0.0033999999999999807,12.0989,1.495
B0007,16,1.8223,0.9636,3.5042,4.1995,2.7068,0.4232,-1.9844,0.0,-2.017,0.65,25.1513,36.0477,23.6723,3.4379,3274.13,24.0,nasa_pcoe,1.822,0.00029999999999996696,-0.0029999999999999805,12.047699999999999,1.4926999999999997
B0007,17,1.8144,0.9594,3.506,4.1995,2.7055,0.4234,-1.9933,0.0,-2.0066,0.65,24.9592,36.4798,23.8181,3.5162,3253.6,24.0,nasa_pcoe,1.8223,-0.007900000000000018,-0.004479999999999995,12.479799999999997,1.4939999999999998
B0007,18,1.8188,0.9618,3.5011,4.1995,2.7082,0.4236,-2.001,0.0,-2.0084,0.65,24.9503,36.4658,23.7348,3.5869,3264.35,24.0,nasa_pcoe,1.8144,0.0043999999999999595,-0.0021199999999999886,12.465800000000002,1.4912999999999994
B0007,19,1.8101,0.9572,3.5096,4.1994,2.7021,0.4238,-1.9974,0.0,-2.0011,0.65,25.1935,36.3385,23.7047,3.5408,3250.92,24.0,nasa_pcoe,1.8188,-0.00869999999999993,-0.0007800000000000029,12.338500000000003,1.4972999999999996
B0007,20,1.8065,0.9553,3.5081,4.1994,2.6978,0.424,-1.9657,0.0,-2.0062,0.65,25.0259,36.5312,23.7492,3.4221,3268.79,24.0,nasa_pcoe,1.8101,-0.0036000000000000476,-0.0031000000000000138,12.531199999999998,1.5015999999999998
B0007,21,1.8129,0.9587,3.5033,4.1994,2.7152,0.4242,-1.9835,0.0,-2.0125,0.65,25.1362,36.7102,23.6781,3.458,3250.34,24.0,nasa_pcoe,1.8065,0.006399999999999961,-0.001880000000000015,12.7102,1.4842
B0007,22,1.8137,0.9591,3.5045,4.1993,2.7087,0.4244,-1.9855,0.0,-1.9984,0.65,25.0207,36.1666,23.8817,3.4684,3261.65,24.0,nasa_pcoe,1.8129,0.0008000000000001339,-0.0001399999999999846,12.166600000000003,1.4906000000000001
B0007,23,1.8073,0.9557,3.493,4.1993,2.7091,0.4246,-1.9843,0.0,-2.0191,0.65,25.0741,36.6576,23.6894,3.5402,3257.38,24.0,nasa_pcoe,1.8137,-0.006400000000000183,-0.002300000000000013,12.657600000000002,1.4902000000000002
B0007,24,1.8045,0.9542,3.4948,4.1993,2.7123,0.4248,-1.9804,0.0,-2.0096,0.65,25.1116,36.6037,23.8832,3.4753,3224.77,24.0,nasa_pcoe,1.8073,-0.0027999999999999137,-0.0011200000000000099,12.603700000000003,1.487
B0007,25,1.7966,0.95,3.5037,4.1993,2.7038,0.425,-1.9902,0.0,-2.0055,0.65,25.1549,36.4547,23.7672,3.5455,3246.89,24.0,nasa_pcoe,1.8045,-0.007900000000000018,-0.001980000000000004,12.454700000000003,1.4954999999999998
B0007,26,1.7884,0.9457,3.4946,4.1992,2.7025,0.4252,-1.992,0.0,-2.0113,0.65,24.8607,36.9924,23.7284,3.4944,3214.9,24.0,nasa_pcoe,1.7966,-0.008199999999999985,-0.004899999999999993,12.992400000000004,1.4967000000000001
B0007,27,1.7856,0.9442,3.5087,4.1992,2.7133,0.4254,-1.9821,0.0,-2.018,0.65,25.133,37.0614,23.8737,3.41,3199.64,24.0,nasa_pcoe,1.7884,-0.0027999999999999137,-0.005620000000000003,13.061399999999999,1.4859000000000004
B0007,28,1.7782,0.9403,3.4919,4.1992,2.7133,0.4256,-1.9828,0.0,-2.0139,0.65,25.2248,36.6674,23.8499,3.4648,3199.8,24.0,nasa_pcoe,1.7856,-0.007400000000000073,-0.005819999999999981,12.6674,1.4859000000000004
B0007,29,1.7821,0.9423,3.4966,4.1991,2.7098,0.4258,-1.986,0.0,-2.0053,0.65,25.1774,37.0964,23.7524,3.5675,3216.14,24.0,nasa_pcoe,1.7782,0.0039000000000000146,-0.004479999999999995,13.096400000000003,1.4892999999999996
B0007,30,1.7697,0.9358,3.4954,4.1991,2.7114,0.426,-1.9997,0.0,-2.013,0.65,25.0693,36.844,23.872,3.5452,3171.91,24.0,nasa_pcoe,1.7821,-0.012399999999999967,-0.005379999999999985,12.844000000000001,1.4876999999999998
B0007,31,1.7735,0.9378,3.4855,4.1991,2.7068,0.4262,-1.9763,0.0,-2.0126,0.65,25.2747,36.5154,23.9028,3.4595,3195.81,24.0,nasa_pcoe,1.7697,0.0038000000000000256,-0.0029799999999999827,12.5154,1.4922999999999997
B0007,32,1.7689,0.9354,3.4907,4.199,2.7092,0.4264,-1.9863,0.0,-2.0055,0.65,25.4462,37.0029,23.6394,3.5291,3190.92,24.0,nasa_pcoe,1.7735,-0.0046000000000001595,-0.0033400000000000317,13.002899999999997,1.4897999999999998
B0007,33,1.7604,0.9309,3.4939,4.199,2.7131,0.4266,-1.9676,0.0,-2.0012,0.65,25.5103,36.9857,23.8605,3.5264,3178.16,24.0,nasa_pcoe,1.7689,-0.008499999999999952,-0.0035600000000000076,12.985700000000001,1.4859
B0007,34,1.7562,0.9287,3.4888,4.199,2.7091,0.4268,-1.9736,0.0,-2.0113,0.65,25.2506,36.8961,23.8421,3.4617,3177.98,24.0,nasa_pcoe,1.7604,-0.0041999999999999815,-0.005180000000000007,12.896099999999997,1.4899
B0007,35,1.7498,0.9253,3.4757,4.199,2.7187,0.427,-1.9607,0.0,-2.0049,0.65,25.4586,36.8917,23.8163,3.4124,3170.97,24.0,nasa_pcoe,1.7562,-0.006399999999999961,-0.003980000000000006,12.8917,1.4802999999999997
B0007,36,1.756,0.9285,3.4991,4.1989,2.7059,0.4272,-1.9921,0.0,-2.0121,0.65,25.492,37.3218,23.76,3.575,3154.11,24.0,nasa_pcoe,1.7498,0.006199999999999983,-0.0035000000000000144,13.321800000000003,1.4929999999999999
B0007,37,1.7591,0.9302,3.4871,4.1989,2.7162,0.4274,-1.9911,0.0,-2.013,0.65,25.677,36.7968,23.8038,3.5315,3161.16,24.0,nasa_pcoe,1.756,0.0031000000000001027,-0.0019599999999999618,12.796799999999998,1.4827
B0007,38,1.7472,0.9239,3.4789,4.1989,2.7115,0.4276,-1.9821,0.0,-2.0051,0.65,25.6924,37.2741,23.8408,3.6349,3141.8,24.0,nasa_pcoe,1.7591,-0.011900000000000022,-0.0026399999999999757,13.274099999999997,1.4874
B0007,39,1.7475,0.924,3.4871,4.1988,2.7066,0.4278,-1.9766,0.0,-2.0068,0.65,25.5321,37.389,23.9978,3.6418,3147.25,24.0,nasa_pcoe,1.7472,0.00029999999999996696,-0.001739999999999986,13.389000000000003,1.4922000000000004
B0007,40,1.7503,0.9256,3.4825,4.1988,2.7062,0.428,-1.963,0.0,-2.0107,0.65,25.3165,37.1372,23.8066,3.5553,3155.39,24.0,nasa_pcoe,1.7475,0.0027999999999999137,9.999999999998899e-05,13.1372,1.4926000000000004
B0007,41,1.7345,0.9172,3.4943,4.1988,2.7086,0.4282,-1.9866,0.0,-2.0141,0.65,25.5084,37.1477,23.763,3.5302,3126.37,24.0,nasa_pcoe,1.7503,-0.015800000000000036,-0.004300000000000015,13.1477,1.4902000000000002
B0007,42,1.7395,0.9198,3.4741,4.1988,2.7166,0.4284,-1.9776,0.0,-2.0065,0.65,25.6575,36.9641,23.9255,3.5783,3145.71,24.0,nasa_pcoe,1.7345,0.0050000000000001155,-0.003920000000000012,12.964100000000002,1.4822000000000002
B0007,43,1.7395,0.9198,3.478,4.1987,2.7079,0.4286,-1.9948,0.0,-2.013,0.65,25.7813,37.2415,23.8168,3.4971,3151.1,24.0,nasa_pcoe,1.7395,0.0,-0.001540000000000008,13.241500000000002,1.4907999999999997
B0007,44,1.7274,0.9134,3.4888,4.1987,2.7172,0.4288,-1.9789,0.0,-2.0055,0.65,25.6592,37.117,23.9568,3.6478,3119.76,24.0,nasa_pcoe,1.7395,-0.0121,-0.004020000000000001,13.116999999999997,1.4814999999999996
B0007,45,1.7282,0.9139,3.4759,4.1987,2.7122,0.429,-2.0016,0.0,-2.0075,0.65,25.6059,37.4048,23.724,3.4949,3117.46,24.0,nasa_pcoe,1.7274,0.0007999999999999119,-0.004420000000000002,13.404800000000002,1.4864999999999995
B0007,46,1.7202,0.9097,3.4874,4.1986,2.711,0.4292,-1.9904,0.0,-2.0136,0.65,25.7133,37.571,23.8149,3.4163,3078.9,24.0,nasa_pcoe,1.7282,-0.008000000000000007,-0.002859999999999996,13.570999999999998,1.4876
B0007,47,1.7158,0.9073,3.4776,4.1986,2.7112,0.4294,-1.9762,0.0,-2.0136,0.65,25.7149,37.4795,23.8289,3.6237,3077.1,24.0,nasa_pcoe,1.7202,-0.0043999999999999595,-0.004740000000000011,13.479500000000002,1.4874
B0007,48,1.7063,0.9023,3.48,4.1986,2.7139,0.4296,-1.9872,0.0,-2.015,0.65,25.6531,37.3959,23.7934,3.2587,3067.68,24.0,nasa_pcoe,1.7158,-0.009500000000000064,-0.0066400000000000235,13.395899999999997,1.4846999999999997
B0007,49,1.7209,0.91,3.4807,4.1985,2.7114,0.4298,-1.9751,0.0,-2.0088,0.65,25.7828,37.4396,24.1276,3.5129,3097.56,24.0,nasa_pcoe,1.7063,0.014600000000000168,-0.00129999999999999,13.439599999999999,1.4871000000000003
B0007,50,1.7162,0.9075,3.4906,4.1985,2.7142,0.43,-1.9707,0.0,-2.0015,0.65,25.7711,37.4747,23.9617,3.4178,3099.51,24.0,nasa_pcoe,1.7209,-0.0047000000000001485,-0.002400000000000002,13.474699999999999,1.4843000000000002
B0007,51,1.7037,0.9009,3.4735,4.1985,2.7121,0.4302,-1.9808,0.0,-2.0053,0.65,25.7257,37.2182,23.858,3.5771,3070.61,24.0,nasa_pcoe,1.7162,-0.012499999999999956,-0.0032999999999999917,13.218200000000003,1.4864000000000002
B0007,52,1.7033,0.9007,3.4767,4.1985,2.7102,0.4304,-1.9943,0.0,-2.0017,0.65,25.7628,37.5682,23.8413,3.5166,3067.69,24.0,nasa_pcoe,1.7037,-0.00039999999999995595,-0.002499999999999991,13.568199999999997,1.4883000000000002
B0007,53,1.7024,0.9002,3.4705,4.1984,2.7157,0.4306,-1.9799,0.0,-2.0067,0.65,26.1298,37.9249,23.8481,3.4911,3064.78,24.0,nasa_pcoe,1.7033,-0.0009000000000001229,-0.0007800000000000029,13.924900000000001,1.4827000000000004
B0007,54,1.7042,0.9012,3.4707,4.1984,2.7234,0.4308,-1.9876,0.0,-2.0131,0.65,26.1046,37.3991,23.8569,3.5286,3066.65,24.0,nasa_pcoe,1.7024,0.0018000000000000238,-0.0033400000000000317,13.399099999999997,1.4750000000000005
B0007,55,1.6976,0.8977,3.4673,4.1984,2.7161,0.431,-2.0009,0.0,-2.0144,0.65,25.6754,37.8929,23.872,3.5212,3061.23,24.0,nasa_pcoe,1.7042,-0.006599999999999939,-0.00371999999999999,13.892899999999997,1.4823000000000004
B0007,56,1.7063,0.9023,3.4662,4.1983,2.7174,0.4312,-1.9825,0.0,-2.0154,0.65,25.9763,37.4765,23.8994,3.5403,3058.42,24.0,nasa_pcoe,1.6976,0.00869999999999993,0.0005199999999999872,13.476500000000001,1.4808999999999997
B0007,57,1.6922,0.8948,3.4749,4.1983,2.7097,0.4314,-1.9798,0.0,-2.0143,0.65,25.8027,37.8917,23.6684,3.4029,3031.13,24.0,nasa_pcoe,1.7063,-0.014100000000000001,-0.002220000000000022,13.8917,1.4885999999999995
B0007,58,1.6879,0.8925,3.4642,4.1983,2.7155,0.4316,-1.9815,0.0,-2.0094,0.65,25.8564,37.7094,24.0996,3.4327,3021.57,24.0,nasa_pcoe,1.6922,-0.0042999999999999705,-0.0028999999999999916,13.709400000000002,1.4827999999999997
B0007,59,1.6866,0.8919,3.463,4.1982,2.7153,0.4318,-1.9731,0.0,-2.0116,0.65,25.9589,37.6518,23.7182,3.5463,3053.55,24.0,nasa_pcoe,1.6879,-0.0012999999999998568,-0.0035199999999999676,13.651800000000001,1.4828999999999999
B0007,60,1.6878,0.8925,3.4644,4.1982,2.7324,0.432,-1.9927,0.0,-2.01,0.65,25.8321,37.8202,23.8292,3.5648,3035.97,24.0,nasa_pcoe,1.6866,0.0011999999999998678,-0.001960000000000006,13.8202,1.4657999999999998
B0007,61,1.686,0.8915,3.4697,4.1982,2.7191,0.4322,-1.9658,0.0,-2.0099,0.65,26.0202,37.9086,23.5544,3.5886,3053.36,24.0,nasa_pcoe,1.6878,-0.0018000000000000238,-0.004059999999999997,13.9086,1.4790999999999999
B0007,62,1.6829,0.8899,3.4599,4.1982,2.7215,0.4324,-1.9905,0.0,-2.0101,0.65,26.1395,37.7012,23.6928,3.4468,3034.22,24.0,nasa_pcoe,1.686,-0.0030999999999998806,-0.0018599999999999728,13.7012,1.4767000000000001
B0007,63,1.6705,0.8833,3.4547,4.1981,2.7236,0.4326,-1.964,0.0,-2.0107,0.65,26.0982,37.8603,23.6485,3.486,2996.56,24.0,nasa_pcoe,1.6829,-0.012399999999999967,-0.003479999999999972,13.860300000000002,1.4745000000000004
B0007,64,1.6708,0.8835,3.4629,4.1981,2.7166,0.4328,-1.9881,0.0,-2.0121,0.65,26.2195,37.6822,23.8076,3.501,2994.83,24.0,nasa_pcoe,1.6705,0.00029999999999996696,-0.0031600000000000074,13.682200000000002,1.4815
B0007,65,1.6702,0.8832,3.4686,4.1981,2.7263,0.433,-1.9677,0.0,-2.0249,0.65,26.0446,37.95,23.9019,3.6503,2993.64,24.0,nasa_pcoe,1.6708,-0.000600000000000156,-0.003520000000000012,13.950000000000003,1.4718
B0007,66,1.668,0.882,3.4619,4.198,2.7186,0.4332,-1.9848,0.0,-2.0122,0.65,26.1351,37.7697,23.7496,3.5729,2987.17,24.0,nasa_pcoe,1.6702,-0.0021999999999999797,-0.0036000000000000034,13.7697,1.4794000000000005
B0007,67,1.6535,0.8744,3.4678,4.198,2.7243,0.4334,-1.9788,0.0,-2.0044,0.65,26.4826,38.2303,23.6998,3.5977,2972.2,24.0,nasa_pcoe,1.668,-0.014499999999999957,-0.005880000000000019,14.2303,1.4737000000000005
B0007,68,1.6594,0.8775,3.4572,4.198,2.7186,0.4336,-1.9743,0.0,-2.0049,0.65,26.1254,37.7008,23.6431,3.5745,2993.24,24.0,nasa_pcoe,1.6535,0.005900000000000016,-0.002220000000000022,13.700800000000001,1.4794000000000005
B0007,69,1.6596,0.8776,3.4674,4.1979,2.7187,0.4338,-1.9732,0.0,-2.0084,0.65,26.028,37.831,23.6763,3.4766,2980.29,24.0,nasa_pcoe,1.6594,0.00019999999999997797,-0.0022400000000000198,13.831000000000003,1.4791999999999996
B0007,70,1.659,0.8773,3.4579,4.1979,2.7219,0.434,-1.9683,0.0,-2.0081,0.65,26.1501,38.2205,23.6867,3.5703,2987.79,24.0,nasa_pcoe,1.6596,-0.0005999999999999339,-0.0022399999999999755,14.220500000000001,1.4759999999999995
B0007,71,1.6444,0.8695,3.4508,4.1979,2.7164,0.4342,-1.9713,0.0,-2.0093,0.65,26.3716,38.3831,23.8587,3.4927,2946.23,24.0,nasa_pcoe,1.659,-0.014599999999999946,-0.004719999999999969,14.383099999999999,1.4814999999999996
B0007,72,1.6519,0.8735,3.46,4.1979,2.7185,0.4344,-1.994,0.0,-2.0165,0.65,26.2289,38.0892,23.6015,3.5106,2975.17,24.0,nasa_pcoe,1.6444,0.00749999999999984,-0.0003200000000000092,14.089199999999998,1.4793999999999996
B0007,73,1.6487,0.8718,3.4497,4.1978,2.7121,0.4346,-1.9685,0.0,-2.0155,0.65,26.1903,38.2479,23.7828,3.4535,2955.86,24.0,nasa_pcoe,1.6519,-0.0031999999999998696,-0.0021399999999999865,14.247900000000001,1.4857
B0007,74,1.6426,0.8686,3.4552,4.1978,2.7212,0.4348,-1.9784,0.0,-2.0196,0.65,26.5203,38.6185,23.8009,3.4811,2954.62,24.0,nasa_pcoe,1.6487,-0.006099999999999994,-0.0033999999999999807,14.618499999999997,1.4766
B0007,75,1.6376,0.866,3.4577,4.1978,2.726,0.435,-1.9613,0.0,-2.0131,0.65,26.4311,37.6368,23.8806,3.6235,2945.3,24.0,nasa_pcoe,1.6426,-0.0050000000000001155,-0.004280000000000017,13.636800000000001,1.4718
B0007,76,1.6383,0.8663,3.4417,4.1977,2.721,0.4352,-1.9873,0.0,-2.0102,0.65,26.2738,38.0241,23.733,3.4322,2961.45,24.0,nasa_pcoe,1.6376,0.000700000000000145,-0.0012199999999999989,14.024099999999997,1.4767000000000001
B0007,77,1.6342,0.8642,3.4585,4.1977,2.724,0.4354,-1.9865,0.0,-2.0114,0.65,26.2441,38.3711,23.7633,3.5165,2947.37,24.0,nasa_pcoe,1.6383,-0.0040999999999999925,-0.0035399999999999655,14.371099999999998,1.4737
B0007,78,1.6382,0.8663,3.4488,4.1977,2.7273,0.4356,-1.9776,0.0,-2.0077,0.65,26.5528,38.3519,23.7828,3.3627,2939.0,24.0,nasa_pcoe,1.6342,0.0040000000000000036,-0.0020999999999999908,14.3519,1.4704000000000002
B0007,79,1.6291,0.8614,3.4495,4.1976,2.7288,0.4358,-1.9729,0.0,-2.0023,0.65,26.5542,38.2829,23.7509,3.4249,2940.31,24.0,nasa_pcoe,1.6382,-0.009100000000000108,-0.0027000000000000136,14.282899999999998,1.4688000000000003
B0007,80,1.6315,0.8627,3.4538,4.1976,2.7216,0.436,-1.9729,0.0,-2.0099,0.65,26.494,38.3277,23.7689,3.4696,2940.22,24.0,nasa_pcoe,1.6291,0.0023999999999999577,-0.0012199999999999989,14.3277,1.4760000000000004
B0007,81,1.6283,0.861,3.4524,4.1976,2.7233,0.4362,-1.9833,0.0,-2.0038,0.65,26.5505,38.5893,23.9602,3.5359,2914.13,24.0,nasa_pcoe,1.6315,-0.0031999999999998696,-0.0020000000000000018,14.589300000000001,1.4743000000000004
B0007,82,1.6133,0.8531,3.457,4.1976,2.7208,0.4364,-1.9818,0.0,-2.0017,0.65,26.466,38.4221,23.923,3.5249,2908.72,24.0,nasa_pcoe,1.6283,-0.015000000000000124,-0.004180000000000028,14.4221,1.4768000000000003
B0007,83,1.621,0.8572,3.4433,4.1975,2.7149,0.4366,-1.9697,0.0,-2.0062,0.65,26.4315,38.2957,23.7092,3.5172,2910.81,24.0,nasa_pcoe,1.6133,0.00770000000000004,-0.0034400000000000207,14.295699999999997,1.4825999999999997
B0007,84,1.618,0.8556,3.4417,4.1975,2.7221,0.4368,-1.9879,0.0,-2.0157,0.65,26.5743,38.6688,23.9242,3.3461,2908.15,24.0,nasa_pcoe,1.621,-0.0029999999999998916,-0.0022199999999999776,14.668799999999997,1.4753999999999996
B0007,85,1.6046,0.8485,3.4467,4.1975,2.7255,0.437,-1.9577,0.0,-2.0083,0.65,26.5573,38.4938,23.7156,3.5174,2892.11,24.0,nasa_pcoe,1.618,-0.013400000000000079,-0.005379999999999985,14.4938,1.472
B0007,86,1.6049,0.8487,3.4457,4.1974,2.7257,0.4372,-1.9869,0.0,-1.9999,0.65,26.6738,38.511,23.7463,3.6752,2897.95,24.0,nasa_pcoe,1.6046,0.00029999999999996696,-0.0046800000000000175,14.511000000000003,1.4717000000000002
B0007,87,1.6118,0.8523,3.4454,4.1974,2.7207,0.4374,-1.99,0.0,-2.0092,0.65,26.6298,38.6419,23.8222,3.5742,2903.1,24.0,nasa_pcoe,1.6049,0.006899999999999906,-0.00030000000000001136,14.6419,1.4767000000000001
B0007,88,1.5993,0.8457,3.4369,4.1974,2.7222,0.4376,-1.9945,0.0,-2.0148,0.65,26.6253,38.9166,23.5734,3.4789,2886.3,24.0,nasa_pcoe,1.6118,-0.012499999999999956,-0.0043400000000000105,14.916600000000003,1.4752
B0007,89,1.6069,0.8497,3.4323,4.1974,2.7277,0.4378,-1.9692,0.0,-2.0148,0.65,26.9129,38.5187,23.8338,3.4679,2909.83,24.0,nasa_pcoe,1.5993,0.007600000000000051,-0.002220000000000022,14.518700000000003,1.4697
B0007,90,1.6046,0.8485,3.4365,4.1973,2.7292,0.438,-1.9676,0.0,-2.0122,0.65,26.6969,38.7676,23.8061,3.5898,2863.05,24.0,nasa_pcoe,1.6069,-0.0022999999999999687,0.0,14.767600000000002,1.4681000000000002
B0007,91,1.6027,0.8475,3.4459,4.1973,2.7249,0.4382,-1.9805,0.0,-1.9967,0.65,26.9778,38.9286,23.8381,3.4377,2878.76,24.0,nasa_pcoe,1.6046,-0.0019000000000000128,-0.00043999999999999595,14.928600000000003,1.4724000000000004
B0007,92,1.5957,0.8438,3.4348,4.1973,2.7248,0.4384,-1.9765,0.0,-2.014,0.65,26.652,38.882,23.8146,3.3743,2865.9,24.0,nasa_pcoe,1.6027,-0.007000000000000117,-0.0032200000000000006,14.881999999999998,1.4725000000000001
B0007,93,1.6073,0.8499,3.437,4.1972,2.7212,0.4386,-1.9825,0.0,-2.0091,0.65,26.6818,39.0365,23.7734,3.3918,2907.36,24.0,nasa_pcoe,1.5957,0.011600000000000055,0.0016000000000000014,15.036499999999997,1.4759999999999995
B0007,94,1.5935,0.8426,3.4328,4.1972,2.7246,0.4388,-1.9611,0.0,-2.0143,0.65,26.8318,38.8201,23.6426,3.4779,2885.54,24.0,nasa_pcoe,1.6073,-0.013800000000000034,-0.0026800000000000157,14.820099999999996,1.4725999999999995
B0007,95,1.6034,0.8479,3.434,4.1972,2.7255,0.439,-1.9944,0.0,-2.0086,0.65,26.8133,38.4941,23.7232,3.5121,2895.53,24.0,nasa_pcoe,1.5935,0.00990000000000002,-0.00024000000000001798,14.494100000000003,1.4716999999999998
B0007,96,1.5894,0.8405,3.4371,4.1971,2.7256,0.4392,-1.975,0.0,-2.0049,0.65,26.8028,39.2855,23.7567,3.4275,2872.46,24.0,nasa_pcoe,1.6034,-0.014000000000000012,-0.002660000000000018,15.285499999999999,1.4714999999999998
B0007,97,1.5863,0.8388,3.431,4.1971,2.7298,0.4394,-1.9642,0.0,-2.0115,0.65,27.1044,38.786,23.8901,3.3932,2848.99,24.0,nasa_pcoe,1.5894,-0.0030999999999998806,-0.0018799999999999707,14.786000000000001,1.4672999999999998
B0007,98,1.5841,0.8377,3.4258,4.1971,2.722,0.4396,-1.9807,0.0,-2.0064,0.65,26.7231,39.0563,23.789,3.4194,2844.89,24.0,nasa_pcoe,1.5863,-0.0021999999999999797,-0.0046399999999999775,15.0563,1.4750999999999999
B0007,99,1.5833,0.8372,3.4215,4.1971,2.7226,0.4398,-1.9938,0.0,-2.0123,0.65,27.028,38.8832,23.8642,3.4179,2850.36,24.0,nasa_pcoe,1.5841,-0.0008000000000001339,-0.0020399999999999975,14.883200000000002,1.4745
B0007,100,1.5769,0.8339,3.4256,4.197,2.7363,0.44,-1.9872,0.0,-2.0118,0.65,26.852,38.8206,23.8371,3.4699,2853.74,24.0,nasa_pcoe,1.5833,-0.006399999999999961,-0.005299999999999994,14.820599999999999,1.4607
B0007,101,1.5667,0.8285,3.4379,4.197,2.7285,0.4402,-1.9802,0.0,-2.0105,0.65,26.8885,39.1866,23.6731,3.4552,2816.11,24.0,nasa_pcoe,1.5769,-0.010199999999999987,-0.0045399999999999885,15.186599999999999,1.4685000000000001
B0007,102,1.5696,0.83,3.4306,4.197,2.7355,0.4404,-1.9863,0.0,-2.0042,0.65,27.0985,39.0721,23.7222,3.2933,2830.9,24.0,nasa_pcoe,1.5667,0.0029000000000001247,-0.0033399999999999875,15.072099999999999,1.4615
B0007,103,1.5599,0.8249,3.4246,4.1969,2.7278,0.4406,-1.9944,0.0,-2.0126,0.65,26.8933,39.1247,23.5317,3.3607,2815.36,24.0,nasa_pcoe,1.5696,-0.009700000000000042,-0.00484,15.124699999999997,1.4691000000000005
B0007,104,1.5706,0.8305,3.4235,4.1969,2.7335,0.4408,-1.9732,0.0,-2.0103,0.65,27.0805,39.7301,23.9538,3.4567,2825.59,24.0,nasa_pcoe,1.5599,0.010699999999999932,-0.0025399999999999867,15.7301,1.4634000000000005
B0007,105,1.5587,0.8243,3.4327,4.1969,2.7299,0.441,-1.9643,0.0,-2.0094,0.65,27.0436,39.183,23.9081,3.5047,2815.93,24.0,nasa_pcoe,1.5706,-0.011900000000000022,-0.0036399999999999987,15.183,1.467
B0007,106,1.5508,0.8201,3.4235,4.1968,2.7257,0.4412,-1.9652,0.0,-2.0111,0.65,27.1343,39.3634,23.7687,3.5309,2804.73,24.0,nasa_pcoe,1.5587,-0.007900000000000018,-0.003180000000000005,15.363399999999999,1.4710999999999999
B0007,107,1.5586,0.8242,3.4216,4.1968,2.7249,0.4414,-1.9569,0.0,-2.0116,0.65,27.4434,39.3409,23.7741,3.4706,2811.11,24.0,nasa_pcoe,1.5508,0.007800000000000029,-0.002200000000000024,15.340899999999998,1.4718999999999998
B0007,108,1.5607,0.8253,3.4275,4.1968,2.7295,0.4416,-1.9695,0.0,-2.0099,0.65,27.4007,39.0605,23.9127,3.5712,2817.01,24.0,nasa_pcoe,1.5586,0.0020999999999999908,0.00015999999999998237,15.060499999999998,1.4672999999999998
B0007,109,1.5538,0.8216,3.4302,4.1968,2.7302,0.4418,-1.9782,0.0,-2.0063,0.65,27.2103,39.526,23.7339,3.3831,2789.63,24.0,nasa_pcoe,1.5607,-0.006899999999999906,-0.0033599999999999854,15.526000000000003,1.4665999999999997
B0007,110,1.5558,0.8227,3.4203,4.1967,2.7357,0.442,-1.9802,0.0,-2.0031,0.65,27.3229,39.1896,23.606,3.4716,2795.09,24.0,nasa_pcoe,1.5538,0.0020000000000000018,-0.0005799999999999805,15.189599999999999,1.4609999999999999
B0007,111,1.5576,0.8236,3.4142,4.1967,2.742,0.4422,-1.9729,0.0,-2.0064,0.65,27.1716,39.4255,23.8304,3.5728,2802.91,24.0,nasa_pcoe,1.5558,0.0018000000000000238,0.0013600000000000279,15.4255,1.4546999999999999
B0007,112,1.5589,0.8243,3.4247,4.1967,2.7361,0.4424,-1.9839,0.0,-2.0175,0.65,27.1073,39.3165,23.7882,3.5135,2799.22,24.0,nasa_pcoe,1.5576,0.0012999999999998568,5.9999999999993395e-05,15.316499999999998,1.4606
B0007,113,1.5486,0.8189,3.4215,4.1966,2.7349,0.4426,-1.9861,0.0,-2.009,0.65,26.9956,39.5189,23.8954,3.5113,2786.45,24.0,nasa_pcoe,1.5589,-0.010299999999999976,-0.00242,15.518900000000002,1.4617
B0007,114,1.5516,0.8205,3.4199,4.1966,2.7347,0.4428,-1.9887,0.0,-2.0126,0.65,27.2549,39.3422,23.7692,3.547,2779.79,24.0,nasa_pcoe,1.5486,0.0030000000000001137,-0.00043999999999999595,15.342199999999998,1.4619
B0007,115,1.5427,0.8158,3.4155,4.1966,2.7371,0.443,-1.9936,0.0,-2.0093,0.65,27.5451,39.5112,23.7516,3.5173,2781.47,24.0,nasa_pcoe,1.5516,-0.00890000000000013,-0.0026200000000000225,15.511200000000002,1.4595000000000002
B0007,116,1.5407,0.8147,3.4125,4.1965,2.7424,0.4432,-1.9843,0.0,-2.013,0.65,27.5696,39.5992,23.655,3.5565,2764.16,24.0,nasa_pcoe,1.5427,-0.0020000000000000018,-0.0033800000000000275,15.599200000000003,1.4541000000000004
B0007,117,1.5293,0.8087,3.4181,4.1965,2.7408,0.4434,-1.9778,0.0,-2.0174,0.65,27.3982,39.7481,23.7576,3.5426,2759.46,24.0,nasa_pcoe,1.5407,-0.011399999999999855,-0.0059199999999999696,15.7481,1.4557000000000002
B0007,118,1.5284,0.8082,3.4117,4.1965,2.7308,0.4436,-1.9976,0.0,-2.0096,0.65,27.2804,39.4866,23.9477,3.4572,2736.59,24.0,nasa_pcoe,1.5293,-0.0009000000000001229,-0.004039999999999999,15.486600000000003,1.4657000000000004
B0007,119,1.5172,0.8023,3.412,4.1965,2.7402,0.4438,-1.9831,0.0,-2.0118,0.65,27.4526,39.5217,23.7831,3.4891,2713.63,24.0,nasa_pcoe,1.5284,-0.011199999999999877,-0.006879999999999997,15.521700000000003,1.4563000000000001
B0007,120,1.5301,0.8091,3.4109,4.1964,2.7295,0.444,-1.9831,0.0,-2.0122,0.65,27.6429,39.6354,23.741,3.5593,2745.68,24.0,nasa_pcoe,1.5172,0.012899999999999912,-0.002519999999999989,15.635399999999997,1.4668999999999999
B0007,121,1.5227,0.8052,3.4078,4.1964,2.7294,0.4442,-1.9913,0.0,-2.0091,0.65,27.4683,39.6855,23.8502,3.4917,2742.84,24.0,nasa_pcoe,1.5301,-0.007400000000000073,-0.0036000000000000034,15.685499999999998,1.4669999999999996
B0007,122,1.5178,0.8026,3.4139,4.1964,2.7413,0.4444,-1.9864,0.0,-2.0078,0.65,27.1885,39.8038,23.7195,3.4884,2738.31,24.0,nasa_pcoe,1.5227,-0.004899999999999904,-0.002300000000000013,15.803800000000003,1.4550999999999998
B0007,123,1.5213,0.8045,3.4181,4.1963,2.7482,0.4446,-1.967,0.0,-2.0084,0.65,27.1828,39.917,23.8552,3.4453,2721.43,24.0,nasa_pcoe,1.5178,0.0035000000000000586,-0.0014199999999999768,15.917000000000002,1.4480999999999997
B0007,124,1.5197,0.8036,3.4044,4.1963,2.7308,0.4448,-1.9989,0.0,-2.0127,0.65,27.6197,40.2751,23.7751,3.4766,2726.83,24.0,nasa_pcoe,1.5213,-0.0016000000000000458,0.0004999999999999894,16.275100000000002,1.4655
B0007,125,1.5098,0.7984,3.4053,4.1963,2.737,0.445,-1.9853,0.0,-2.0072,0.65,27.6635,40.1271,23.9133,3.5344,2721.9,24.0,nasa_pcoe,1.5197,-0.00990000000000002,-0.004059999999999997,16.1271,1.4592999999999998
B0007,126,1.5172,0.8023,3.4001,4.1963,2.7272,0.4452,-1.9776,0.0,-2.0142,0.65,27.4729,39.6825,23.682,3.4998,2740.13,24.0,nasa_pcoe,1.5098,0.007400000000000073,-0.0010999999999999678,15.682499999999997,1.4691
B0007,127,1.507,0.7969,3.4134,4.1962,2.7383,0.4454,-1.9797,0.0,-2.0127,0.65,27.904,39.91,23.6728,3.5458,2723.29,24.0,nasa_pcoe,1.5172,-0.010200000000000209,-0.0021600000000000287,15.909999999999997,1.4579
B0007,128,1.5115,0.7993,3.4128,4.1962,2.7386,0.4456,-1.9717,0.0,-2.0066,0.65,27.8111,40.1835,23.8104,3.3696,2733.85,24.0,nasa_pcoe,1.507,0.0045000000000001705,-0.001960000000000006,16.183500000000002,1.4576000000000002
B0007,129,1.5158,0.8015,3.4021,4.1962,2.7395,0.4458,-1.9623,0.0,-2.0089,0.65,27.7308,39.9005,23.7442,3.4151,2711.29,24.0,nasa_pcoe,1.5115,0.0042999999999999705,-0.0007800000000000029,15.900500000000001,1.4567
B0007,130,1.5166,0.802,3.4083,4.1961,2.7409,0.446,-1.9726,0.0,-2.0033,0.65,27.6665,39.966,23.719,3.567,2708.22,24.0,nasa_pcoe,1.5158,0.0007999999999999119,0.0013599999999999834,15.966000000000001,1.4552000000000005
B0007,131,1.5174,0.8024,3.3925,4.1961,2.7385,0.4462,-1.9884,0.0,-2.0053,0.65,27.7303,40.1481,23.8443,3.3145,2737.64,24.0,nasa_pcoe,1.5166,0.0008000000000001339,3.999999999999559e-05,16.1481,1.4576000000000002
B0007,132,1.4951,0.7906,3.3981,4.1961,2.7377,0.4464,-1.9808,0.0,-2.011,0.65,27.686,40.1236,23.6983,3.5713,2696.73,24.0,nasa_pcoe,1.5174,-0.022299999999999986,-0.00237999999999996,16.123600000000003,1.4584000000000006
B0007,133,1.4949,0.7905,3.4017,4.196,2.7337,0.4466,-1.9791,0.0,-2.0069,0.65,27.7295,40.1317,23.8838,3.5675,2687.39,24.0,nasa_pcoe,1.4951,-0.00020000000000020002,-0.003320000000000034,16.131700000000002,1.4623
B0007,134,1.4965,0.7914,3.4032,4.196,2.7426,0.4468,-1.9911,0.0,-2.0203,0.65,27.9391,40.4848,23.7455,3.4865,2690.2,24.0,nasa_pcoe,1.4949,0.0016000000000000458,-0.003860000000000019,16.4848,1.4533999999999998
B0007,135,1.4922,0.7891,3.3984,4.196,2.7449,0.447,-1.9849,0.0,-2.0044,0.65,27.815,40.327,23.7832,3.4,2668.36,24.0,nasa_pcoe,1.4965,-0.0042999999999999705,-0.0048799999999999955,16.326999999999998,1.4510999999999998
B0007,136,1.4909,0.7884,3.3969,4.196,2.7494,0.4472,-1.9678,0.0,-2.0178,0.65,28.1863,40.0336,23.9356,3.5516,2684.03,24.0,nasa_pcoe,1.4922,-0.0013000000000000789,-0.005300000000000038,16.0336,1.4465999999999997
B0007,137,1.4829,0.7842,3.4005,4.1959,2.7418,0.4474,-1.9877,0.0,-2.0119,0.65,28.042,39.8811,23.9183,3.4544,2659.11,24.0,nasa_pcoe,1.4909,-0.007999999999999785,-0.0024399999999999977,15.881100000000004,1.4541
B0007,138,1.4826,0.784,3.3916,4.1959,2.7429,0.4476,-1.9797,0.0,-1.9983,0.65,27.9822,40.0454,23.9261,3.5792,2653.75,24.0,nasa_pcoe,1.4829,-0.000300000000000189,-0.0024599999999999956,16.0454,1.4529999999999998
B0007,139,1.4813,0.7833,3.3977,4.1959,2.7499,0.4478,-1.9967,0.0,-2.0058,0.65,28.0272,40.4359,23.8752,3.5522,2653.59,24.0,nasa_pcoe,1.4826,-0.0012999999999998568,-0.003039999999999976,16.435899999999997,1.4460000000000002
B0007,140,1.4741,0.7795,3.3962,4.1958,2.7402,0.448,-1.9792,0.0,-2.0065,0.65,27.9542,40.4819,23.7114,3.4266,2669.38,24.0,nasa_pcoe,1.4813,-0.007200000000000095,-0.003620000000000001,16.481900000000003,1.4556
B0007,141,1.4668,0.7757,3.3904,4.1958,2.7446,0.4482,-1.9769,0.0,-2.0245,0.65,27.9487,40.7422,23.9593,3.4977,2651.33,24.0,nasa_pcoe,1.4741,-0.007299999999999862,-0.004819999999999958,16.742199999999997,1.4512
B0007,142,1.4733,0.7791,3.4011,4.1958,2.7391,0.4484,-1.9781,0.0,-2.005,0.65,27.9255,40.433,23.9738,3.3173,2655.28,24.0,nasa_pcoe,1.4668,0.00649999999999995,-0.0019200000000000107,16.433,1.4567
B0007,143,1.4694,0.777,3.3894,4.1957,2.7426,0.4486,-1.972,0.0,-2.0057,0.65,28.0019,40.3965,23.8199,3.5451,2638.46,24.0,nasa_pcoe,1.4733,-0.0039000000000000146,-0.0026399999999999757,16.396500000000003,1.4531000000000005
B0007,144,1.4737,0.7793,3.3885,4.1957,2.7482,0.4488,-1.9778,0.0,-2.0071,0.65,28.0103,40.2632,23.7446,3.5482,2648.49,24.0,nasa_pcoe,1.4694,0.0042999999999999705,-0.0015200000000000103,16.263199999999998,1.4475000000000002
B0007,145,1.4728,0.7788,3.3992,4.1957,2.734,0.449,-1.9828,0.0,-2.0156,0.65,28.1346,40.6081,23.7413,3.4111,2655.37,24.0,nasa_pcoe,1.4737,-0.0008999999999999009,-0.00025999999999997135,16.6081,1.4617000000000004
B0007,146,1.4665,0.7755,3.3936,4.1957,2.7472,0.4492,-2.0004,0.0,-2.0045,0.65,28.4409,40.3087,23.8051,3.5398,2642.26,24.0,nasa_pcoe,1.4728,-0.006300000000000194,-6.00000000000378e-05,16.3087,1.4485000000000006
B0007,147,1.4609,0.7725,3.3847,4.1956,2.7417,0.4494,-1.9683,0.0,-2.0034,0.65,28.1354,40.3611,23.8018,3.492,2625.73,24.0,nasa_pcoe,1.4665,-0.005599999999999827,-0.0024799999999999935,16.3611,1.4539
B0007,148,1.4581,0.7711,3.3848,4.1956,2.7433,0.4496,-1.9745,0.0,-2.0116,0.65,28.2348,40.5471,23.9893,3.4471,2627.84,24.0,nasa_pcoe,1.4609,-0.0028000000000001357,-0.0022600000000000176,16.5471,1.4522999999999997
B0007,149,1.4586,0.7713,3.3927,4.1956,2.7432,0.4498,-1.9661,0.0,-2.0171,0.65,28.1428,40.9707,23.926,3.4771,2620.79,24.0,nasa_pcoe,1.4581,0.0004999999999999449,-0.0030200000000000227,16.9707,1.4524
B0007,150,1.4503,0.7669,3.3863,4.1955,2.7392,0.45,-1.9616,0.0,-2.0056,0.65,28.3912,40.6693,23.7326,3.3094,2612.69,24.0,nasa_pcoe,1.4586,-0.008299999999999974,-0.004500000000000037,16.6693,1.4563000000000001
B0007,151,1.449,0.7662,3.3842,4.1955,2.7396,0.4502,-1.9677,0.0,-2.0104,0.65,28.2584,40.7169,23.845,3.4876,2607.81,24.0,nasa_pcoe,1.4503,-0.0012999999999998568,-0.0034999999999999697,16.716900000000003,1.4559000000000002
B0007,152,1.4548,0.7693,3.3854,4.1955,2.7535,0.4504,-1.9839,0.0,-2.0096,0.65,28.2672,40.5858,23.6397,3.6251,2609.85,24.0,nasa_pcoe,1.449,0.005800000000000027,-0.0012199999999999989,16.5858,1.4420000000000002
B0007,153,1.4483,0.7659,3.3807,4.1954,2.74,0.4506,-1.9787,0.0,-2.0153,0.65,28.6279,40.6647,23.7564,3.491,2616.16,24.0,nasa_pcoe,1.4548,-0.006500000000000172,-0.001960000000000006,16.664700000000003,1.4554
B0007,154,1.4411,0.762,3.3781,4.1954,2.7439,0.4508,-1.9859,0.0,-1.9996,0.65,28.3158,40.6516,23.8222,3.4707,2586.61,24.0,nasa_pcoe,1.4483,-0.007199999999999873,-0.0034999999999999697,16.651600000000002,1.4515000000000002
B0007,155,1.4438,0.7635,3.3749,4.1954,2.7459,0.451,-1.986,0.0,-2.0186,0.65,28.599,40.5993,23.6913,3.4729,2588.01,24.0,nasa_pcoe,1.4411,0.0026999999999999247,-0.00129999999999999,16.5993,1.4495000000000005
B0007,156,1.4219,0.7519,3.3818,4.1954,2.7463,0.4512,-1.9817,0.0,-2.0064,0.65,28.2767,40.7756,23.6809,3.5882,2554.02,24.0,nasa_pcoe,1.4438,-0.02190000000000003,-0.005420000000000025,16.775599999999997,1.4491
B0007,157,1.4416,0.7623,3.3666,4.1953,2.7481,0.4514,-1.9934,0.0,-2.0065,0.65,28.5623,40.7065,23.8295,3.5768,2591.49,24.0,nasa_pcoe,1.4219,0.01970000000000005,-0.00264000000000002,16.7065,1.4471999999999996
B0007,158,1.4246,0.7533,3.3854,4.1953,2.7587,0.4516,-1.9976,0.0,-2.0159,0.65,28.3862,40.8451,23.846,3.5498,2565.52,24.0,nasa_pcoe,1.4416,-0.016999999999999904,-0.0047399999999999665,16.845100000000002,1.4365999999999994
B0007,159,1.4333,0.7579,3.3887,4.1953,2.7518,0.4518,-1.9902,0.0,-2.0021,0.65,28.3533,41.0374,23.8233,3.5573,2570.76,24.0,nasa_pcoe,1.4246,0.00869999999999993,-0.0015600000000000058,17.037399999999998,1.4434999999999998
B0007,160,1.4228,0.7524,3.3782,4.1952,2.7548,0.452,-1.9797,0.0,-2.0102,0.65,28.6486,41.152,23.7826,3.5561,2556.37,24.0,nasa_pcoe,1.4333,-0.010499999999999954,-0.0041999999999999815,17.152,1.4404
B0007,161,1.4223,0.7521,3.38,4.1952,2.7509,0.4522,-1.9871,0.0,-2.0113,0.65,28.612,41.1341,24.0111,3.3912,2555.67,24.0,nasa_pcoe,1.4228,-0.000500000000000167,7.999999999999118e-05,17.134099999999997,1.4442999999999997
B0007,162,1.4163,0.749,3.3758,4.1952,2.7436,0.4524,-1.9909,0.0,-2.007,0.65,28.5048,40.9286,23.7481,3.5167,2530.92,24.0,nasa_pcoe,1.4223,-0.006000000000000005,-0.00506000000000002,16.928600000000003,1.4516
B0007,163,1.4328,0.7577,3.3778,4.1951,2.7479,0.4526,-1.9678,0.0,-2.0076,0.65,28.7166,41.3719,23.796,3.5577,2583.52,24.0,nasa_pcoe,1.4163,0.01650000000000018,0.001639999999999997,17.371899999999997,1.4472
B0007,164,1.4218,0.7518,3.3788,4.1951,2.7476,0.4528,-1.9802,0.0,-2.007,0.65,28.5499,41.6597,23.7947,3.5373,2568.55,24.0,nasa_pcoe,1.4328,-0.01100000000000012,-0.002300000000000013,17.6597,1.4475000000000002
B0007,165,1.4149,0.7482,3.3668,4.1951,2.7504,0.453,-1.966,0.0,-2.006,0.65,28.8092,41.3338,23.8532,3.5071,2542.23,24.0,nasa_pcoe,1.4218,-0.006899999999999906,-0.0015800000000000037,17.333799999999997,1.4447
B0007,166,1.4169,0.7492,3.3753,4.1951,2.7428,0.4532,-1.9759,0.0,-2.0071,0.65,28.504,41.241,23.702,3.6314,2542.41,24.0,nasa_pcoe,1.4149,0.0020000000000000018,-0.0010799999999999699,17.241,1.4523000000000001
B0007,167,1.4226,0.7522,3.3836,4.195,2.7546,0.4534,-1.9732,0.0,-2.0134,0.65,28.6152,41.2844,23.9045,3.5573,2567.25,24.0,nasa_pcoe,1.4169,0.005700000000000038,0.0012600000000000389,17.284399999999998,1.4404000000000003
B0007,168,1.4139,0.7477,3.3728,4.195,2.7524,0.4536,-1.9758,0.0,-2.0079,0.65,28.7046,41.3424,23.6167,3.4275,2540.81,24.0,nasa_pcoe,1.4226,-0.008700000000000152,-0.0037800000000000277,17.342399999999998,1.4426
B0018,1,1.8458,0.995,3.5202,4.2,2.6984,0.4202,-1.982,0.0,-2.0164,0.65,24.1423,35.8996,23.7127,3.5315,3331.75,24.0,nasa_pcoe,1.8458,0.0,0.0,11.8996,1.5016000000000003
B0018,2,1.8385,0.9911,3.519,4.1999,2.6934,0.4204,-1.972,0.0,-2.0188,0.65,24.4894,35.6816,23.8025,3.4903,3293.88,24.0,nasa_pcoe,1.8458,-0.007300000000000084,0.0,11.681600000000003,1.5065000000000004
B0018,3,1.8303,0.9867,3.5096,4.1999,2.698,0.4206,-1.9767,0.0,-2.0177,0.65,24.846,35.8251,23.8673,3.6798,3277.95,24.0,nasa_pcoe,1.8385,-0.008199999999999985,0.0,11.825099999999999,1.5019000000000005
B0018,4,1.8246,0.9836,3.5139,4.1998,2.6969,0.4208,-1.9689,0.0,-2.0109,0.65,24.819,35.8559,23.8354,3.4648,3279.99,24.0,nasa_pcoe,1.8303,-0.005700000000000038,0.0,11.855899999999998,1.5029
B0018,5,1.8209,0.9816,3.5172,4.1998,2.6976,0.421,-1.9884,0.0,-2.0133,0.65,24.6371,35.7259,23.7729,3.5903,3264.15,24.0,nasa_pcoe,1.8246,-0.0037000000000000366,0.0,11.725900000000003,1.5021999999999998
B0018,6,1.8138,0.9778,3.522,4.1998,2.6993,0.4212,-1.9891,0.0,-2.0086,0.65,24.6902,36.2208,23.641,3.5045,3265.93,24.0,nasa_pcoe,1.8209,-0.007099999999999884,-0.0064000000000000055,12.220799999999997,1.5004999999999997
B0018,7,1.8088,0.9751,3.5085,4.1997,2.7037,0.4214,-1.968,0.0,-2.0096,0.65,24.7473,36.1664,23.7773,3.4463,3259.06,24.0,nasa_pcoe,1.8138,-0.0050000000000001155,-0.005940000000000012,12.166400000000003,1.496
B0018,8,1.8083,0.9748,3.5142,4.1997,2.7019,0.4216,-1.9682,0.0,-2.0054,0.65,24.937,35.7567,23.8221,3.6453,3272.29,24.0,nasa_pcoe,1.8088,-0.0004999999999999449,-0.004400000000000004,11.756700000000002,1.4977999999999998
B0018,9,1.7984,0.9695,3.5068,4.1997,2.6993,0.4218,-1.9805,0.0,-2.0104,0.65,24.851,36.1357,23.7339,3.4803,3235.08,24.0,nasa_pcoe,1.8083,-0.00990000000000002,-0.00524,12.1357,1.5004
B0018,10,1.792,0.966,3.5014,4.1996,2.7028,0.422,-1.9857,0.0,-2.0117,0.65,24.6637,36.3338,23.8372,3.3074,3235.25,24.0,nasa_pcoe,1.7984,-0.006399999999999961,-0.005779999999999985,12.333799999999997,1.4968000000000004
B0018,11,1.7844,0.962,3.5096,4.1996,2.7079,0.4222,-1.9677,0.0,-2.0175,0.65,24.6987,36.1926,23.7328,3.3597,3225.93,24.0,nasa_pcoe,1.792,-0.007600000000000051,-0.005880000000000019,12.192599999999999,1.4917000000000002
B0018,12,1.7716,0.955,3.5186,4.1995,2.6966,0.4224,-1.9981,0.0,-2.0081,0.65,24.7283,36.1084,23.7799,3.5243,3186.5,24.0,nasa_pcoe,1.7844,-0.012799999999999923,-0.00743999999999998,12.108400000000003,1.5028999999999995
B0018,13,1.7741,0.9564,3.5128,4.1995,2.7129,0.4226,-1.9742,0.0,-2.0034,0.65,24.9241,36.1024,23.6881,3.4415,3190.82,24.0,nasa_pcoe,1.7716,0.0024999999999999467,-0.0068400000000000015,12.102400000000003,1.4865999999999997
B0018,14,1.7567,0.947,3.5015,4.1995,2.7134,0.4228,-1.9768,0.0,-2.0065,0.65,25.3945,36.429,23.7721,3.5186,3171.84,24.0,nasa_pcoe,1.7741,-0.017400000000000082,-0.008340000000000014,12.429000000000002,1.4860999999999995
B0018,15,1.7526,0.9448,3.5055,4.1994,2.7054,0.423,-1.9767,0.0,-2.014,0.65,25.117,36.6119,23.8215,3.4825,3142.93,24.0,nasa_pcoe,1.7567,-0.0040999999999999925,-0.00788000000000002,12.611899999999999,1.4939999999999998
B0018,16,1.7598,0.9487,3.5004,4.1994,2.7112,0.4232,-1.9658,0.0,-2.008,0.65,25.0301,36.5198,23.8853,3.4919,3179.83,24.0,nasa_pcoe,1.7526,0.007200000000000095,-0.004919999999999991,12.519799999999996,1.4882
B0018,17,1.7609,0.9493,3.5025,4.1994,2.6982,0.4234,-1.9878,0.0,-2.0125,0.65,24.8736,36.6152,23.6876,3.4284,3186.32,24.0,nasa_pcoe,1.7598,0.0010999999999998789,-0.0021400000000000308,12.615200000000002,1.5011999999999999
B0018,18,1.7571,0.9472,3.5021,4.1993,2.7059,0.4236,-1.988,0.0,-2.0172,0.65,24.867,36.4495,23.8695,3.5357,3179.54,24.0,nasa_pcoe,1.7609,-0.0037999999999998035,-0.0033999999999999807,12.4495,1.4933999999999998
B0018,19,1.7593,0.9484,3.4943,4.1993,2.7117,0.4238,-1.9756,0.0,-2.0217,0.65,25.1844,36.9378,23.802,3.4571,3181.08,24.0,nasa_pcoe,1.7571,0.0021999999999999797,0.0005200000000000315,12.937800000000003,1.4876
B0018,20,1.7484,0.9425,3.5,4.1992,2.7162,0.424,-1.9671,0.0,-2.01,0.65,24.8967,36.5927,23.7902,3.5039,3162.39,24.0,nasa_pcoe,1.7593,-0.010900000000000132,-0.0008399999999999963,12.5927,1.483
B0018,21,1.7411,0.9386,3.4876,4.1992,2.7135,0.4242,-1.975,0.0,-2.0128,0.65,24.9149,36.6095,23.834,3.3669,3136.26,24.0,nasa_pcoe,1.7484,-0.007299999999999862,-0.0037399999999999877,12.609499999999997,1.4857000000000005
B0018,22,1.7497,0.9432,3.4937,4.1992,2.7126,0.4244,-1.9848,0.0,-2.0146,0.65,25.193,36.9356,23.7822,3.6456,3156.06,24.0,nasa_pcoe,1.7411,0.008599999999999941,-0.0022399999999999755,12.9356,1.4866000000000001
B0018,23,1.7324,0.9339,3.499,4.1991,2.7133,0.4246,-1.9587,0.0,-2.0023,0.65,25.3274,36.6085,23.9151,3.4807,3139.74,24.0,nasa_pcoe,1.7497,-0.017300000000000093,-0.004940000000000033,12.6085,1.4857999999999998
B0018,24,1.7428,0.9395,3.5004,4.1991,2.7111,0.4248,-1.9922,0.0,-2.0141,0.65,25.077,37.0549,23.8027,3.3527,3131.66,24.0,nasa_pcoe,1.7324,0.010399999999999965,-0.0033000000000000364,13.054900000000004,1.4879999999999995
B0018,25,1.7248,0.9298,3.4892,4.1991,2.7019,0.425,-1.9794,0.0,-2.0065,0.65,25.0151,36.9174,23.8413,3.4451,3095.48,24.0,nasa_pcoe,1.7428,-0.017999999999999794,-0.004719999999999969,12.9174,1.4971999999999994
B0018,26,1.7198,0.9271,3.4921,4.199,2.705,0.4252,-1.9858,0.0,-2.0054,0.65,25.2406,36.9765,23.5666,3.3547,3090.72,24.0,nasa_pcoe,1.7248,-0.0050000000000001155,-0.004260000000000019,12.976500000000001,1.4939999999999998
B0018,27,1.7204,0.9275,3.4834,4.199,2.7124,0.4254,-1.9658,0.0,-2.0204,0.65,25.4396,37.0605,23.8344,3.571,3098.82,24.0,nasa_pcoe,1.7198,0.0005999999999999339,-0.005860000000000021,13.060499999999998,1.4865999999999997
B0018,28,1.7114,0.9226,3.4917,4.1989,2.7078,0.4256,-1.9791,0.0,-2.0106,0.65,25.505,37.0349,23.7957,3.5836,3088.04,24.0,nasa_pcoe,1.7204,-0.008999999999999897,-0.0041999999999999815,13.0349,1.4910999999999999
B0018,29,1.7086,0.9211,3.4837,4.1989,2.7069,0.4258,-1.9795,0.0,-2.0107,0.65,25.5152,37.1322,23.8918,3.4284,3072.12,24.0,nasa_pcoe,1.7114,-0.0028000000000001357,-0.0068400000000000015,13.132199999999997,1.492
B0018,30,1.7015,0.9172,3.4906,4.1989,2.7155,0.426,-1.9813,0.0,-2.0147,0.65,25.3534,36.9681,23.6649,3.4821,3053.91,24.0,nasa_pcoe,1.7086,-0.007099999999999884,-0.00466000000000002,12.9681,1.4834
B0018,31,1.6945,0.9135,3.4829,4.1988,2.7161,0.4262,-1.9921,0.0,-2.0164,0.65,25.4798,36.7501,23.9622,3.5087,3039.28,24.0,nasa_pcoe,1.7015,-0.007000000000000117,-0.00506000000000002,12.750100000000003,1.4827000000000004
B0018,32,1.6947,0.9136,3.4734,4.1988,2.7189,0.4264,-1.9744,0.0,-2.0075,0.65,25.5605,36.86,23.871,3.4549,3040.32,24.0,nasa_pcoe,1.6945,0.00020000000000020002,-0.005139999999999967,12.86,1.4799000000000002
B0018,33,1.6926,0.9124,3.4794,4.1988,2.7039,0.4266,-1.9743,0.0,-2.0126,0.65,25.9038,37.3099,23.7972,3.498,3038.51,24.0,nasa_pcoe,1.6947,-0.0020999999999999908,-0.0037599999999999856,13.309899999999999,1.4949000000000003
B0018,34,1.6864,0.9091,3.481,4.1987,2.7158,0.4268,-1.9875,0.0,-2.0114,0.65,25.4017,37.0099,23.8044,3.4939,3041.1,24.0,nasa_pcoe,1.6926,-0.006200000000000205,-0.0044399999999999995,13.009900000000002,1.4828999999999994
B0018,35,1.6857,0.9087,3.4816,4.1987,2.7115,0.427,-1.9896,0.0,-2.0169,0.65,25.515,37.0962,23.669,3.4102,3022.95,24.0,nasa_pcoe,1.6864,-0.0006999999999999229,-0.0031600000000000074,13.096200000000003,1.4871999999999996
B0018,36,1.6782,0.9047,3.4797,4.1986,2.7231,0.4272,-1.9699,0.0,-2.009,0.65,25.5479,37.3156,23.757,3.4501,3011.9,24.0,nasa_pcoe,1.6857,-0.007500000000000062,-0.0032599999999999964,13.315600000000003,1.4754999999999998
B0018,37,1.6816,0.9065,3.4832,4.1986,2.7073,0.4274,-1.9776,0.0,-2.0008,0.65,25.6464,37.2245,23.8583,3.5898,3009.64,24.0,nasa_pcoe,1.6782,0.0034000000000000696,-0.0026200000000000225,13.224499999999999,1.4912999999999998
B0018,38,1.6707,0.9007,3.4775,4.1986,2.7159,0.4276,-1.9783,0.0,-2.0122,0.65,25.6199,37.3198,23.8259,3.4962,3014.04,24.0,nasa_pcoe,1.6816,-0.01089999999999991,-0.004380000000000006,13.3198,1.4827
B0018,39,1.6699,0.9002,3.4804,4.1985,2.7101,0.4278,-1.9635,0.0,-2.0128,0.65,25.7073,37.4899,23.733,3.6211,2994.49,24.0,nasa_pcoe,1.6707,-0.0008000000000001339,-0.0032999999999999917,13.489899999999999,1.4884
B0018,40,1.6654,0.8978,3.4686,4.1985,2.7092,0.428,-1.9998,0.0,-2.0186,0.65,26.0819,37.5504,23.9399,3.4227,3000.57,24.0,nasa_pcoe,1.6699,-0.0044999999999999485,-0.004059999999999997,13.550400000000003,1.4893
B0018,41,1.6593,0.8945,3.4768,4.1984,2.7215,0.4282,-1.9804,0.0,-2.0111,0.65,25.7678,37.1314,23.9741,3.4696,2995.5,24.0,nasa_pcoe,1.6654,-0.006099999999999994,-0.0037799999999999835,13.1314,1.4769000000000005
B0018,42,1.6584,0.894,3.4743,4.1984,2.706,0.4284,-1.9692,0.0,-2.0099,0.65,26.2431,37.3964,23.9042,3.4968,2973.56,24.0,nasa_pcoe,1.6593,-0.0008999999999999009,-0.0046399999999999775,13.3964,1.4924000000000004
B0018,43,1.6492,0.8891,3.4702,4.1984,2.712,0.4286,-1.9882,0.0,-2.0202,0.65,25.9071,37.4694,23.8897,3.4706,2984.86,24.0,nasa_pcoe,1.6584,-0.009200000000000097,-0.004300000000000015,13.4694,1.4864000000000002
B0018,44,1.6477,0.8883,3.4622,4.1983,2.714,0.4288,-1.9782,0.0,-2.0065,0.65,26.0448,37.4436,23.8059,3.4533,2971.34,24.0,nasa_pcoe,1.6492,-0.0015000000000000568,-0.0044399999999999995,13.443600000000004,1.4842999999999997
B0018,45,1.6448,0.8867,3.4738,4.1983,2.7134,0.429,-1.9763,0.0,-2.0068,0.65,26.1059,37.4646,23.8545,3.5063,2966.14,24.0,nasa_pcoe,1.6477,-0.0028999999999999027,-0.00411999999999999,13.464599999999997,1.4848999999999997
B0018,46,1.645,0.8868,3.4621,4.1983,2.7239,0.4292,-1.9882,0.0,-2.0093,0.65,25.9147,37.5244,23.8436,3.4038,2968.5,24.0,nasa_pcoe,1.6448,0.00019999999999997797,-0.002859999999999996,13.5244,1.4743999999999997
B0018,47,1.6342,0.881,3.466,4.1982,2.7207,0.4294,-1.9904,0.0,-2.0143,0.65,26.1448,37.5646,23.9873,3.3179,2938.91,24.0,nasa_pcoe,1.645,-0.01079999999999992,-0.00484,13.564599999999999,1.4775
B0018,48,1.6307,0.8791,3.4634,4.1982,2.7229,0.4296,-1.9788,0.0,-2.0072,0.65,26.0077,37.6783,23.9142,3.6087,2935.6,24.0,nasa_pcoe,1.6342,-0.0035000000000000586,-0.0036999999999999924,13.6783,1.4752999999999998
B0018,49,1.6182,0.8724,3.4676,4.1981,2.7194,0.4298,-1.9772,0.0,-2.0122,0.65,25.8511,37.9147,23.8185,3.5724,2904.18,24.0,nasa_pcoe,1.6307,-0.012499999999999956,-0.005899999999999972,13.914700000000003,1.4787000000000003
B0018,50,1.623,0.8749,3.4648,4.1981,2.7183,0.43,-1.9796,0.0,-2.0107,0.65,26.3011,38.003,23.9494,3.6072,2908.14,24.0,nasa_pcoe,1.6182,0.0047999999999999154,-0.004360000000000008,14.003,1.4798
B0018,51,1.6217,0.8742,3.458,4.1981,2.7193,0.4302,-1.9778,0.0,-2.0109,0.65,26.04,37.7892,23.9542,3.5145,2917.91,24.0,nasa_pcoe,1.623,-0.0013000000000000789,-0.00466000000000002,13.789200000000001,1.4788000000000001
B0018,52,1.6082,0.867,3.4691,4.198,2.7199,0.4304,-1.9828,0.0,-2.0108,0.65,26.3566,38.0206,23.8084,3.403,2873.44,24.0,nasa_pcoe,1.6217,-0.013499999999999845,-0.005200000000000005,14.020600000000002,1.4781000000000004
B0018,53,1.6121,0.8691,3.4568,4.198,2.7215,0.4306,-1.9918,0.0,-2.0087,0.65,25.9805,37.9661,23.8314,3.522,2905.77,24.0,nasa_pcoe,1.6082,0.0039000000000000146,-0.00371999999999999,13.966099999999997,1.4765000000000006
B0018,54,1.6062,0.8659,3.4582,4.198,2.7168,0.4308,-1.977,0.0,-2.015,0.65,26.4857,38.0719,23.7101,3.4525,2892.05,24.0,nasa_pcoe,1.6121,-0.005900000000000016,-0.002400000000000002,14.0719,1.4812000000000003
B0018,55,1.6086,0.8672,3.4533,4.1979,2.7194,0.431,-1.9837,0.0,-2.008,0.65,26.3121,37.787,23.8313,3.5755,2905.87,24.0,nasa_pcoe,1.6062,0.0023999999999999577,-0.0028799999999999937,13.786999999999999,1.4785
B0018,56,1.6045,0.8649,3.4585,4.1979,2.7171,0.4312,-1.9711,0.0,-2.0171,0.65,26.2177,37.9596,23.639,3.4627,2889.44,24.0,nasa_pcoe,1.6086,-0.0040999999999999925,-0.0034399999999999765,13.959600000000002,1.4808
B0018,57,1.5975,0.8612,3.4519,4.1978,2.7238,0.4314,-1.9814,0.0,-2.0118,0.65,26.5486,38.2444,23.8392,3.3589,2872.24,24.0,nasa_pcoe,1.6045,-0.007000000000000117,-0.0021400000000000308,14.244399999999999,1.4739999999999998
B0018,58,1.5974,0.8611,3.4396,4.1978,2.7236,0.4316,-1.9784,0.0,-2.0144,0.65,26.3647,38.4666,23.7503,3.6408,2872.13,24.0,nasa_pcoe,1.5975,-9.999999999998899e-05,-0.0029400000000000316,14.4666,1.4742000000000002
B0018,59,1.5912,0.8578,3.4578,4.1978,2.7169,0.4318,-1.999,0.0,-2.0081,0.65,26.6135,38.1043,23.9705,3.4971,2862.61,24.0,nasa_pcoe,1.5974,-0.006199999999999983,-0.0030000000000000248,14.104300000000002,1.4809
B0018,60,1.5865,0.8552,3.454,4.1977,2.7287,0.432,-1.993,0.0,-2.0067,0.65,26.541,38.5396,23.7286,3.381,2850.96,24.0,nasa_pcoe,1.5912,-0.0046999999999999265,-0.004420000000000002,14.5396,1.4690000000000003
B0018,61,1.5885,0.8564,3.4535,4.1977,2.7148,0.4322,-1.9755,0.0,-2.0107,0.65,26.2027,37.9433,23.8394,3.3573,2870.21,24.0,nasa_pcoe,1.5865,0.0020000000000000018,-0.0032000000000000028,13.9433,1.4829000000000003
B0018,62,1.5805,0.852,3.4449,4.1977,2.7222,0.4324,-2.0022,0.0,-2.0086,0.65,26.5441,38.6017,23.6192,3.4242,2841.23,24.0,nasa_pcoe,1.5885,-0.008000000000000007,-0.0033999999999999807,14.601700000000001,1.4755000000000003
B0018,63,1.5776,0.8505,3.4464,4.1976,2.7231,0.4326,-1.9822,0.0,-2.0164,0.65,26.3713,38.3446,23.804,3.7141,2845.92,24.0,nasa_pcoe,1.5805,-0.0029000000000001247,-0.003960000000000008,14.3446,1.4745000000000004
B0018,64,1.5693,0.846,3.4347,4.1976,2.7287,0.4328,-1.9851,0.0,-2.0052,0.65,26.5781,38.787,23.6382,3.5093,2825.11,24.0,nasa_pcoe,1.5776,-0.008299999999999974,-0.004380000000000006,14.786999999999999,1.4689000000000005
B0018,65,1.5575,0.8396,3.4471,4.1975,2.7284,0.433,-1.9695,0.0,-2.0121,0.65,26.4104,38.354,23.5644,3.5083,2810.54,24.0,nasa_pcoe,1.5693,-0.01179999999999981,-0.005799999999999983,14.354,1.4690999999999996
B0018,66,1.5683,0.8454,3.4438,4.1975,2.7162,0.4332,-1.975,0.0,-2.017,0.65,26.5879,38.5904,23.7362,3.6148,2822.65,24.0,nasa_pcoe,1.5575,0.01079999999999992,-0.004039999999999999,14.590400000000002,1.4812999999999996
B0018,67,1.5665,0.8445,3.4353,4.1975,2.7283,0.4334,-1.9822,0.0,-2.0091,0.65,26.4526,38.5521,23.8133,3.453,2813.54,24.0,nasa_pcoe,1.5683,-0.0018000000000000238,-0.0028000000000000026,14.552100000000003,1.4691999999999998
B0018,68,1.5579,0.8398,3.443,4.1974,2.73,0.4336,-1.9733,0.0,-2.0105,0.65,26.6332,38.5206,23.9315,3.4654,2816.2,24.0,nasa_pcoe,1.5665,-0.008599999999999941,-0.003939999999999966,14.520600000000002,1.4674
B0018,69,1.5554,0.8385,3.4427,4.1974,2.7246,0.4338,-1.981,0.0,-2.0126,0.65,26.659,38.6206,23.9383,3.6851,2796.51,24.0,nasa_pcoe,1.5579,-0.0025000000000001688,-0.0027800000000000047,14.620600000000003,1.4727999999999999
B0018,70,1.5391,0.8297,3.4419,4.1973,2.7212,0.434,-1.9745,0.0,-2.0121,0.65,26.8412,38.8174,23.839,3.4771,2768.61,24.0,nasa_pcoe,1.5554,-0.01629999999999998,-0.0036800000000000387,14.8174,1.4761000000000002
B0018,71,1.5495,0.8353,3.4448,4.1973,2.7228,0.4342,-1.9978,0.0,-1.9966,0.65,26.7691,38.6103,23.9168,3.6101,2799.79,24.0,nasa_pcoe,1.5391,0.010400000000000187,-0.0037599999999999856,14.610300000000002,1.4745000000000004
B0018,72,1.5457,0.8333,3.4371,4.1973,2.7236,0.4344,-1.9807,0.0,-1.998,0.65,26.8329,38.7442,23.8353,3.5915,2794.72,24.0,nasa_pcoe,1.5495,-0.0038000000000000256,-0.004159999999999986,14.7442,1.4737000000000005
B0018,73,1.5518,0.8365,3.4454,4.1972,2.7181,0.4346,-1.9747,0.0,-2.0122,0.65,26.5631,38.6025,23.5867,3.3632,2797.38,24.0,nasa_pcoe,1.5457,0.006099999999999994,-0.0012199999999999989,14.6025,1.4790999999999994
B0018,74,1.5359,0.828,3.4331,4.1972,2.7344,0.4348,-1.9841,0.0,-2.0118,0.65,27.0551,38.8072,23.8154,3.5418,2760.5,24.0,nasa_pcoe,1.5518,-0.015900000000000025,-0.0038999999999999703,14.807200000000002,1.4627999999999997
B0018,75,1.5355,0.8278,3.4421,4.1972,2.731,0.435,-1.9892,0.0,-2.0144,0.65,26.9493,39.1871,23.7511,3.395,2728.28,24.0,nasa_pcoe,1.5359,-0.00039999999999995595,-0.0007199999999999651,15.187100000000001,1.4661999999999997
B0018,76,1.531,0.8253,3.4347,4.1971,2.7333,0.4352,-1.9739,0.0,-2.0139,0.65,26.9269,38.832,23.9861,3.5159,2756.94,24.0,nasa_pcoe,1.5355,-0.0045000000000001705,-0.0037000000000000366,14.832,1.4638
B0018,77,1.5268,0.8231,3.4247,4.1971,2.7259,0.4354,-1.9852,0.0,-2.0113,0.65,26.8146,39.2509,23.8123,3.4559,2752.1,24.0,nasa_pcoe,1.531,-0.0041999999999999815,-0.0037800000000000277,15.250900000000001,1.4711999999999996
B0018,78,1.5296,0.8246,3.4332,4.197,2.7325,0.4356,-1.9628,0.0,-2.0168,0.65,26.9377,39.0543,23.7364,3.5964,2757.23,24.0,nasa_pcoe,1.5268,0.0028000000000001357,-0.0044399999999999995,15.054299999999998,1.4645000000000001
B0018,79,1.5179,0.8183,3.4271,4.197,2.7286,0.4358,-1.9804,0.0,-2.0123,0.65,26.8241,38.9734,23.7365,3.5938,2730.27,24.0,nasa_pcoe,1.5296,-0.011700000000000044,-0.0036000000000000034,14.973399999999998,1.4684
B0018,80,1.5242,0.8217,3.4433,4.197,2.7269,0.436,-1.9529,0.0,-2.0093,0.65,27.2358,39.033,23.7908,3.5195,2738.47,24.0,nasa_pcoe,1.5179,0.006299999999999972,-0.0022600000000000176,15.033000000000001,1.4701
B0018,81,1.5104,0.8143,3.4345,4.1969,2.7271,0.4362,-1.9948,0.0,-2.0118,0.65,26.8873,39.5689,23.8175,3.4346,2719.45,24.0,nasa_pcoe,1.5242,-0.013800000000000034,-0.00411999999999999,15.5689,1.4698000000000002
B0018,82,1.5083,0.8131,3.4223,4.1969,2.7348,0.4364,-1.9677,0.0,-2.0028,0.65,27.1608,39.3058,23.8356,3.4495,2719.85,24.0,nasa_pcoe,1.5104,-0.0020999999999999908,-0.0036999999999999924,15.305799999999998,1.4621000000000004
B0018,83,1.5007,0.809,3.4136,4.1969,2.7337,0.4366,-1.9789,0.0,-2.0093,0.65,26.9801,39.0867,23.6154,3.4594,2690.13,24.0,nasa_pcoe,1.5083,-0.007600000000000051,-0.00578000000000003,15.0867,1.4632000000000005
B0018,84,1.4896,0.803,3.423,4.1968,2.7393,0.4368,-1.9688,0.0,-2.0143,0.65,27.0772,39.5227,23.8,3.495,2671.76,24.0,nasa_pcoe,1.5007,-0.011099999999999888,-0.005659999999999998,15.5227,1.4574999999999996
B0018,85,1.4935,0.8051,3.4251,4.1968,2.7309,0.437,-1.9787,0.0,-2.0157,0.65,27.1051,39.2612,23.7086,3.4658,2691.6,24.0,nasa_pcoe,1.4896,0.0039000000000000146,-0.00613999999999999,15.261200000000002,1.4658999999999995
B0018,86,1.4984,0.8078,3.4172,4.1967,2.7297,0.4372,-1.9759,0.0,-2.0008,0.65,27.1373,38.9932,23.6455,3.4493,2686.37,24.0,nasa_pcoe,1.4935,0.004899999999999904,-0.002400000000000002,14.993200000000002,1.467
B0018,87,1.4907,0.8036,3.4219,4.1967,2.7327,0.4374,-1.974,0.0,-2.0071,0.65,27.0144,39.4617,23.8528,3.4638,2691.03,24.0,nasa_pcoe,1.4984,-0.00770000000000004,-0.003520000000000012,15.4617,1.464
B0018,88,1.4816,0.7987,3.409,4.1967,2.7389,0.4376,-1.983,0.0,-2.0101,0.65,27.3645,39.8152,23.8041,3.4508,2676.53,24.0,nasa_pcoe,1.4907,-0.009099999999999886,-0.003819999999999979,15.815199999999997,1.4577999999999998
B0018,89,1.4873,0.8018,3.4141,4.1966,2.7318,0.4378,-1.9662,0.0,-2.0134,0.65,27.4587,39.4461,23.7322,3.5856,2693.53,24.0,nasa_pcoe,1.4816,0.005700000000000038,-0.0004599999999999937,15.446100000000001,1.4648000000000003
B0018,90,1.4873,0.8018,3.4164,4.1966,2.7311,0.438,-1.9783,0.0,-2.0031,0.65,27.4891,39.5773,23.9506,3.4657,2675.66,24.0,nasa_pcoe,1.4873,0.0,-0.0012399999999999967,15.577300000000001,1.4655
B0018,91,1.4775,0.7965,3.4158,4.1966,2.7395,0.4382,-1.9757,0.0,-2.0148,0.65,27.1596,39.2469,23.7615,3.5048,2671.41,24.0,nasa_pcoe,1.4873,-0.009800000000000031,-0.004179999999999984,15.246899999999997,1.4571
B0018,92,1.4796,0.7976,3.4193,4.1965,2.7379,0.4384,-1.974,0.0,-2.0059,0.65,27.3581,39.7957,23.6358,3.5125,2655.89,24.0,nasa_pcoe,1.4775,0.0020999999999999908,-0.0022199999999999776,15.795699999999997,1.4586000000000006
B0018,93,1.4733,0.7942,3.4125,4.1965,2.7329,0.4386,-1.989,0.0,-1.9935,0.65,27.3821,39.5087,23.8446,3.4655,2647.08,24.0,nasa_pcoe,1.4796,-0.006299999999999972,-0.0016599999999999948,15.508699999999997,1.4636000000000005
B0018,94,1.4679,0.7913,3.4149,4.1964,2.7358,0.4388,-1.9819,0.0,-2.0072,0.65,27.3915,39.4212,23.7663,3.4314,2628.54,24.0,nasa_pcoe,1.4733,-0.005400000000000071,-0.0038800000000000167,15.421199999999999,1.4606
B0018,95,1.4679,0.7913,3.4155,4.1964,2.7394,0.439,-1.9679,0.0,-1.9995,0.65,27.8419,39.8405,23.8353,3.6225,2634.68,24.0,nasa_pcoe,1.4679,0.0,-0.0038800000000000167,15.840499999999999,1.4569999999999999
B0018,96,1.4635,0.7889,3.4103,4.1964,2.7347,0.4392,-1.998,0.0,-2.0206,0.65,27.5084,39.6245,23.6992,3.4954,2643.36,24.0,nasa_pcoe,1.4679,-0.0043999999999999595,-0.0028000000000000026,15.624499999999998,1.4616999999999996
B0018,97,1.4648,0.7896,3.4081,4.1963,2.7342,0.4394,-2.0076,0.0,-2.0109,0.65,27.8294,39.8586,23.7241,3.4512,2657.29,24.0,nasa_pcoe,1.4635,0.0013000000000000789,-0.0029599999999999848,15.858600000000003,1.4621
B0018,98,1.4597,0.7869,3.4065,4.1963,2.7385,0.4396,-1.9698,0.0,-2.0078,0.65,27.5489,39.9648,23.7961,3.5195,2634.14,24.0,nasa_pcoe,1.4648,-0.0051000000000001044,-0.0027200000000000115,15.964799999999997,1.4577999999999998
B0018,99,1.4577,0.7858,3.4058,4.1963,2.7374,0.4398,-1.9682,0.0,-2.0095,0.65,27.709,39.7764,23.8323,3.4503,2611.92,24.0,nasa_pcoe,1.4597,-0.0020000000000000018,-0.0020399999999999975,15.776400000000002,1.4588999999999999
B0018,100,1.4462,0.7796,3.4031,4.1962,2.7368,0.44,-1.9819,0.0,-2.0155,0.65,27.6832,40.1797,24.0803,3.4678,2602.9,24.0,nasa_pcoe,1.4577,-0.011500000000000066,-0.0043400000000000105,16.179699999999997,1.4594
B0018,101,1.4445,0.7787,3.412,4.1962,2.7434,0.4402,-1.9697,0.0,-2.0219,0.65,28.0574,39.8392,23.8332,3.4778,2580.0,24.0,nasa_pcoe,1.4462,-0.0017000000000000348,-0.0038000000000000256,15.839199999999998,1.4528000000000003
B0018,102,1.442,0.7774,3.4046,4.1961,2.7418,0.4404,-1.9774,0.0,-2.016,0.65,27.4398,39.9803,23.7739,3.5355,2607.58,24.0,nasa_pcoe,1.4445,-0.0024999999999999467,-0.004560000000000031,15.9803,1.4543000000000004
B0018,103,1.441,0.7768,3.4005,4.1961,2.7341,0.4406,-1.9838,0.0,-2.0124,0.65,27.6142,40.3201,23.7824,3.4425,2593.35,24.0,nasa_pcoe,1.442,-0.0009999999999998899,-0.0037399999999999877,16.320099999999996,1.4620000000000002
B0018,104,1.4355,0.7738,3.3994,4.1961,2.7289,0.4408,-1.9973,0.0,-2.0109,0.65,27.9727,40.304,23.8334,3.4073,2571.9,24.0,nasa_pcoe,1.441,-0.00550000000000006,-0.0044399999999999995,16.304000000000002,1.4672000000000005
B0018,105,1.4337,0.7729,3.4033,4.196,2.7382,0.441,-1.9913,0.0,-2.0096,0.65,27.7564,39.8293,23.7189,3.5254,2566.02,24.0,nasa_pcoe,1.4355,-0.0018000000000000238,-0.002499999999999991,15.829300000000003,1.4577999999999998
B0018,106,1.4287,0.7702,3.4036,4.196,2.7387,0.4412,-1.9739,0.0,-2.0079,0.65,28.0277,40.2408,23.8672,3.4501,2583.89,24.0,nasa_pcoe,1.4337,-0.004999999999999893,-0.0031599999999999628,16.2408,1.4572999999999996
B0018,107,1.4276,0.7696,3.402,4.1959,2.7409,0.4414,-1.9855,0.0,-2.01,0.65,27.9611,39.9804,23.9041,3.4689,2569.96,24.0,nasa_pcoe,1.4287,-0.001100000000000101,-0.0028799999999999937,15.980400000000003,1.455
B0018,108,1.4239,0.7676,3.393,4.1959,2.7377,0.4416,-1.9718,0.0,-2.0167,0.65,28.1252,40.5384,23.809,3.5747,2557.61,24.0,nasa_pcoe,1.4276,-0.0037000000000000366,-0.003420000000000023,16.538400000000003,1.4582000000000002
B0018,109,1.4239,0.7676,3.4032,4.1959,2.7365,0.4418,-1.9705,0.0,-2.0065,0.65,28.1745,40.4521,23.8823,3.4195,2550.8,24.0,nasa_pcoe,1.4239,0.0,-0.002320000000000011,16.4521,1.4594
B0018,110,1.4163,0.7635,3.3975,4.1958,2.7432,0.442,-1.9913,0.0,-2.0081,0.65,28.0995,40.6798,23.7686,3.4586,2535.39,24.0,nasa_pcoe,1.4239,-0.007600000000000051,-0.0034800000000000165,16.6798,1.4526000000000003
B0018,111,1.4201,0.7656,3.396,4.1958,2.7339,0.4422,-1.9892,0.0,-2.0125,0.65,28.2172,40.2634,23.6383,3.5205,2558.27,24.0,nasa_pcoe,1.4163,0.0038000000000000256,-0.0017200000000000327,16.263399999999997,1.4619
B0018,112,1.4249,0.7681,3.3961,4.1958,2.7482,0.4424,-1.9948,0.0,-2.0025,0.65,28.2442,40.7089,23.7446,3.4933,2566.14,24.0,nasa_pcoe,1.4201,0.0048000000000001375,-0.0005399999999999849,16.7089,1.4476
B0018,113,1.408,0.759,3.3903,4.1957,2.7419,0.4426,-1.9928,0.0,-2.0122,0.65,27.7743,40.9713,23.9391,3.5558,2552.49,24.0,nasa_pcoe,1.4249,-0.016900000000000137,-0.003180000000000005,16.9713,1.4538000000000006
B0018,114,1.4023,0.7559,3.384,4.1957,2.7507,0.4428,-1.9912,0.0,-2.0136,0.65,28.1498,40.7722,23.9786,3.5007,2529.55,24.0,nasa_pcoe,1.408,-0.005699999999999816,-0.004319999999999968,16.772199999999998,1.4450000000000003
B0018,115,1.3978,0.7535,3.3889,4.1956,2.7486,0.443,-1.9741,0.0,-2.013,0.65,28.0592,40.3859,23.6757,3.5942,2514.39,24.0,nasa_pcoe,1.4023,-0.0045000000000001705,-0.0036999999999999924,16.3859,1.4469999999999996
B0018,116,1.3941,0.7516,3.3882,4.1956,2.7548,0.4432,-1.9777,0.0,-2.0122,0.65,28.1735,40.7964,23.922,3.4754,2498.88,24.0,nasa_pcoe,1.3978,-0.0037000000000000366,-0.005200000000000005,16.7964,1.4407999999999999
B0018,117,1.3935,0.7512,3.3859,4.1956,2.744,0.4434,-1.9947,0.0,-2.0184,0.65,28.1356,40.7736,23.9606,3.7171,2513.92,24.0,nasa_pcoe,1.3941,-0.0005999999999999339,-0.006280000000000019,16.773600000000002,1.4515999999999996
B0018,118,1.3812,0.7446,3.3906,4.1955,2.7391,0.4436,-1.9832,0.0,-2.0101,0.65,28.0203,40.4815,23.9423,3.5349,2497.39,24.0,nasa_pcoe,1.3935,-0.012299999999999978,-0.005359999999999987,16.481499999999997,1.4564
B0018,119,1.3822,0.7451,3.3781,4.1955,2.7536,0.4438,-1.9852,0.0,-2.0058,0.65,28.3151,40.6884,23.8739,3.5626,2485.94,24.0,nasa_pcoe,1.3812,0.001000000000000112,-0.004020000000000001,16.6884,1.4419
B0018,120,1.378,0.7429,3.3771,4.1955,2.7354,0.444,-1.9668,0.0,-2.0106,0.65,28.29,40.545,23.847,3.6271,2473.56,24.0,nasa_pcoe,1.3822,-0.004200000000000204,-0.003960000000000008,16.545,1.4601000000000002
B0018,121,1.3724,0.7399,3.3819,4.1954,2.7463,0.4442,-1.9768,0.0,-2.007,0.65,28.5264,40.698,23.8826,3.5197,2483.37,24.0,nasa_pcoe,1.378,-0.005599999999999827,-0.004339999999999966,16.698,1.4491
B0018,122,1.3765,0.7421,3.3805,4.1954,2.7358,0.4444,-1.9663,0.0,-2.0041,0.65,28.1503,40.5262,23.8468,3.577,2474.46,24.0,nasa_pcoe,1.3724,0.0040999999999999925,-0.0033999999999999807,16.526200000000003,1.4596000000000005
B0018,123,1.3663,0.7365,3.3734,4.1953,2.7454,0.4446,-1.9869,0.0,-2.0102,0.65,28.5476,40.9325,23.7576,3.6705,2472.22,24.0,nasa_pcoe,1.3765,-0.010199999999999987,-0.0029799999999999827,16.932499999999997,1.4498999999999995
B0018,124,1.369,0.738,3.3702,4.1953,2.7468,0.4448,-1.9873,0.0,-2.0119,0.65,28.4908,41.2618,23.8605,3.4694,2477.01,24.0,nasa_pcoe,1.3663,0.0026999999999999247,-0.00264000000000002,17.2618,1.4484999999999997
B0018,125,1.3664,0.7366,3.3796,4.1953,2.7379,0.445,-1.9731,0.0,-2.0069,0.65,28.2269,41.1592,23.8874,3.381,2460.22,24.0,nasa_pcoe,1.369,-0.0025999999999999357,-0.0023199999999999666,17.1592,1.4573999999999998
B0018,126,1.3686,0.7378,3.3841,4.1952,2.7488,0.4452,-1.9926,0.0,-2.0068,0.65,28.5141,40.8565,23.7688,3.4318,2468.32,24.0,nasa_pcoe,1.3664,0.0021999999999999797,-0.0007600000000000051,16.856499999999997,1.4463999999999997
B0018,127,1.3597,0.733,3.3755,4.1952,2.7478,0.4454,-1.9763,0.0,-2.0107,0.65,28.2798,40.8261,23.7328,3.342,2455.49,24.0,nasa_pcoe,1.3686,-0.00890000000000013,-0.0033600000000000296,16.826099999999997,1.4474
B0018,128,1.3584,0.7323,3.3759,4.1952,2.7524,0.4456,-2.0004,0.0,-2.0084,0.65,28.6975,40.6769,23.9459,3.4939,2444.04,24.0,nasa_pcoe,1.3597,-0.0012999999999998568,-0.0015800000000000037,16.676900000000003,1.4427999999999996
B0018,129,1.3568,0.7314,3.377,4.1951,2.7496,0.4458,-1.9865,0.0,-2.0085,0.65,28.6529,41.4033,23.8391,3.6194,2431.0,24.0,nasa_pcoe,1.3584,-0.0016000000000000458,-0.0024399999999999977,17.4033,1.4455
B0018,130,1.3533,0.7295,3.376,4.1951,2.7449,0.446,-1.9692,0.0,-2.0113,0.65,28.5839,41.2518,23.8676,3.3824,2454.55,24.0,nasa_pcoe,1.3568,-0.0035000000000000586,-0.0026200000000000225,17.251800000000003,1.4502000000000002
B0018,131,1.3589,0.7326,3.3709,4.195,2.7506,0.4462,-1.985,0.0,-2.0065,0.65,28.7117,41.3873,24.0855,3.459,2446.97,24.0,nasa_pcoe,1.3533,0.005600000000000049,-0.0019400000000000083,17.387300000000003,1.4444000000000004
B0018,132,1.3436,0.7243,3.3784,4.195,2.7424,0.4464,-1.9759,0.0,-2.0118,0.65,28.5693,41.2072,23.821,3.5878,2421.93,24.0,nasa_pcoe,1.3589,-0.015300000000000091,-0.0032200000000000006,17.2072,1.4526000000000003
